,codigo,termo,tipo
0,612510,Abacaxicultor,Sinônimo
1,263105,Abade,Sinônimo
2,263105,Abadessa,Sinônimo
3,622020,Abanador na agricultura,Sinônimo
4,862120,Abastecedor de caldeira,Sinônimo
5,862160,Abastecedor de combustível de aeronave,Sinônimo
6,784205,Abastecedor de linha de produção,Sinônimo
7,784205,Abastecedor de máquinas de linha de produção,Sinônimo
8,632605,Abastecedor de silos de carvão,Sinônimo
9,848505,Abatedor,Ocupação
10,848505,Abatedor em matadouro,Sinônimo
11,632125,Abatedor - na extração de madeira,Sinônimo
12,848505,Abatedor de animais,Sinônimo
13,848505,Abatedor de aves,Sinônimo
14,848505,Abatedor de gado,Sinônimo
15,848505,Abatedor de galinha,Sinônimo
16,848505,Abatedor de porco,Sinônimo
17,613405,Abelheiro,Sinônimo
18,711410,Abridor - nas salinas,Sinônimo
19,761205,Abridor de lã,Sinônimo
20,768125,Acabador de chapéus de palha,Sinônimo
21,766305,Acabador de embalagens (flexíveis e cartotécnicas),Ocupação
22,722305,Acabador de macho - na fundição,Sinônimo
23,716525,Acabador de mármore e granito,Sinônimo
24,722315,Acabador de moldes (fundição),Sinônimo
25,712220,Acabador de pedras,Sinônimo
26,716105,Acabador de superfícies de concreto,Ocupação
27,715205,Acafelador,Sinônimo
28,632405,Açaizeiro,Sinônimo
29,721325,Acepilhador de metais,Sinônimo
30,761240,Acertador de maçaroqueira,Sinônimo
31,516210,Acompanhante de idosos,Sinônimo
32,848510,Açougueiro,Ocupação
33,848520,Açougueiro classificador (exclusive comércio),Sinônimo
34,848525,Açougueiro cortador (exclusive comércio),Sinônimo
35,848515,Açougueiro desossador,Sinônimo
36,848510,Açougueiro retalhista,Sinônimo
37,376205,Acrobata,Ocupação
38,322105,Acupuntor,Sinônimo
39,322105,Acupunturista,Sinônimo
40,261505,Adaptador de obras para teatro; cinema e televisão,Sinônimo
41,141410,Adegueiro,Sinônimo
42,141405,Adeleiro (comércio atacadista),Sinônimo
43,141410,Adeleiro (comércio varejista),Sinônimo
44,623125,Adestrador (eqüinos),Sinônimo
45,623105,Adestrador de animais de trabalho ( asininos e muares),Sinônimo
46,252105,Administrador,Ocupação
47,141505,Administrador (serviço de hospedagem),Sinônimo
48,263105,Administrador apostólico,Sinônimo
49,131210,Administrador de ambulatório,Sinônimo
50,261305,Administrador de arquivos,Sinônimo
51,212305,Administrador de banco de dados,Ocupação
52,141505,Administrador de camping,Sinônimo
53,141715,Administrador de carteiras de câmbio e comércio exterior,Sinônimo
54,141720,Administrador de carteiras de crédito e cobrança,Sinônimo
55,141725,Administrador de carteiras de crédito imobiliário,Sinônimo
56,142405,Administrador de compras,Sinônimo
57,252210,Administrador de contadorias e registros fiscais,Sinônimo
58,510110,Administrador de edifícios,Ocupação
59,252105,Administrador de empresas,Sinônimo
60,141505,Administrador de empresas de hospedagem,Sinônimo
61,141120,Administrador de empresas de pesca,Sinônimo
62,252505,Administrador de fundos e carteiras de investimento,Ocupação
63,131115,Administrador de instituições culturais,Sinônimo
64,252105,Administrador de marketing,Sinônimo
65,142415,Administrador de materiais,Sinônimo
66,252105,Administrador de orçamento,Sinônimo
67,252105,Administrador de patrimônio,Sinônimo
68,252105,Administrador de pequena e média empresa,Sinônimo
69,142210,Administrador de pessoal,Sinônimo
70,252105,Administrador de recursos humanos,Sinônimo
71,252105,Administrador de recursos tecnológicos,Sinônimo
72,212310,Administrador de rede e de sistemas computacionais,Sinônimo
73,212310,Administrador de redes,Ocupação
74,141510,Administrador de refeitório,Sinônimo
75,141510,Administrador de restaurante,Sinônimo
76,212310,Administrador de sistema operacional de rede,Sinônimo
77,212315,Administrador de sistemas computacionais,Sinônimo
78,212315,Administrador de sistemas operacionais,Ocupação
79,212315,Administrador de sistemas operacionais de rede,Sinônimo
80,212320,Administrador em segurança da informação,Ocupação
81,252105,Administrador financeiro,Sinônimo
82,321210,Administrador florestal,Sinônimo
83,252105,Administrador hospitalar,Sinônimo
84,141415,Administrador no comércio de mercadorias,Sinônimo
85,263105,Administrador paroquial,Sinônimo
86,252105,Administrador público,Sinônimo
87,2521,ADMINISTRADORES,Família
88,2123,ADMINISTRADORES DE TECNOLOGIA DA INFORMAÇÃO,Família
89,622020,Adubador,Sinônimo
90,241005,Advogado,Ocupação
91,241030,Advogado (abuso do poder econômico),Sinônimo
92,241030,Advogado (aeroespacial),Sinônimo
93,241030,Advogado (agente de propriedade industrial),Sinônimo
94,241030,Advogado (ambientalista),Sinônimo
95,241030,Advogado (áreas especiais),Ocupação
96,241030,Advogado (biodireito),Sinônimo
97,241030,Advogado (concorrência desleal),Sinônimo
98,241030,Advogado (desportivo),Sinônimo
99,241020,Advogado (direito administrativo),Sinônimo
100,241015,Advogado (direito civil),Ocupação
101,241015,Advogado (direito de família e sucessões),Sinônimo
102,241035,Advogado (direito do trabalho),Ocupação
103,241030,Advogado (direito internacional),Sinônimo
104,241025,Advogado (direito penal),Ocupação
105,241020,Advogado (direito público),Ocupação
106,241030,Advogado (direitos da criança e do adolescente),Sinônimo
107,241030,Advogado (direitos do consumidor),Sinônimo
108,241030,Advogado (energia elétrica),Sinônimo
109,241030,Advogado (propriedade intelectual),Sinônimo
110,241030,Advogado (recursos hídricos e minerais),Sinônimo
111,241030,Advogado (telecomunicações),Sinônimo
112,241015,Advogado civilista,Sinônimo
113,241015,Advogado comercial,Sinônimo
114,241020,Advogado constitucionalista,Sinônimo
115,241015,Advogado contratualista,Sinônimo
116,241025,Advogado criminalista,Sinônimo
117,241205,Advogado da união,Ocupação
118,241010,Advogado de empresa,Ocupação
119,241010,Advogado empresarial,Sinônimo
120,241005,Advogado generalista,Sinônimo
121,241020,Advogado previdenciário,Sinônimo
122,241035,Advogado trabalhista,Sinônimo
123,241020,Advogado tributarista,Sinônimo
124,2410,ADVOGADOS,Família
125,241030,Advogados (direito eletrônico),Sinônimo
126,511105,Aeromoça,Sinônimo
127,721315,Afiador - na fabricação,Sinônimo
128,721310,Afiador ambulante,Sinônimo
129,721315,Afiador de brocas e coroas,Sinônimo
130,721305,Afiador de cardas,Ocupação
131,721310,Afiador de cutelaria,Ocupação
132,721310,Afiador de facas,Sinônimo
133,721310,Afiador de facas ( inclusive ambulante),Sinônimo
134,721315,Afiador de ferramentas,Ocupação
135,721320,Afiador de lâminas,Sinônimo
136,721320,Afiador de serras,Ocupação
137,721315,Afiador de talhadeira,Sinônimo
138,721310,Afiador de tesouras ( inclusive ambulante),Sinônimo
139,721320,Afiador e laminador de serras,Sinônimo
140,721315,Afiador manual,Sinônimo
141,721315,Afiador; a máquina,Sinônimo
142,7213,AFIADORES E POLIDORES DE METAIS,Família
143,742105,Afinador de instrumentos musicais,Ocupação
144,914425,Afinador de motores a diesel,Sinônimo
145,911120,Afinador de motores diesel (exceto de veículos automotores),Sinônimo
146,915210,Afinador de piano,Sinônimo
147,725010,Afinador mecânico,Sinônimo
148,342120,Afretador,Ocupação
149,263105,Agaipi,Sinônimo
150,263115,Agbá,Sinônimo
151,263105,Agbagigan,Sinônimo
152,342120,Agenciador de cargas,Sinônimo
153,253140,Agenciador de propaganda,Ocupação
154,253140,Agenciador de publicidade,Sinônimo
155,411010,Agente administrativo,Sinônimo
156,410105,Agente administrativo supervisor,Sinônimo
157,515105,Agente comunitário de saúde,Ocupação
158,517335,Agente da guarda portuária,Sinônimo
159,515310,Agente de ação social,Ocupação
160,515325,Agente de apoio socioeducativo,Sinônimo
161,342120,Agente de carga,Sinônimo
162,424105,Agente de coleta ( censo e pesquisas amostrais),Sinônimo
163,514205,Agente de coleta de lixo,Sinônimo
164,420120,Agente de coleta supervisor,Sinônimo
165,515140,Agente de combate às endemias,Ocupação
166,342105,Agente de comércio exterior,Sinônimo
167,515140,Agente de controle de vetores,Sinônimo
168,515140,Agente de contrrole de dengue,Sinônimo
169,352205,Agente de defesa ambiental,Ocupação
170,352405,Agente de direitos autorais,Ocupação
171,342405,Agente de estação (ferrovia e metrô),Ocupação
172,783105,Agente de estação (manobras),Sinônimo
173,342605,Agente de estação portuária,Sinônimo
174,352205,Agente de fiscalização ambiental,Sinônimo
175,254310,Agente de higiene e segurança,Ocupação
176,391205,Agente de inspeção (qualidade),Sinônimo
177,352205,Agente de inspeção de pesca,Sinônimo
178,351905,Agente de inteligência,Ocupação
179,517110,Agente de investigação de incêndio,Sinônimo
180,351805,Agente de investigação privada,Sinônimo
181,215105,Agente de manobra e docagem,Ocupação
182,914305,Agente de manutenção de veículos ferroviários,Sinônimo
183,411050,Agente de microcrédito,Ocupação
184,411050,Agente de microfinanças,Sinônimo
185,141605,Agente de navio - no transporte marítimo,Sinônimo
186,334110,Agente de organização escolar,Sinônimo
187,421120,Agente de passagens,Sinônimo
188,421120,Agente de passagens aéreas,Sinônimo
189,263105,Agente de pastoral,Sinônimo
190,783105,Agente de pátio,Ocupação
191,342405,Agente de pátio e terminais (ferrovia e metrô),Sinônimo
192,424105,Agente de pesquisa,Sinônimo
193,517205,Agente de polícia federal,Ocupação
194,517415,Agente de portaria,Sinônimo
195,342550,Agente de proteção de aviação civil,Ocupação
196,515310,Agente de proteção social,Sinônimo
197,515310,Agente de proteção social de rua,Sinônimo
198,351315,Agente de recrutamento e seleção,Ocupação
199,421120,Agente de reserva de passagens aéreas,Sinônimo
200,421120,Agente de reserva de passagens rodoviárias,Sinônimo
201,354810,Agente de reservas,Sinônimo
202,352210,Agente de saneamento,Sinônimo
203,515105,Agente de saúde,Sinônimo
204,352210,Agente de saúde pública,Ocupação
205,517310,Agente de segurança,Ocupação
206,517330,Agente de segurança ferroviária,Sinônimo
207,517315,Agente de segurança penitenciária,Ocupação
208,515325,Agente de segurança socioeducativa,Sinônimo
209,511205,Agente de serviços de fiscalização de transportes coletivos e licenciamento de veículos   Sinônimo,
210,422105,Agente de tráfego,Sinônimo
211,517220,Agente de trânsito,Ocupação
212,342120,Agente de transporte,Sinônimo
213,517220,Agente de transporte e trânsito,Sinônimo
214,421120,Agente de venda de passagens,Sinônimo
215,354120,Agente de vendas de serviços,Ocupação
216,354815,Agente de viagem,Ocupação
217,951320,Agente de vistoria de alarmes,Sinônimo
218,515325,Agente educacional,Sinônimo
219,334110,Agente educador,Sinônimo
220,352315,Agente fiscal metrológico,Ocupação
221,352320,Agente fiscal têxtil,Ocupação
222,254505,Agente fiscal(atividades urbanas),Sinônimo
223,516505,Agente funerário,Ocupação
224,516505,Agente funerário - tanatopraxista,Sinônimo
225,515130,Agente indígena de saneamento,Ocupação
226,515125,Agente indígena de saúde,Ocupação
227,421110,Agente operacional de estação,Sinônimo
228,517315,Agente penitenciário,Sinônimo
229,351810,Agente policial,Sinônimo
230,342310,Agente rodoviário,Sinônimo
231,352210,Agente sanitarista,Sinônimo
232,515310,Agente social,Sinônimo
233,351910,Agente técnico de inteligência,Ocupação
234,862205,Agente técnico de operação na captação; tratamento e distribuição de água,Sinônimo
235,254505,Agente vistor,Sinônimo
236,3523,AGENTES FISCAIS METROLÓGICOS E DE QUALIDADE,Família
237,3522,AGENTES DA SAÚDE E DO MEIO AMBIENTE,Família
238,3518,AGENTES DE INVESTIGAÇÃO E IDENTIFICAÇÃO,Família
239,4110,AGENTES; ASSISTENTES E AUXILIARES ADMINISTRATIVOS,Família
240,263105,Agonjaí,Sinônimo
241,621005,Agregado - na agropecuária,Sinônimo
242,612005,Agricultor familiar polivalente,Sinônimo
243,612110,Agricultor na produção da cana-de-açúcar,Sinônimo
244,612105,Agricultor na produção de arroz,Sinônimo
245,612120,Agricultor na produção de gramíneas forrageiras,Sinônimo
246,612125,Agricultor na produção de milho e sorgo,Sinônimo
247,612005,Agricultor polivalente,Sinônimo
248,612005,Agricultor polivalente - conta própria,Sinônimo
249,612005,Agricultor polivalente - empregador,Sinônimo
250,214805,Agrimensor,Sinônimo
251,222110,Agrônomo,Sinônimo
252,611005,Agropecuarista,Sinônimo
253,203025,Agrostólogo,Sinônimo
254,321105,Agrotécnico,Sinônimo
255,841705,Aguardenteiro (fabricação),Sinônimo
256,722105,Aguilhoeiro,Sinônimo
257,722215,Ajudante de acabamento de fundição,Sinônimo
258,848510,Ajudante de açougueiro (comércio),Sinônimo
259,721320,Ajudante de afiação de serras,Sinônimo
260,721315,Ajudante de afiador,Sinônimo
261,823235,Ajudante de banhos (vidros),Sinônimo
262,623110,Ajudante de boiadeiro,Sinônimo
263,712120,Ajudante de britador,Sinônimo
264,516110,Ajudante de cabeleireiro,Sinônimo
265,732110,Ajudante de cabista,Sinônimo
266,715205,Ajudante de calceteiro,Sinônimo
267,783225,Ajudante de carga e descarga de mercadoria,Sinônimo
268,632615,Ajudante de carvoaria,Ocupação
269,513505,Ajudante de churrasqueiro,Sinônimo
270,772105,Ajudante de classificador de madeira,Sinônimo
271,763125,Ajudante de confecção,Ocupação
272,513505,Ajudante de confeiteiro,Sinônimo
273,513505,Ajudante de cozinha,Sinônimo
274,632120,Ajudante de derrubada,Sinônimo
275,342205,Ajudante de despachante aduaneiro,Ocupação
276,342205,Ajudante de despachante alfandegário,Sinônimo
277,811615,Ajudante de destilação de amônia,Sinônimo
278,715615,Ajudante de eletricista,Sinônimo
279,784105,Ajudante de embalador,Sinônimo
280,783220,Ajudante de embarque de carga,Sinônimo
281,784105,Ajudante de encaixotador,Sinônimo
282,784125,Ajudante de enfardamento,Sinônimo
283,784120,Ajudante de engarrafamento,Sinônimo
284,784110,Ajudante de ensacador; a máquina,Sinônimo
285,415215,Ajudante de entregador de publicações,Sinônimo
286,841440,Ajudante de esterilização (indústria alimentícia),Sinônimo
287,724220,Ajudante de estruturas metálicas,Sinônimo
288,772115,Ajudante de estufador (madeira),Sinônimo
289,811430,Ajudante de evaporador na destilação,Sinônimo
290,823210,Ajudante de extrusão de fibras de vidro,Sinônimo
291,828110,Ajudante de fábrica de tijolos,Sinônimo
292,841745,Ajudante de fabricação - na indústria de bebidas,Sinônimo
293,831125,Ajudante de fabricação de celulose,Sinônimo
294,521130,Ajudante de farmácia,Sinônimo
295,811330,Ajudante de filtrador (filtro-prensa),Sinônimo
296,722105,Ajudante de forjador,Sinônimo
297,821205,Ajudante de forneiro,Sinônimo
298,722205,Ajudante de fundidor,Sinônimo
299,724130,Ajudante de gasista,Sinônimo
300,782205,Ajudante de guincheiro,Sinônimo
301,766220,Ajudante de impressor de formulários contínuos,Sinônimo
302,752230,Ajudante de lapidador (vidros),Sinônimo
303,519935,Ajudante de lavador de automóvel,Sinônimo
304,516315,Ajudante de lavador de tapetes,Sinônimo
305,516315,Ajudante de lavanderia de artefatos da tapeçaria,Sinônimo
306,722210,Ajudante de lingotamento,Sinônimo
307,919105,Ajudante de lubrificação (indústria),Sinônimo
308,775115,Ajudante de lustrador,Sinônimo
309,722305,Ajudante de macheiro,Sinônimo
310,914105,Ajudante de manutenção de aeronave,Sinônimo
311,782625,Ajudante de maquinista de trem,Sinônimo
312,717010,Ajudante de marteleteiro,Sinônimo
313,711130,Ajudante de mineiro,Sinônimo
314,766125,Ajudante de montagem e fotolito,Sinônimo
315,783225,Ajudante de motorista,Ocupação
316,717020,Ajudante de obras,Sinônimo
317,828110,Ajudante de oleiro,Sinônimo
318,783220,Ajudante de operação portuária,Sinônimo
319,811305,Ajudante de operador de centrífugas,Sinônimo
320,782205,Ajudante de operador de guincho,Sinônimo
321,773340,Ajudante de operador de serra,Sinônimo
322,513505,Ajudante de padeiro,Sinônimo
323,848315,Ajudante de pasteleiro,Sinônimo
324,821445,Ajudante de pátio de sucata,Sinônimo
325,716610,Ajudante de pintor,Sinônimo
326,723330,Ajudante de pintor à pistola,Sinônimo
327,723330,Ajudante de pintor de móveis,Sinônimo
328,723330,Ajudante de pintor de produção,Sinônimo
329,513505,Ajudante de pizzaiolo,Sinônimo
330,519935,Ajudante de polidor de veículos,Sinônimo
331,721325,Ajudante de polimento,Sinônimo
332,722235,Ajudante de preparador de lingotamento,Sinônimo
333,841745,Ajudante de produção - na indústria de bebidas,Sinônimo
334,841448,Ajudante de produção de óleos vegetais - na ind. Alimentar,Sinônimo
335,848210,Ajudante de queijeiro,Sinônimo
336,821450,Ajudante de rebarbação (metais),Sinônimo
337,632125,Ajudante de reflorestamento,Sinônimo
338,732130,Ajudante de reparador (telecomunicações),Sinônimo
339,717020,Ajudante de saneamento,Sinônimo
340,773340,Ajudante de serrador,Sinônimo
341,724440,Ajudante de serralheiro,Sinônimo
342,622020,Ajudante de serviço de (aplicação de produtos agroquímicos),Sinônimo
343,513505,Ajudante de sushiman,Sinônimo
344,841745,Ajudante de tratamento de preparo de xarope,Sinônimo
345,623110,Ajudante de vaqueiro,Sinônimo
346,841745,Ajudante xaropeiro,Sinônimo
347,513435,Ajudante; auxiliar de bar,Sinônimo
348,513435,Ajudante; auxiliar de lanchonete,Sinônimo
349,914105,Ajudante; auxiliar de mecânico de avião,Sinônimo
350,7170,AJUDANTES DE OBRAS CIVIS,Família
351,632305,Ajuntador de andiroba,Sinônimo
352,632320,Ajuntador de buriti,Sinônimo
353,632355,Ajuntador de ouricuri,Sinônimo
354,725020,Ajustador de agulhas,Sinônimo
355,715535,Ajustador de fôrmas (concreto),Sinônimo
356,741105,Ajustador de instrumentos de precisão,Ocupação
357,911305,Ajustador de máquinas de embalagem,Sinônimo
358,725010,Ajustador de oficina de cilindros,Sinônimo
359,821450,Ajustador de rebarbador,Sinônimo
360,725010,Ajustador de válvulas,Sinônimo
361,725005,Ajustador ferramenteiro,Ocupação
362,725020,Ajustador limador de fresas,Sinônimo
363,725020,Ajustador limador de tornos,Sinônimo
364,725010,Ajustador mecânico,Ocupação
365,725015,Ajustador mecânico (usinagem em bancada e em máquinas-ferramentas)   Ocupação,
366,725010,Ajustador mecânico de ferramentas,Sinônimo
367,725010,Ajustador mecânico de manutenção,Sinônimo
368,725020,Ajustador mecânico em bancada,Ocupação
369,725025,Ajustador naval (reparo e construção),Ocupação
370,263105,Alabê,Sinônimo
371,841705,Alambiqueiro,Ocupação
372,722415,Alambrador - na fabricação de arame,Sinônimo
373,263105,Alapini,Sinônimo
374,263105,Alayan,Sinônimo
375,811405,Alcatroeiro,Sinônimo
376,225110,Alergista,Sinônimo
377,225110,Alergista e imunologista,Sinônimo
378,225110,Alergologista,Sinônimo
379,612315,Alfaceiro,Sinônimo
380,763005,Alfaiate,Ocupação
381,763005,Alfaite modelista,Sinônimo
382,141405,Alfarrabista,Sinônimo
383,141410,Alfarrabista (comércio varejista),Sinônimo
384,848310,Alfeloeiro,Sinônimo
385,141405,Alheiro (comércio atacadista),Sinônimo
386,141410,Alheiro (comércio varejista),Sinônimo
387,263115,Álim,Sinônimo
388,784205,Alimentador de esteiras (preparação de alimentos e bebidas),Sinônimo
389,784205,Alimentador de linha de produção,Ocupação
390,784205,Alimentador de máquina automática,Sinônimo
391,631325,Alimentador de peixe,Sinônimo
392,766220,Alimentador de rotativas,Sinônimo
393,773130,Alimentador de serra de fita,Sinônimo
394,7842,ALIMENTADORES DE LINHAS DE PRODUÇÃO,Família
395,992105,Alinhador de pneus,Ocupação
396,914405,Alinhador de rodas,Sinônimo
397,721325,Alisador de metal,Sinônimo
398,010115,Almirante,Sinônimo
399,010115,Almirante-de-esquadra,Sinônimo
400,414105,Almoxarife,Ocupação
401,4141,ALMOXARIFES E ARMAZENISTAS,Família
402,141410,Alugador (comerciante varejista),Sinônimo
403,715230,Alvanel,Sinônimo
404,715230,Alvaner,Sinônimo
405,761405,Alvejador (tecidos),Ocupação
406,311725,Alvejador de couros,Sinônimo
407,311725,Alvejador de sola,Sinônimo
408,762335,Amaciador de couros e peles,Sinônimo
409,623005,Amansador,Sinônimo
410,632210,Amapateiro,Sinônimo
411,784105,Amarrador de embalagens,Sinônimo
412,772105,Amarrador de madeira,Sinônimo
413,632365,Amarrador de piaçava,Sinônimo
414,828110,Amassador - em olaria,Sinônimo
415,262905,Ambientador,Sinônimo
416,524305,Ambulante,Sinônimo
417,623005,Amestrador,Sinônimo
418,721315,Amolador - na fabricação,Sinônimo
419,721310,Amolador ambulante,Sinônimo
420,721315,Amolador de cilindros,Sinônimo
421,721310,Amolador de cutelaria,Sinônimo
422,721310,Amolador de facas,Sinônimo
423,721315,Amolador de ferramentas,Sinônimo
424,721305,Amolador de guarnição - na fabricação têxtil,Sinônimo
425,721320,Amolador de serras,Sinônimo
426,721315,Amolador de talhadeira,Sinônimo
427,721310,Amolador de tesouras ( inclusive ambulante),Sinônimo
428,711105,Amostrador de minérios,Ocupação
429,211205,Amostrista,Sinônimo
430,711130,Amostrista de minérios,Sinônimo
431,752115,Ampoleiro,Sinônimo
432,823245,Ampoleiro (jarras e garrafas térmicas),Sinônimo
433,313315,Analisador de tráfego telefônico,Sinônimo
434,251550,Analista (psicanálise),Sinônimo
435,252105,Analista administrativo,Sinônimo
436,251210,Analista agroindustrial (economista),Sinônimo
437,352205,Analista ambiental,Sinônimo
438,252210,Analista contábil,Sinônimo
439,251210,Analista de agronegócios (economista),Sinônimo
440,212315,Analista de aplicativo básico (software),Sinônimo
441,301110,Analista de areias em fundição,Sinônimo
442,252210,Analista de balanço,Sinônimo
443,251220,Analista de cadeias produtivas (economista),Sinônimo
444,252510,Analista de câmbio,Ocupação
445,421310,Analista de cobrança,Sinônimo
446,252515,Analista de cobrança (instituições financeiras),Ocupação
447,212410,Analista de comunicação (teleprocessamento),Sinônimo
448,252210,Analista de contabilidade,Sinônimo
449,252210,Analista de contas,Sinônimo
450,252210,Analista de contas a pagar,Sinônimo
451,391210,Analista de controle de qualidade,Sinônimo
452,251225,Analista de controle e gestão (economista),Sinônimo
453,251215,Analista de controle orçamentário (economista),Sinônimo
454,251215,Analista de crédito (economista),Sinônimo
455,252525,Analista de crédito (instituições financeiras),Ocupação
456,252530,Analista de crédito rural,Ocupação
457,252210,Analista de custos,Sinônimo
458,212405,Analista de desenvolvimento de sistemas,Ocupação
459,251235,Analista de desenvolvimento regional (economista),Sinônimo
460,261210,Analista de documentação,Sinônimo
461,251230,Analista de ecodesenvolvimento (economista),Sinônimo
462,251205,Analista de economia internacional,Sinônimo
463,311520,Analista de estação de tratamento de efluentes,Sinônimo
464,142335,Analista de estudos de mercado,Sinônimo
465,251205,Analista de estudos econômicos,Sinônimo
466,354305,Analista de exportação e importação,Ocupação
467,251225,Analista de finanças públicas (economista),Sinônimo
468,413105,Analista de folha de pagamento,Ocupação
469,251215,Analista de fundos de investimento,Sinônimo
470,261215,Analista de informações (pesquisador de informações de rede),Ocupação
471,142335,Analista de informações de mercado,Sinônimo
472,142335,Analista de inteligência de mercado,Sinônimo
473,391210,Analista de laboratório de controle de qualidade,Sinônimo
474,311105,Analista de laboratório químico,Sinônimo
475,301115,Analista de laboratório químico (petróleo),Sinônimo
476,252535,Analista de leasing,Ocupação
477,391115,Analista de logística (técnico de nível médio),Sinônimo
478,342125,Analista de logística de transporte,Sinônimo
479,142335,Analista de marketing,Sinônimo
480,251230,Analista de meio ambiente (economista),Sinônimo
481,142335,Analista de mercado,Sinônimo
482,251210,Analista de mercado agrícola (economista),Sinônimo
483,251205,Analista de mercado de trabalho (economista),Sinônimo
484,251205,Analista de mercado e produtos (economista),Sinônimo
485,251220,Analista de mercado industrial (economista),Sinônimo
486,251205,Analista de mercado internacional,Sinônimo
487,251205,Analista de mercadologia (economista),Sinônimo
488,221105,Analista de micróbios,Sinônimo
489,142330,Analista de negócios,Ocupação
490,252405,Analista de ocupações,Sinônimo
491,142335,Analista de pesquisa de mercado,Ocupação
492,211110,Analista de pesquisa operacional,Sinônimo
493,111510,Analista de planejamento e orçamento - apo,Ocupação
494,252545,Analista de planejamento financeiro,Sinônimo
495,251225,Analista de políticas públicas (economista),Sinônimo
496,251210,Analista de produto agropecuário (economista),Sinônimo
497,251220,Analista de produto industrial (economista),Sinônimo
498,252540,Analista de produtos bancários,Ocupação
499,311105,Analista de produtos químicos,Sinônimo
500,251220,Analista de projetos industriais (economista),Sinônimo
501,214270,Analista de projetos viários,Sinônimo
502,252405,Analista de recursos humanos,Ocupação
503,251230,Analista de recursos naturais (economista),Sinônimo
504,212410,Analista de rede,Sinônimo
505,212410,Analista de redes e de comunicação de dados,Ocupação
506,351705,Analista de seguros (técnico),Ocupação
507,351710,Analista de sinistros,Ocupação
508,212405,Analista de sistemas (informática),Sinônimo
509,212415,Analista de sistemas de automação,Ocupação
510,212405,Analista de sistemas para internet,Sinônimo
511,212405,Analista de sistemas web (webmaster),Sinônimo
512,251215,Analista de subscrição de títulos,Sinônimo
513,242910,Analista de suporte à inteligência ( grupo apoio),Sinônimo
514,212420,Analista de suporte computacional,Ocupação
515,212420,Analista de suporte de banco de dados,Sinônimo
516,212420,Analista de suporte de sistema,Sinônimo
517,212420,Analista de suporte técnico,Sinônimo
518,212410,Analista de telecomunicação,Sinônimo
519,214270,Analista de tráfego,Sinônimo
520,342110,Analista de transporte multimodal,Sinônimo
521,214270,Analista de transportes e trânsito,Sinônimo
522,311105,Analista de tratamento de água,Sinônimo
523,122520,Analista de turismo (turismólogo),Sinônimo
524,251205,Analista econômico,Sinônimo
525,251215,Analista econômico-financeiro,Sinônimo
526,212320,Analista em segurança da informação,Sinônimo
527,251215,Analista financeiro (economista),Sinônimo
528,252545,Analista financeiro (instituições financeiras),Ocupação
529,251225,Analista fiscal (economista),Sinônimo
530,516805,Analista kirlian,Sinônimo
531,311105,Analista químico,Sinônimo
532,301115,Analista químico (petróleo),Sinônimo
533,351705,Analista técnico de seguros,Sinônimo
534,351710,Analista técnico de sinistros,Sinônimo
535,242910,Analista técnico em inteligência (grupo informações),Sinônimo
536,251225,Analista tributário (economista),Sinônimo
537,3543,ANALISTAS DE COMÉRCIO EXTERIOR,Família
538,352205,Analistas de projetos ambientais,Sinônimo
539,2124,ANALISTAS DE TECNOLOGIA DA INFORMAÇÃO,Família
540,263105,Ancião,Sinônimo
541,261705,Âncora de rádio e televisão,Ocupação
542,225285,Andrologista,Sinônimo
543,225151,Anestesiologista,Sinônimo
544,225151,Anestesista,Sinônimo
545,376325,Animador de circo,Sinônimo
546,376305,Animador de eventos,Sinônimo
547,376310,Animador de festas populares,Sinônimo
548,376315,Animador de rádio,Sinônimo
549,376320,Animador de televisão,Sinônimo
550,723235,Anodizador e anodizador de metais,Sinônimo
551,377225,Anotador (futebol de salão),Sinônimo
552,377230,Anotador (judô),Sinônimo
553,377235,Anotador (karatê),Sinônimo
554,519940,Anotador de consumo de energia elétrica; água e gás,Sinônimo
555,414205,Anotador de mão-de-obra,Sinônimo
556,414205,Anotador de pessoal,Sinônimo
557,377235,Anotador de pontuação (karatê),Sinônimo
558,414210,Anotador de processo de produção,Sinônimo
559,414210,Anotador de produção,Sinônimo
560,954210,Antenista,Sinônimo
561,141405,Antiquário (comércio atacadista),Sinônimo
562,141410,Antiquário comércio varejista,Sinônimo
563,251105,Antropólogo,Ocupação
564,622020,Apanhador - na cultura,Sinônimo
565,622205,Apanhador de algodão,Sinônimo
566,632310,Apanhador de babaçu,Sinônimo
567,632315,Apanhador de bacaba,Sinônimo
568,632320,Apanhador de buriti,Sinônimo
569,622610,Apanhador de café,Sinônimo
570,632325,Aparador - na extração da carnaúba,Sinônimo
571,632335,Aparador de óleo de copaíba,Sinônimo
572,712220,Aparelhador de pedra (mármore),Sinônimo
573,711115,Aparelhador de pedra (mina),Sinônimo
574,623115,Apartador de gado,Sinônimo
575,613405,Apicultor,Ocupação
576,613405,Apicultor - empregador,Sinônimo
577,623410,Apicultor - exclusive conta própria e empregador,Sinônimo
578,712205,Aplainador de mármore,Sinônimo
579,622020,Aplicador agrícola,Sinônimo
580,715705,Aplicador de asfalto impermeabilizante (coberturas),Ocupação
581,752405,Aplicador de decalque em cerâmica,Sinônimo
582,752405,Aplicador de impressos em cerâmica,Sinônimo
583,519910,Aplicador de inseticida,Sinônimo
584,715705,Aplicador de isolante (coberturas),Sinônimo
585,715715,Aplicador de isolante térmico,Sinônimo
586,715720,Aplicador de material isolante em caldeiras e tubulações,Sinônimo
587,716520,Aplicador de resinas em pisos,Sinônimo
588,766205,Aplicador de serigrafia,Sinônimo
589,766205,Aplicador de silkscreen,Sinônimo
590,766205,Aplicador de silkscreen; à máquina,Sinônimo
591,716520,Aplicador de sinteco e bona,Sinônimo
592,752205,Aplicador serigráfico em vidros,Ocupação
593,7157,APLICADORES DE MATERIAIS ISOLANTES,Família
594,7165,APLICADORES DE REVESTIMENTOS CERÂMICOS; PASTILHAS; PEDRAS E MADEIRAS   Família,
595,377245,Apontador (vôlei),Sinônimo
596,764210,Apontador de bicos (calçados),Sinônimo
597,414210,Apontador de campo,Sinônimo
598,411030,Apontador de cartões de ponto,Sinônimo
599,414205,Apontador de mão-de-obra,Ocupação
600,414205,Apontador de obras,Sinônimo
601,414205,Apontador de pessoal,Sinônimo
602,414210,Apontador de produção,Ocupação
603,391110,Apontador de tempo (produção),Sinônimo
604,414210,Apontador industrial,Sinônimo
605,4142,APONTADORES E CONFERENTES,Família
606,263105,Apóstolo,Sinônimo
607,848315,Aprendiz de macarroneiro,Sinônimo
608,911305,Aprendiz de mecânica de manutenção,Sinônimo
609,725010,Aprendiz de mecânico ajustador,Sinônimo
610,376325,Apresentador animador de circo,Sinônimo
611,376305,Apresentador animador de eventos,Sinônimo
612,376310,Apresentador animador de festas populares,Sinônimo
613,376315,Apresentador animador de programas de rádio,Sinônimo
614,376320,Apresentador animador de programas de televisão,Sinônimo
615,376325,Apresentador de circo,Ocupação
616,376305,Apresentador de convenções,Sinônimo
617,376305,Apresentador de espetáculos,Sinônimo
618,376305,Apresentador de eventos,Ocupação
619,376310,Apresentador de festas populares,Ocupação
620,376320,Apresentador de programas de televisão,Ocupação
621,261705,Apresentador de rádio e televisão,Sinônimo
622,376320,Apresentador de telejornal,Sinônimo
623,3763,APRESENTADORES DE EVENTOS; PROGRAMAS E ESPETÁCULOS,Família
624,414205,Apropriador de mão-de-obra,Sinônimo
625,262405,Aquarelista,Sinônimo
626,641015,Arador,Sinônimo
627,722415,Aramador - na fabricação de arame,Sinônimo
628,621005,Arameiro (colocador de arames),Sinônimo
629,376230,Aramista (equilibrista),Sinônimo
630,377220,Árbitro assistente (futebol),Sinônimo
631,377220,Árbitro central (futebol),Sinônimo
632,377230,Árbitro central (judô),Sinônimo
633,377235,Árbitro central (karatê),Sinônimo
634,377235,Árbitro chefe de área (karatê),Sinônimo
635,377210,Árbitro de atletismo,Ocupação
636,377215,Árbitro de basquete,Ocupação
637,377215,Árbitro de basquetebol,Sinônimo
638,377220,Árbitro de futebol,Ocupação
639,377225,Árbitro de futebol de salão,Ocupação
640,377225,Árbitro de futsal,Sinônimo
641,377230,Árbitro de judô,Ocupação
642,377235,Árbitro de karatê,Ocupação
643,377240,Árbitro de poló aquático,Ocupação
644,377245,Árbitro de vôlei,Ocupação
645,251205,Árbitro econômico,Sinônimo
646,377210,Árbitro geral de campo,Sinônimo
647,377210,Árbitro geral de pista,Sinônimo
648,377210,Árbitro geral de provas fora do estádio,Sinônimo
649,377230,Árbitro lateral (judô),Sinônimo
650,377215,Árbitro reserva (basquete),Sinônimo
651,377220,Árbitro reserva (futebol),Sinônimo
652,377235,Árbitro reserva (karatê),Sinônimo
653,3772,ÁRBITROS DESPORTIVOS,Família
654,141405,Arborário,Sinônimo
655,263105,Arcebispo,Sinônimo
656,263105,Arcipreste,Sinônimo
657,261505,Argumentista-roteirista de história em quadrinhos,Sinônimo
658,764210,Armador de calçados,Sinônimo
659,715305,Armador de estrutura de concreto,Ocupação
660,715315,Armador de estrutura de concreto armado,Ocupação
661,715315,Armador de ferragens na construção civil,Sinônimo
662,715315,Armador de ferros,Sinônimo
663,724105,Armador de manilhas,Sinônimo
664,776420,Armador de móveis de vime,Sinônimo
665,715530,Armador de telhados,Sinônimo
666,141405,Armarinheiro (comércio atacadista),Sinônimo
667,141410,Armarinheiro (comércio varejista),Sinônimo
668,141405,Armazenário (comércio atacadista),Sinônimo
669,141410,Armazenário (comércio varejista),Sinônimo
670,141405,Armeiro (comércio atacadista),Sinônimo
671,141410,Armeiro (comércio varejista),Sinônimo
672,325010,Aromista,Ocupação
673,724440,Arqueador,Sinônimo
674,724440,Arqueador de molas,Sinônimo
675,724440,Arqueador e temperador de molas,Sinônimo
676,251110,Arqueólogo,Ocupação
677,214120,Arquiteto da paisagem,Sinônimo
678,214105,Arquiteto de edificações,Ocupação
679,214110,Arquiteto de interiores,Ocupação
680,214115,Arquiteto de patrimônio,Ocupação
681,214115,Arquiteto de restauro,Sinônimo
682,214120,Arquiteto paisagista,Ocupação
683,214115,Arquiteto restaurador,Sinônimo
684,214125,Arquiteto urbanista,Ocupação
685,2141,ARQUITETOS E URBANISTAS,Família
686,415105,Arquivador,Sinônimo
687,261305,Arquivista,Ocupação
688,415105,Arquivista de documentos,Ocupação
689,261105,Arquivista pesquisador (jornalismo),Ocupação
690,2613,ARQUIVISTAS E MUSEÓLOGOS,Família
691,623015,Arraçoador (pecuária polivalente),Sinônimo
692,631305,Arraçoador de camarões,Sinônimo
693,631325,Arraçoador de peixe,Sinônimo
694,622020,Arrancador - na cultura,Sinônimo
695,632125,Arrastador de árvores,Sinônimo
696,782810,Arreador,Sinônimo
697,848520,Arreador em matadouro,Sinônimo
698,623110,Arrebanhador,Sinônimo
699,768325,Arreeiro de couro - na fabricação,Sinônimo
700,768325,Arreeiro na fabricação,Sinônimo
701,763305,Arrematadeira,Ocupação
702,812105,Arrematador de fogos,Sinônimo
703,354205,Arrematador; no comércio,Sinônimo
704,613005,Arrendatário (pecuária),Sinônimo
705,621005,Arrendatário - na agropecuária,Sinônimo
706,611005,Arrendatário na agropecuária,Sinônimo
707,612005,Arrendatário polivalente,Sinônimo
708,761230,Arriador de filatório,Sinônimo
709,782810,Arrieiro,Sinônimo
710,784120,Arrolhador,Sinônimo
711,141405,Arrombador (comércio de gado),Sinônimo
712,141405,Arrombador - no comércio de gado - empregador,Sinônimo
713,612105,Arrozeiro,Sinônimo
714,141410,Arrozeiro (comércio),Sinônimo
715,622105,Arrozeiro - na cultura - conta própria,Sinônimo
716,622610,Arruador de café,Sinônimo
717,513315,Arrumadeira de hotel,Sinônimo
718,513315,Arrumador de hotel,Sinônimo
719,521125,Arrumador de prateleiras - em supermercados,Sinônimo
720,512110,Arrumador no serviço doméstico,Sinônimo
721,515305,Arte educador,Sinônimo
722,766120,Arte-finalista,Sinônimo
723,318405,Arte-finalista (desenhista técnico de artes gráficas),Sinônimo
724,262405,Artesão (artista visual),Sinônimo
725,791105,Artesão bordador,Ocupação
726,791110,Artesão ceramista,Ocupação
727,791115,Artesão com material reciclável,Ocupação
728,791120,Artesão confeccionador de biojóias e ecojóias,Ocupação
729,791150,Artesão crocheteiro,Ocupação
730,791125,Artesão do couro,Ocupação
731,791130,Artesão escultor,Ocupação
732,752105,Artesão modelador (vidros),Ocupação
733,791135,Artesão moveleiro (exceto reciclado),Ocupação
734,791160,Artesão rendeiro,Ocupação
735,791140,Artesão tecelão,Ocupação
736,791145,Artesão trançador,Ocupação
737,791155,Artesão tricoteiro,Ocupação
738,7911,ARTESÃOS,Família
739,7511,ARTESÃOS DE METAIS PRECIOSOS E SEMI-PRECIOSOS,Família
740,226310,Arteterapeuta,Ocupação
741,914305,Artífice de manutenção,Sinônimo
742,773110,Artífice de serra,Sinônimo
743,776420,Artífice de vime,Sinônimo
744,768305,Artífice do couro,Ocupação
745,376210,Artista aéreo,Ocupação
746,262505,Artista de cinema,Sinônimo
747,376215,Artista de circo (outros),Ocupação
748,376210,Artista de corda,Sinônimo
749,376210,Artista de força capilar,Sinônimo
750,376210,Artista de lira,Sinônimo
751,262505,Artista de rádio,Sinônimo
752,262505,Artista de teatro,Sinônimo
753,262505,Artista de televisão,Sinônimo
754,262505,Artista dramático,Sinônimo
755,262405,Artista plástico,Sinônimo
756,2628,ARTISTAS DA DANÇA (EXCETO DANÇA TRADICIONAL E POPULAR),Família
757,3762,ARTISTAS DE CIRCO (CIRCENSES),Família
758,2624,ARTISTAS VISUAIS;DESENHISTAS INDUSTRIAIS E CONSERVADORES-RESTAURADORES DE BENS CULTURAISFamília,
759,514105,Ascensorista,Ocupação
760,715205,Asfaltador,Sinônimo
761,992225,Asfaltador na conservação de vias permanentes (exceto trilhos),Sinônimo
762,764305,Asperador de couro no acabamento de calçados,Sinônimo
763,764120,Asperador de solas e palmilhas,Sinônimo
764,716510,Assentador cerâmico,Sinônimo
765,724105,Assentador de canalização (edificações),Ocupação
766,724105,Assentador de manilhas,Sinônimo
767,716305,Assentador de vidros,Sinônimo
768,252310,Assessor bilíngüe,Sinônimo
769,252305,Assessor de diretoria,Sinônimo
770,411050,Assessor de microcrédito,Sinônimo
771,411050,Assessor de microfinanças,Sinônimo
772,252305,Assessor de presidência,Sinônimo
773,354605,Assessor imobiliário,Sinônimo
774,241040,Assessor jurídico,Sinônimo
775,252315,Assessor trilíngüe,Sinônimo
776,623015,Assinalador - na pecuária,Sinônimo
777,241005,Assistente Jurídico,Sinônimo
778,411010,Assistente administrativo,Ocupação
779,411010,Assistente administrativo sindical,Sinônimo
780,252310,Assistente bilíngüe,Sinônimo
781,351715,Assistente comercial de seguros,Ocupação
782,351720,Assistente de analista de produtos,Sinônimo
783,377215,Assistente de apontador (basquete),Sinônimo
784,371105,Assistente de biblioteca,Sinônimo
785,711120,Assistente de cabo de fogo,Sinônimo
786,421310,Assistente de cobrança,Sinônimo
787,411010,Assistente de compras,Sinônimo
788,252210,Assistente de contabilidade industrial,Sinônimo
789,252210,Assistente de contador de custos,Sinônimo
790,252210,Assistente de contadoria fiscal,Sinônimo
791,351715,Assistente de contas de seguros,Sinônimo
792,252210,Assistente de controladoria,Sinônimo
793,262805,Assistente de coreografia,Ocupação
794,841408,Assistente de cozinhador,Sinônimo
795,262205,Assistente de direção de cinema,Sinônimo
796,141510,Assistente de direção de restaurante,Sinônimo
797,262215,Assistente de direção de teatro,Sinônimo
798,252305,Assistente de diretoria,Sinônimo
799,261125,Assistente de editorial,Sinônimo
800,312105,Assistente de engenharia (construção civil),Sinônimo
801,411010,Assistente de escritório,Sinônimo
802,342405,Assistente de estação (metrô e ferrovia),Sinônimo
803,374210,Assistente de estúdio (cinema e vídeo),Sinônimo
804,374105,Assistente de estúdio (gravação de áudio),Sinônimo
805,513115,Assistente de governanta,Sinônimo
806,818105,Assistente de laboratório industrial,Ocupação
807,342125,Assistente de logística de transporte,Sinônimo
808,351715,Assistente de negócios de seguros,Sinônimo
809,373205,Assistente de operações de equipamentos de produção para televisão e produtoras de vídeo   Sinônimo,
810,515115,Assistente de parto,Sinônimo
811,252305,Assistente de presidência,Sinônimo
812,517425,Assistente de prevenção de perdas,Sinônimo
813,351720,Assistente de produtos (técnico de seguros),Sinônimo
814,711410,Assistente de salinas,Sinônimo
815,517330,Assistente de segurança,Sinônimo
816,413110,Assistente de serviço de contabilidade,Sinônimo
817,342305,Assistente de tráfego rodoviário,Sinônimo
818,354125,Assistente de vendas,Ocupação
819,373205,Assistente ou auxiliar de iluminação na produção para televisão e produtoras de vídeo,Sinônimo
820,114210,Assistente sindical de entidades patronais,Sinônimo
821,251605,Assistente social,Ocupação
822,411010,Assistente técnico - no serviço público,Sinônimo
823,312205,Assistente técnico de engenharia (obras de infra-estrutura de estrada),Sinônimo
824,312210,Assistente técnico de engenharia de obras de saneamento,Sinônimo
825,314715,Assistente técnico de fundição em siderurgia,Sinônimo
826,351720,Assistente técnico de seguros,Ocupação
827,321205,Assistente técnico em madeira,Sinônimo
828,321210,Assistente técnico florestal,Sinônimo
829,820205,Assistente técnico na fabricação de produtos de cerâmica; porcelanatos e afins   Sinônimo,
830,252315,Assistente trilíngüe,Sinônimo
831,2516,ASSISTENTES SOCIAIS E ECONOMISTAS DOMÉSTICOS,Família
832,716505,Assoalhador,Ocupação
833,516705,Astrólogo,Ocupação
834,5167,ASTRÓLOGOS E NUMERÓLOGOS,Família
835,213305,Astrônomo,Ocupação
836,141405,Atacadista,Sinônimo
837,377110,Atacante - no futebol,Sinônimo
838,521140,Atendente balconista,Sinônimo
839,513440,Atendente barista,Sinônimo
840,422315,Atendente central telemarketing,Sinônimo
841,421105,Atendente comercial (agência postal),Ocupação
842,421105,Atendente comercial em agência postal,Sinônimo
843,342535,Atendente de aeroporto,Sinônimo
844,413205,Atendente de agência,Ocupação
845,521140,Atendente de balcão,Sinônimo
846,513435,Atendente de balcão de café,Sinônimo
847,513420,Atendente de bar,Sinônimo
848,515110,Atendente de berçário,Sinônimo
849,513405,Atendente de buffet,Sinônimo
850,513440,Atendente de cafeteria,Sinônimo
851,515110,Atendente de centro cirúrgico,Sinônimo
852,422110,Atendente de clínica médica,Sinônimo
853,422105,Atendente de clínica veterinária,Sinônimo
854,322415,Atendente de clínica dentária,Sinônimo
855,422110,Atendente de consultório médico,Sinônimo
856,422105,Atendente de consultório veterinário,Sinônimo
857,331110,Atendente de creche,Sinônimo
858,515110,Atendente de enfermagem,Ocupação
859,515110,Atendente de enfermagem no serviço doméstico,Sinônimo
860,521130,Atendente de farmácia - balconista,Ocupação
861,322415,Atendente de gabinete dentário,Sinônimo
862,515110,Atendente de hospital,Sinônimo
863,422315,Atendente de informações (telemarketing),Sinônimo
864,411015,Atendente de judiciário,Ocupação
865,513435,Atendente de lanchonete,Ocupação
866,516340,Atendente de lavanderia,Ocupação
867,521140,Atendente de lojas,Sinônimo
868,521140,Atendente de lojas e mercados,Ocupação
869,513405,Atendente de mesa,Sinônimo
870,421125,Atendente de pedágio,Sinônimo
871,521140,Atendente de peixaria,Sinônimo
872,517405,Atendente de portaria de hotel,Sinônimo
873,521135,Atendente de posto de gasolina,Sinônimo
874,515325,Atendente de reintegração social,Sinônimo
875,422115,Atendente de seguro saúde,Sinônimo
876,515110,Atendente de serviço de saúde,Sinônimo
877,515110,Atendente de serviço médico,Sinônimo
878,322415,Atendente de serviço odontológico,Sinônimo
879,422315,Atendente de telemarketing,Sinônimo
880,521140,Atendente do setor de frios e laticínios,Sinônimo
881,521140,Atendente do setor de hortifrutigranjeiros,Sinônimo
882,521140,Atendente do setor de rotisserie (pratos prontos),Sinônimo
883,521140,Atendente do setor de vinhos,Sinônimo
884,421105,Atendente em agência de correios,Sinônimo
885,516505,Atendente funerário,Sinônimo
886,515110,Atendente hospitalar,Sinônimo
887,322415,Atendente odontológico,Sinônimo
888,515110,Atendente-enfermeiro,Sinônimo
889,376215,Atirador de facas,Sinônimo
890,377105,Atleta da ginástica,Sinônimo
891,377105,Atleta da natação,Sinônimo
892,377105,Atleta de bodybare,Sinônimo
893,377105,Atleta de canoagem,Sinônimo
894,377105,Atleta de ciclismo,Sinônimo
895,377105,Atleta de esgrima,Sinônimo
896,377110,Atleta de futebol sete,Sinônimo
897,377110,Atleta de futsal,Sinônimo
898,377105,Atleta de futvôlei,Sinônimo
899,377105,Atleta de handebol,Sinônimo
900,377120,Atleta de judô,Sinônimo
901,377120,Atleta de karatê,Sinônimo
902,377105,Atleta de nado sincronizado,Sinônimo
903,377105,Atleta de paraquedismo,Sinônimo
904,377105,Atleta de patinação,Sinônimo
905,377105,Atleta de peteca,Sinônimo
906,377105,Atleta de pólo aquático,Sinônimo
907,377105,Atleta de remo,Sinônimo
908,377105,Atleta de squash,Sinônimo
909,377105,Atleta de surf e windsurf,Sinônimo
910,377120,Atleta de taichichuan,Sinônimo
911,377125,Atleta de tênis profissional,Sinônimo
912,377140,Atleta de triatlo,Sinônimo
913,377105,Atleta de vela,Sinônimo
914,377105,Atleta de voleibol,Sinônimo
915,377105,Atleta do basquete,Sinônimo
916,377105,Atleta do beisebol,Sinônimo
917,377130,Atleta do hipismo,Sinônimo
918,377105,Atleta do hóquei,Sinônimo
919,377105,Atleta profissional (outras modalidades),Ocupação
920,377115,Atleta profissional de golfe,Ocupação
921,377120,Atleta profissional de luta,Ocupação
922,377125,Atleta profissional de tênis,Ocupação
923,3771,ATLETAS PROFISSIONAIS,Família
924,262505,Ator,Ocupação
925,262505,Ator bonequeiro,Sinônimo
926,262505,Ator de cinema,Sinônimo
927,262505,Ator de rádio,Sinônimo
928,262505,Ator de teatro,Sinônimo
929,262505,Ator de televisão,Sinônimo
930,262505,Ator dramático,Sinônimo
931,262505,Ator dublador,Sinônimo
932,2625,ATORES,Família
933,211105,Atuário,Ocupação
934,261430,Audiodescritor,Ocupação
935,223820,Audiologista (fonoaudiólogo),Sinônimo
936,252205,Auditor (contadores e afins),Ocupação
937,252205,Auditor contábil,Sinônimo
938,254505,Auditor de atividades urbanas,Sinônimo
939,252205,Auditor de contabilidade e orçamento,Sinônimo
940,252205,Auditor externo (contadores e afins),Sinônimo
941,252205,Auditor financeiro,Sinônimo
942,252205,Auditor fiscal (em contabilidade),Sinônimo
943,254505,Auditor fiscal de atividades urbanas,Sinônimo
944,252205,Auditor independente (contadores e afins),Sinônimo
945,254205,Auditor-fiscal da previdência social,Ocupação
946,254105,Auditor-fiscal da receita federal,Ocupação
947,254305,Auditor-fiscal do trabalho,Ocupação
948,2542,AUDITORES FISCAIS DA PREVIDÊNCIA SOCIAL,Família
949,2543,AUDITORES FISCAIS DO TRABALHO,Família
950,2541,AUDITORES FISCAIS E TÉCNICOS DA RECEITA FEDERAL,Família
951,751125,Aurifice,Sinônimo
952,261515,Autor de ficção,Sinônimo
953,262605,Autor de música,Sinônimo
954,261505,Autor-roteirista,Ocupação
955,261505,Autor-roteirista de cinema,Sinônimo
956,261505,Autor-roteirista de rádio,Sinônimo
957,261505,Autor-roteirista de teatro,Sinônimo
958,261505,Autor-roteirista de televisão,Sinônimo
959,261505,Autor-roteirista multimídia,Sinônimo
960,242305,Autoridade policial (delegado),Sinônimo
961,411005,Auxiliar administrativo,Sinônimo
962,252310,Auxiliar administrativo bilíngüe,Sinônimo
963,252305,Auxiliar administrativo de diretoria,Sinônimo
964,252305,Auxiliar administrativo de presidência,Sinônimo
965,252315,Auxiliar administrativo trilíngüe,Sinônimo
966,413110,Auxiliar contábil,Sinônimo
967,721315,Auxiliar de afiador de ferramentas,Sinônimo
968,622020,Auxiliar de agricultura,Sinônimo
969,414105,Auxiliar de almoxarifado,Sinônimo
970,421210,Auxiliar de apostas,Sinônimo
971,414110,Auxiliar de armazenamento,Sinônimo
972,318505,Auxiliar de arquitetura,Sinônimo
973,515205,Auxiliar de banco de sangue,Ocupação
974,513420,Auxiliar de barman,Sinônimo
975,371105,Auxiliar de biblioteca,Ocupação
976,371105,Auxiliar de bibliotecário,Sinônimo
977,731165,Auxiliar de bobinagem; à mão,Sinônimo
978,516110,Auxiliar de cabeleireiro,Sinônimo
979,711120,Auxiliar de cabo de fogo,Sinônimo
980,411025,Auxiliar de cartório,Ocupação
981,513505,Auxiliar de churrasqueiro,Sinônimo
982,848525,Auxiliar de classificador de carne,Sinônimo
983,421310,Auxiliar de cobrança,Sinônimo
984,716305,Auxiliar de colocador de vidros,Sinônimo
985,411005,Auxiliar de compras,Sinônimo
986,763125,Auxiliar de confecção,Sinônimo
987,848310,Auxiliar de confeitaria,Sinônimo
988,513505,Auxiliar de confeiteiro,Sinônimo
989,514325,Auxiliar de conservação de barragens,Sinônimo
990,514325,Auxiliar de conservação de obras civis,Sinônimo
991,413110,Auxiliar de contabilidade,Ocupação
992,413110,Auxiliar de contas a pagar,Sinônimo
993,413110,Auxiliar de contas a receber,Sinônimo
994,239405,Auxiliar de coordenação de ensino fundamental de primeira a quarta séries,Sinônimo
995,716305,Auxiliar de cortador de vidros,Sinônimo
996,763105,Auxiliar de corte (preparação da confecção de roupas),Ocupação
997,763210,Auxiliar de costura,Sinônimo
998,763320,Auxiliar de costureira (no acabamento),Sinônimo
999,513505,Auxiliar de cozinha,Sinônimo
1000,331110,Auxiliar de creche,Sinônimo
1001,410225,Auxiliar de crédito,Sinônimo
1002,762205,Auxiliar de curtimento,Sinônimo
1003,413110,Auxiliar de custos,Sinônimo
1004,632110,Auxiliar de dendrometria,Sinônimo
1005,632110,Auxiliar de dendrometrista,Sinônimo
1006,322415,Auxiliar de dentista,Sinônimo
1007,414110,Auxiliar de depósito,Sinônimo
1008,331110,Auxiliar de desenvolvimento infantil,Ocupação
1009,821250,Auxiliar de desgaseificação,Sinônimo
1010,848515,Auxiliar de desossador,Sinônimo
1011,821235,Auxiliar de dessulfuração e estação de mistura,Sinônimo
1012,223705,Auxiliar de dietista,Sinônimo
1013,724510,Auxiliar de dobrador (metais),Sinônimo
1014,848310,Auxiliar de doceiro,Sinônimo
1015,313215,Auxiliar de eletrônica,Sinônimo
1016,313105,Auxiliar de eletrotécnico,Sinônimo
1017,724110,Auxiliar de encanador,Sinônimo
1018,322230,Auxiliar de enfermagem,Ocupação
1019,322250,Auxiliar de enfermagem da estratégia de saúde da família,Ocupação
1020,322230,Auxiliar de enfermagem de centro cirúrgico,Sinônimo
1021,322230,Auxiliar de enfermagem de clínica médica,Sinônimo
1022,322230,Auxiliar de enfermagem de hospital,Sinônimo
1023,322230,Auxiliar de enfermagem de saúde pública,Sinônimo
1024,322235,Auxiliar de enfermagem do trabalho,Ocupação
1025,322230,Auxiliar de enfermagem em hemodiálise,Sinônimo
1026,322230,Auxiliar de enfermagem em home care,Sinônimo
1027,322230,Auxiliar de enfermagem em nefrologia,Sinônimo
1028,322230,Auxiliar de enfermagem em saúde mental,Sinônimo
1029,322235,Auxiliar de enfermagem em saúde ocupacional,Sinônimo
1030,322235,Auxiliar de enfermagem ocupacional,Sinônimo
1031,515135,Auxiliar de enfermagem socorrista,Sinônimo
1032,318510,Auxiliar de engenheiro da construção civil,Sinônimo
1033,411005,Auxiliar de escritório,Ocupação
1034,413110,Auxiliar de escrituração fiscal,Sinônimo
1035,411035,Auxiliar de estatística,Ocupação
1036,374105,Auxiliar de estúdio,Sinônimo
1037,373205,Auxiliar de estúdio em operação de equipamentos de produção para televisão e produtoras de vídeo    Sinônimo,
1038,342105,Auxiliar de exportação e importação,Sinônimo
1039,373205,Auxiliar de externa em operações de equipamentos de produção para televisão e produtoras de vídeo   Sinônimo,
1040,823320,Auxiliar de fabricação nas indústrias de artefatos de cimento,Sinônimo
1041,515210,Auxiliar de farmácia de manipulação,Ocupação
1042,413115,Auxiliar de faturamento,Ocupação
1043,524205,Auxiliar de feirante,Sinônimo
1044,841715,Auxiliar de fermentação,Sinônimo
1045,723215,Auxiliar de galvanização,Sinônimo
1046,513415,Auxiliar de garçom,Sinônimo
1047,322230,Auxiliar de ginecologia,Sinônimo
1048,322230,Auxiliar de hipodermia,Sinônimo
1049,623315,Auxiliar de incubação,Sinônimo
1050,374110,Auxiliar de instalação (equipamentos de rádio),Sinônimo
1051,632115,Auxiliar de inventário,Sinônimo
1052,992225,Auxiliar de jardinagem na conservação de vias permanentes,Sinônimo
1053,411020,Auxiliar de judiciário,Ocupação
1054,515215,Auxiliar de laboratório de análises clínicas,Ocupação
1055,818110,Auxiliar de laboratório de análises físico-químicas,Ocupação
1056,515220,Auxiliar de laboratório de imunobiológicos,Ocupação
1057,766405,Auxiliar de laboratório fotográfico,Sinônimo
1058,301105,Auxiliar de laboratorista (indústria),Sinônimo
1059,301110,Auxiliar de laboratorista de solo,Sinônimo
1060,301110,Auxiliar de laboratorista de solos e de concreto,Sinônimo
1061,516310,Auxiliar de lavador de roupas; a máquina industrial,Sinônimo
1062,516315,Auxiliar de lavador de tapetes,Sinônimo
1063,516345,Auxiliar de lavanderia,Ocupação
1064,514320,Auxiliar de limpeza,Sinônimo
1065,784205,Auxiliar de linha de produção,Sinônimo
1066,919110,Auxiliar de lubrificador de veículos,Sinônimo
1067,262615,Auxiliar de maestro,Sinônimo
1068,848520,Auxiliar de magarefe,Sinônimo
1069,513405,Auxiliar de mâitre,Sinônimo
1070,514325,Auxiliar de manutenção de edifícios,Sinônimo
1071,991105,Auxiliar de manutenção de linha férrea,Sinônimo
1072,514310,Auxiliar de manutenção elétrica e hidráulica,Sinônimo
1073,514310,Auxiliar de manutenção predial,Ocupação
1074,782625,Auxiliar de maquinista de trem,Ocupação
1075,771105,Auxiliar de marceneiro,Sinônimo
1076,914405,Auxiliar de mecânico de autos,Sinônimo
1077,911120,Auxiliar de mecânico diesel (exceto de veículos automotores),Sinônimo
1078,513415,Auxiliar de mesa em restaurantes; hotéis e outros,Sinônimo
1079,766125,Auxiliar de montador de fotolito,Sinônimo
1080,731160,Auxiliar de montagem de transformadores,Sinônimo
1081,261310,Auxiliar de museus,Sinônimo
1082,223705,Auxiliar de nutrição e dietética,Sinônimo
1083,322230,Auxiliar de obstetrícia,Sinônimo
1084,322230,Auxiliar de oftalmologia,Sinônimo
1085,511210,Auxiliar de operação,Sinônimo
1086,763310,Auxiliar de operador de máquina de bordar,Sinônimo
1087,632120,Auxiliar de operador de motosserra,Sinônimo
1088,773125,Auxiliar de operador de serra circular múltipla,Sinônimo
1089,239410,Auxiliar de orientação educacional,Sinônimo
1090,239415,Auxiliar de orientação pedagógica,Sinônimo
1091,239415,Auxiliar de orientação pedagógica em educação fundamental de primeira a quarta séries   Sinônimo,
1092,513505,Auxiliar de padeiro,Sinônimo
1093,322230,Auxiliar de parteira,Sinônimo
1094,717020,Auxiliar de pedreiro,Sinônimo
1095,723320,Auxiliar de pintor de automóveis,Sinônimo
1096,513505,Auxiliar de pizzaiolo,Sinônimo
1097,722325,Auxiliar de preparação de areia,Sinônimo
1098,842120,Auxiliar de processamento de fumo,Ocupação
1099,763125,Auxiliar de produção - na confecção de roupas,Sinônimo
1100,842120,Auxiliar de produção de fumo,Sinônimo
1101,841448,Auxiliar de produção de gorduras vegetais comestíveis,Sinônimo
1102,515225,Auxiliar de produção farmacêutica,Ocupação
1103,322420,Auxiliar de prótese dentária,Ocupação
1104,766420,Auxiliar de radiologia (revelação fotográfica),Ocupação
1105,422110,Auxiliar de recepção,Sinônimo
1106,848115,Auxiliar de salsicheiro,Sinônimo
1107,515120,Auxiliar de sanitarista,Sinônimo
1108,322240,Auxiliar de saúde (navegação marítima),Ocupação
1109,322240,Auxiliar de saúde marítimo,Sinônimo
1110,517330,Auxiliar de segurança,Sinônimo
1111,411040,Auxiliar de seguros,Ocupação
1112,766205,Auxiliar de serigrafia,Sinônimo
1113,513425,Auxiliar de serviço de copa,Sinônimo
1114,517330,Auxiliar de serviço de segurança,Sinônimo
1115,371105,Auxiliar de serviços bibliotecários,Sinônimo
1116,411045,Auxiliar de serviços de importação e exportação,Ocupação
1117,763125,Auxiliar de serviços gerais - na confecção de roupas,Sinônimo
1118,351430,Auxiliar de serviços jurídicos,Ocupação
1119,783205,Auxiliar de serviços no aeroporto,Sinônimo
1120,239430,Auxiliar de supervisor escolar,Sinônimo
1121,513505,Auxiliar de sushiman,Sinônimo
1122,391215,Auxiliar de técnico de controle de qualidade,Sinônimo
1123,313215,Auxiliar de técnico de eletrônica,Sinônimo
1124,312320,Auxiliar de topógrafo,Sinônimo
1125,721215,Auxiliar de torneiro mecânico,Sinônimo
1126,517220,Auxiliar de tráfego,Sinônimo
1127,411045,Auxiliar de tráfego de exportação e importação,Sinônimo
1128,623110,Auxiliar de vaqueiro,Sinônimo
1129,519305,Auxiliar de veterinário,Ocupação
1130,716305,Auxiliar de vidraceiro,Sinônimo
1131,716315,Auxiliar de vitralista,Sinônimo
1132,322230,Auxiliar em hemotransfusão,Sinônimo
1133,322415,Auxiliar em saúde bucal,Ocupação
1134,322430,Auxiliar em saúde bucal da estratégia de saúde da família,Ocupação
1135,413110,Auxiliar financeiro,Sinônimo
1136,992225,Auxiliar geral de conservação de vias permanentes (exceto trilhos),Ocupação
1137,351430,Auxiliar jurídico,Sinônimo
1138,911205,Auxiliar mecânico de ar condicionado,Sinônimo
1139,911205,Auxiliar mecânico de refrigeração,Sinônimo
1140,513505,Auxiliar nos serviços de alimentação,Ocupação
1141,311515,Auxiliar técnico de centro de operação do sistema de energia,Sinônimo
1142,312205,Auxiliar técnico de conservação de estradas; caminhos e pontes,Sinônimo
1143,311515,Auxiliar técnico de distribuição de energia,Sinônimo
1144,334110,Auxiliar técnico de educação,Sinônimo
1145,312105,Auxiliar técnico de engenharia (construção civil),Sinônimo
1146,314715,Auxiliar técnico de fundição em siderurgia,Sinônimo
1147,311515,Auxiliar técnico de geração de energia,Sinônimo
1148,312315,Auxiliar técnico de hidrografia,Sinônimo
1149,300305,Auxiliar técnico de instalações eletromecânicas,Sinônimo
1150,325105,Auxiliar técnico de manipulação em laboratório de farmácia,Sinônimo
1151,314110,Auxiliar técnico de mecânica,Sinônimo
1152,374110,Auxiliar técnico de montagem,Sinônimo
1153,312210,Auxiliar técnico de obras saneamento,Sinônimo
1154,314115,Auxiliar técnico de refrigeração,Sinônimo
1155,411040,Auxiliar técnico de seguros,Sinônimo
1156,313215,Auxiliar técnico eletrônico,Sinônimo
1157,325105,Auxiliar técnico em laboratório de farmácia,Ocupação
1158,312205,Auxiliar técnico em obras de infra-estrutura de estradas,Sinônimo
1159,515215,Auxiliar técnico em patologia cínica,Sinônimo
1160,321210,Auxiliar técnico florestal,Sinônimo
1161,314120,Auxiliar técnico na mecânica de máquinas,Sinônimo
1162,915405,Auxiliar técnico na reparação de equipamentos fotográficos,Sinônimo
1163,224135,Auxiliar técnico- no futebol,Sinônimo
1164,224135,Auxiliar técnico- nos esportes,Sinônimo
1165,761430,Auxiliar-ajudante de operador de máquinas de lavar fibras; fios; tecidos e peças confeccionadas   Sinônimo,
1166,4131,AUXILIARES DE CONTABILIDADE,Família
1167,5152,AUXILIARES DE LABORATÓRIO DA SAÚDE,Família
1168,841210,Auxiliares de produção de refinação de sal,Sinônimo
1169,4151,AUXILIARES DE SERVIÇOS DE DOCUMENTAÇÃO; INFORMAÇÃO E PESQUISA,Família
1170,354415,Avaliador de automóveis,Sinônimo
1171,354415,Avaliador de bens,Sinônimo
1172,354415,Avaliador de bens móveis,Ocupação
1173,354410,Avaliador de imóveis,Ocupação
1174,354415,Avaliador de jóias,Sinônimo
1175,354410,Avaliador de prédios,Sinônimo
1176,352410,Avaliador de produtos do meio de comunicação,Ocupação
1177,354410,Avaliador de propriedade,Sinônimo
1178,224105,Avaliador físico,Ocupação
1179,354415,Avaliador judicial,Sinônimo
1180,351410,Avaliador judicial (escrivão),Sinônimo
1181,141410,Aviador (comércio varejista),Sinônimo
1182,215305,Aviador civil,Sinônimo
1183,613305,Avícola - empregador,Sinônimo
1184,613305,Avicultor,Ocupação
1185,623310,Avicultor de postura - exclusive conta própria e empregador,Sinônimo
1186,613305,Avicultor - empregador,Sinônimo
1187,623310,Avicultor - exclusive conta própria na avicultura de postura,Sinônimo
1188,613305,Avicultor avozeiro,Sinônimo
1189,613305,Avicultor comercial,Sinônimo
1190,623305,Avicultor de corte - exclusive conta própria e empregador,Sinônimo
1191,613305,Avicultor matrizeiro,Sinônimo
1192,263105,Axogum,Sinônimo
1193,716510,Azulejador,Sinônimo
1194,716510,Azulejista,Sinônimo
1195,263105,Babá de umbanda,Sinônimo
1196,263105,Babakekerê,Sinônimo
1197,263105,Babalawô,Sinônimo
1198,263105,Babalorixá,Sinônimo
1199,263105,Babalossain,Sinônimo
1200,263105,Babaojé,Sinônimo
1201,516205,Baby-sitter,Sinônimo
1202,141410,Bacalhoeiro,Sinônimo
1203,203015,Bacteriologista,Sinônimo
1204,622215,Bagaceiro de rami,Sinônimo
1205,622210,Bagaceiro de sisal,Sinônimo
1206,632325,Baganeiro - na extração da carnaúba,Sinônimo
1207,783220,Bagrinho (movimentador de mercadorias de porto),Sinônimo
1208,262810,Bailarino (exceto danças populares),Ocupação
1209,262815,Bailarino coreógrafo,Sinônimo
1210,262810,Bailarino criador,Sinônimo
1211,376105,Bailarino de danças folclóricas,Sinônimo
1212,262810,Bailarino intérprete,Sinônimo
1213,376110,Bailarinos de danças parafolclóricas,Sinônimo
1214,376110,Bailarinos étnicos,Sinônimo
1215,376110,Bailarinos populares,Sinônimo
1216,768325,Bainheiro - em selaria,Sinônimo
1217,141410,Baiuqueiro,Sinônimo
1218,776405,Balaieiro,Sinônimo
1219,992110,Balanceador,Ocupação
1220,414115,Balanceiro,Ocupação
1221,715415,Balanceiro de concreto,Sinônimo
1222,632205,Balateiro,Sinônimo
1223,632205,Balateiro na extração de látex,Sinônimo
1224,521140,Balconista,Sinônimo
1225,848510,Balconista de açougue,Sinônimo
1226,513420,Balconista de bar,Sinônimo
1227,410225,Balconista de crediário,Sinônimo
1228,513435,Balconista de lanchonete,Sinônimo
1229,524305,Baleiro (ambulante),Sinônimo
1230,141410,Baleiro (exclusive no comércio ambulante),Sinônimo
1231,841810,Baleiro (fabricação),Sinônimo
1232,632115,Balizador em inventário florestal,Sinônimo
1233,811705,Bamburista,Ocupação
1234,612505,Bananicultor,Sinônimo
1235,141205,Banguezeiro - empregador,Sinônimo
1236,141205,Banguezista - empregador,Sinônimo
1237,519315,Banhista de animais domésticos,Ocupação
1238,761354,Barbanteiro,Sinônimo
1239,516105,Barbeiro,Ocupação
1240,622605,Barcaceiro - na cultura de cacau,Sinônimo
1241,513440,Barista,Ocupação
1242,513420,Barman,Ocupação
1243,141410,Barraconista,Sinônimo
1244,711405,Barranqueiro - no garimpo,Sinônimo
1245,828110,Barreiro,Sinônimo
1246,828110,Barrerista,Sinônimo
1247,612310,Bataticultor,Sinônimo
1248,751105,Bate-folha a máquina,Ocupação
1249,711405,Bateador,Sinônimo
1250,828110,Batedor - em olaria,Sinônimo
1251,632325,Batedor de palha de carnaúba,Sinônimo
1252,623110,Batedor de pasto,Sinônimo
1253,632365,Batedor de piaçava,Sinônimo
1254,622215,Batedor de rami,Sinônimo
1255,622210,Batedor de sisal - na cultura,Sinônimo
1256,828110,Batedor de tijolos - na fabricação,Sinônimo
1257,711405,Bateeiro,Sinônimo
1258,141410,Bauleiro,Sinônimo
1259,141410,Bazareiro,Sinônimo
1260,334110,Bedel,Sinônimo
1261,141410,Beiradeiro,Sinônimo
1262,141410,Belchior,Sinônimo
1263,752230,Beneficiador de cristal,Sinônimo
1264,632365,Beneficiador de piaçava,Sinônimo
1265,841210,Beneficiador de sal,Sinônimo
1266,261205,Bibliógrafo,Sinônimo
1267,141410,Bibliopola,Sinônimo
1268,261205,Bibliotecário,Ocupação
1269,261205,Biblioteconomista,Sinônimo
1270,263105,Bikkhu,Sinônimo
1271,263110,Bikku - bikkhuni,Sinônimo
1272,263105,Bikkuni,Sinônimo
1273,511220,Bilheteiro (estações de metrô; ferroviárias e assemelhadas),Ocupação
1274,421120,Bilheteiro de agência,Sinônimo
1275,421115,Bilheteiro de cinema,Sinônimo
1276,421115,Bilheteiro de circo,Sinônimo
1277,421115,Bilheteiro de parques de diversão,Sinônimo
1278,421115,Bilheteiro de teatro,Sinônimo
1279,421110,Bilheteiro de transportes coletivos,Ocupação
1280,421115,Bilheteiro no serviço de diversões,Ocupação
1281,201105,Bioengenheiro,Ocupação
1282,211210,Bioestatístico,Sinônimo
1283,261520,Biógrafo,Sinônimo
1284,221105,Biologista,Sinônimo
1285,221105,Biólogo,Ocupação
1286,2211,BIÓLOGOS E AFINS,Família
1287,221205,Biomédico,Ocupação
1288,2212,BIOMÉDICOS,Família
1289,201110,Biotecnologista,Ocupação
1290,752230,Biselador de cristais,Sinônimo
1291,263105,Bispo,Sinônimo
1292,263105,Bispo auxiliar,Sinônimo
1293,263105,Bispo coadjutor,Sinônimo
1294,263105,Bispo emérito,Sinônimo
1295,142610,Blender (cigarros),Sinônimo
1296,842115,Blender de fumo,Sinônimo
1297,783230,Bloqueiro (trabalhador portuário),Ocupação
1298,783230,Bloquista (trabalhador portuário),Sinônimo
1299,731170,Bobinador - eletricista,Sinônimo
1300,731165,Bobinador eletricista; à mão,Ocupação
1301,731170,Bobinador eletricista; à máquina,Ocupação
1302,141410,Bodegueiro,Sinônimo
1303,631405,Bodegueiro (gelador industrial),Sinônimo
1304,631410,Bodegueiro (gelador profissional),Sinônimo
1305,622020,Bóia-fria,Sinônimo
1306,621005,Bóia-fria - na agropecuária,Sinônimo
1307,782815,Boiadeiro,Ocupação
1308,141405,Boiadeiro (comércio de gado),Sinônimo
1309,141405,Boiadeiro - no comércio de gado - empregador,Sinônimo
1310,141405,Boieiro,Sinônimo
1311,263115,Bokonô,Sinônimo
1312,841810,Bolacheiro,Sinônimo
1313,768315,Boleiro (fabricação de bolas de couro),Sinônimo
1314,768305,Bolseiro (bolsas de couro),Sinônimo
1315,811510,Bombeador (refinação de petróleo),Sinônimo
1316,517110,Bombeiro civil,Ocupação
1317,517105,Bombeiro de aeródromo,Ocupação
1318,517105,Bombeiro de aeroporto,Sinônimo
1319,517110,Bombeiro de empresas particulares,Sinônimo
1320,517110,Bombeiro de estabelecimentos industriais,Sinônimo
1321,521135,Bombeiro de posto de gasolina,Sinônimo
1322,517110,Bombeiro de segurança do trabalho,Sinônimo
1323,724115,Bombeiro eletricista,Sinônimo
1324,724110,Bombeiro hidráulico,Sinônimo
1325,515135,Bombeiro resgatista,Sinônimo
1326,515135,Bombeiro socorrista,Sinônimo
1327,5171,BOMBEIROS E SALVA-VIDAS,Família
1328,715410,Bombista,Sinônimo
1329,848310,Bomboneiro,Sinônimo
1330,765015,Boneleiro,Ocupação
1331,376250,Bonequeiro,Sinônimo
1332,768205,Bordadeira,Sinônimo
1333,768205,Bordador; a mão,Ocupação
1334,763310,Bordador; à máquina,Ocupação
1335,992115,Borracheiro,Ocupação
1336,632205,Borracheiro - na extração de látex,Sinônimo
1337,992115,Borracheiro auxiliar,Sinônimo
1338,203025,Botânico,Sinônimo
1339,141410,Botequineiro,Sinônimo
1340,613110,Bovinocultor - empregador,Sinônimo
1341,377145,Boxeador,Sinônimo
1342,377145,Boxeur,Sinônimo
1343,632205,Brabo,Sinônimo
1344,831110,Branqueador de pasta de celulose para fabricação de papel,Sinônimo
1345,311725,Brazidor de curtume,Sinônimo
1346,141410,Bricabraquista,Sinônimo
1347,141410,Bricabraquista - empregador,Sinônimo
1348,010105,Brigadeiro,Sinônimo
1349,712120,Britador - na extração de pedras,Sinônimo
1350,723215,Bronzeador de metais,Sinônimo
1351,721210,Broqueador de cilindros,Sinônimo
1352,716610,Broxador-caiador,Sinônimo
1353,782810,Bruaqueiro,Sinônimo
1354,721210,Brunidor de cilindros,Sinônimo
1355,613120,Bubalinocultor - corte,Sinônimo
1356,613125,Bubalinocultor - leite,Sinônimo
1357,992225,Buerista na conservação de vias permanentes,Sinônimo
1358,763005,Buteiro,Sinônimo
1359,613110,Cabanheiro - corte,Sinônimo
1360,613115,Cabanheiro - leite,Sinônimo
1361,776405,Cabazeiro,Sinônimo
1362,622020,Cabeça-de-campo,Sinônimo
1363,848515,Cabeceiro em matadouro,Sinônimo
1364,516110,Cabeleireiro,Ocupação
1365,516110,Cabeleireiro afro,Sinônimo
1366,516110,Cabeleireiro escovista,Sinônimo
1367,516110,Cabeleireiro feminino,Sinônimo
1368,516110,Cabeleireiro masculino,Sinônimo
1369,516110,Cabeleireiro penteador,Sinônimo
1370,516110,Cabeleireiro unissex,Sinônimo
1371,723305,Cabineiro,Sinônimo
1372,514105,Cabineiro de elevador,Sinônimo
1373,991310,Cabineiro de veículos,Sinônimo
1374,732110,Cabista,Sinônimo
1375,722405,Cableador,Ocupação
1376,724610,Cableador (cabos de aço),Sinônimo
1377,031205,Cabo bombeiro militar,Ocupação
1378,010305,Cabo da aeronáutica,Sinônimo
1379,010315,Cabo da marinha,Sinônimo
1380,021205,Cabo da polícia militar,Ocupação
1381,711120,Cabo de fogo,Sinônimo
1382,010310,Cabo do exército,Sinônimo
1383,0212,CABOS E SOLDADOS DA POLÍCIA MILITAR,Família
1384,0312,CABOS E SOLDADOS DO CORPO DE BOMBEIROS MILITAR,Família
1385,711130,Caboucador (minas),Sinônimo
1386,711130,Cabouqueiro - na extração de pedras,Sinônimo
1387,768325,Cabresteador,Sinônimo
1388,715205,Cabuqueiro,Sinônimo
1389,782510,Caçambeiro,Sinônimo
1390,612610,Cacauicultor - empregador,Sinônimo
1391,622605,Cacauicultor - exclusive conta própria e empregador,Sinônimo
1392,141410,Cacaulista,Sinônimo
1393,613010,Cachorreiro,Sinônimo
1394,783220,Cacimbeiro (estivador),Sinônimo
1395,113005,Cacique,Ocupação
1396,263115,Cádi,Sinônimo
1397,318105,Cadista (desenhista técnico de arquitetura),Sinônimo
1398,612605,Cafeicultor,Ocupação
1399,612605,Cafeicultor - empregador,Sinônimo
1400,622610,Cafeicultor - exclusive conta própria e empregador,Sinônimo
1401,513435,Cafeteiro,Sinônimo
1402,141410,Caga-sebista,Sinônimo
1403,716610,Caiador,Sinônimo
1404,716610,Caieiro (pintor de paredes),Sinônimo
1405,712105,Caieiro - na fabricação de cal,Sinônimo
1406,421125,Caixa (supermercado),Sinônimo
1407,413210,Caixa de banco,Ocupação
1408,421125,Caixa de bar; lanchonetes e restaurantes,Sinônimo
1409,421125,Caixa de loja,Sinônimo
1410,421210,Caixa de turfe,Sinônimo
1411,421205,Caixa lotérico,Sinônimo
1412,421125,Caixa no comércio,Sinônimo
1413,421125,Caixa no serviço de alimentação,Sinônimo
1414,4211,CAIXAS E BILHETEIROS (EXCETO CAIXA DE BANCO),Família
1415,716605,Calafate,Sinônimo
1416,716605,Calafetador,Ocupação
1417,811745,Calandreiro de plástico,Sinônimo
1418,811710,Calandrista de borracha,Ocupação
1419,832105,Calandrista de papel,Ocupação
1420,715205,Calceteiro,Ocupação
1421,716515,Calceteiro (pastilheiro),Sinônimo
1422,811205,Calcinador,Sinônimo
1423,413105,Calculista de folha de pagamento,Sinônimo
1424,391125,Calculista de produção,Sinônimo
1425,391105,Calculista de tempos,Sinônimo
1426,724405,Caldeireiro (chapas de cobre),Ocupação
1427,724410,Caldeireiro (chapas de ferro e aço),Ocupação
1428,724410,Caldeireiro de manutenção,Sinônimo
1429,724425,Caldeireiro em arsenal,Sinônimo
1430,724425,Caldeireiro em estaleiro,Sinônimo
1431,724410,Caldeireiro instalador,Sinônimo
1432,724410,Caldeireiro montador,Sinônimo
1433,724410,Caldeireiro serralheiro,Sinônimo
1434,862120,Caldeirista,Sinônimo
1435,632310,Caldereiro - na exploração de babaçu,Sinônimo
1436,752115,Calibrador de tubos de vidro,Sinônimo
1437,752115,Calibrador na fabricação de ampolas,Sinônimo
1438,516140,Calista,Sinônimo
1439,621005,Camarada - na agropecuária,Sinônimo
1440,513315,Camareira de hotel,Sinônimo
1441,513305,Camareira de teatro,Ocupação
1442,513310,Camareira de televisão,Ocupação
1443,513315,Camareiro de hotel,Ocupação
1444,513320,Camareiro de embarcações,Ocupação
1445,513310,Camareiro de televisão,Sinônimo
1446,513320,Camareiro no transporte marítimo e fluvial,Sinônimo
1447,5133,CAMAREIROS; ROUPEIROS E AFINS,Família
1448,631305,Camaroneiro,Sinônimo
1449,782810,Cambiteiro,Sinônimo
1450,632325,Cambiteiro - na extração da carnaúba,Sinônimo
1451,263105,Cambono,Sinônimo
1452,524305,Camelô (comércio ambulante),Sinônimo
1453,524215,Camelô (permissionário em ponto fixo),Sinônimo
1454,372115,Cameraman (cinema),Sinônimo
1455,782505,Caminhoneiro,Sinônimo
1456,782505,Caminhoneiro autônomo (rotas regionais e internacionais),Ocupação
1457,782505,Caminhoneiro caçambeiro,Sinônimo
1458,782505,Caminhoneiro carreteiro,Sinônimo
1459,782505,Caminhoneiro carreteiro (transporte animal),Sinônimo
1460,782505,Caminhoneiro de basculante,Sinônimo
1461,782505,Caminhoneiro de caminhão basculante,Sinônimo
1462,782505,Caminhoneiro de caminhão leve,Sinônimo
1463,782505,Caminhoneiro de caminhão pipa,Sinônimo
1464,782505,Caminhoneiro de caminhão-betoneira,Sinônimo
1465,782505,Caminhoneiro de caminhão-tanque,Sinônimo
1466,782505,Caminhoneiro gaioleiro (gado),Sinônimo
1467,782505,Caminhoneiro operador de caminhão-betoneira,Sinônimo
1468,623105,Campeiro (asininos e muares),Sinônimo
1469,623110,Campeiro (bovinos de corte),Sinônimo
1470,623125,Campeiro (eqüinos),Sinônimo
1471,621005,Campeiro - na agropecuária,Sinônimo
1472,623015,Campeiro - na pecuária,Sinônimo
1473,621005,Camponês na agropecuária,Sinônimo
1474,223212,Canalista,Sinônimo
1475,612110,Canavieiro,Sinônimo
1476,225121,Cancerologista clínico,Sinônimo
1477,782810,Cangalheiro,Sinônimo
1478,768325,Cangalheiro - na fabricação,Sinônimo
1479,848520,Cangoteiro em matadouro,Sinônimo
1480,782805,Cangueiro - carro de boi,Sinônimo
1481,613010,Canicultor,Sinônimo
1482,711110,Canteiro,Ocupação
1483,141410,Cantineiro (comércio varejista),Sinônimo
1484,513435,Cantineiro (escola),Sinônimo
1485,841720,Cantineiro (fabricação de vidros),Sinônimo
1486,623015,Capataz,Sinônimo
1487,620115,Capataz (criação de gado bovino),Sinônimo
1488,620105,Capataz da exploração agrícola,Sinônimo
1489,620110,Capataz da exploração agropecuária,Sinônimo
1490,620115,Capataz de currais bovinos,Sinônimo
1491,783220,Capataz de estiva,Sinônimo
1492,620105,Capataz de horticultura,Sinônimo
1493,620115,Capataz na exploração de pecuária,Sinônimo
1494,620105,Capataz na fruticultura e na floricultura,Sinônimo
1495,620115,Capataz na pecuária,Sinônimo
1496,620110,Capataz rural,Sinônimo
1497,842230,Capeador de charutos,Sinônimo
1498,263105,Capelão,Sinônimo
1499,622020,Capinador - na cultura,Sinônimo
1500,622020,Capinador - na lavoura,Sinônimo
1501,622020,Capineiro - na cultura,Sinônimo
1502,622020,Capinheiro - na cultura,Sinônimo
1503,622020,Capinzeiro - na cultura,Sinônimo
1504,0202,CAPITÃES DA POLÍCIA MILITAR,Família
1505,030205,Capitão bombeiro militar,Ocupação
1506,010205,Capitão da aeronáutica,Sinônimo
1507,020205,Capitão da polícia militar,Ocupação
1508,215140,Capitão de cabotagem,Sinônimo
1509,215115,Capitão de cabotagem (comandante),Sinônimo
1510,215125,Capitão de cabotagem (imediato),Sinônimo
1511,215140,Capitão de longo curso,Sinônimo
1512,215115,Capitão de longo curso (comandante),Sinônimo
1513,215125,Capitão de longo curso (imediato),Sinônimo
1514,215110,Capitão de manobra da marinha mercante,Ocupação
1515,341210,Capitão de pequena cabotagem,Sinônimo
1516,030205,Capitão do corpo de bombeiros militar,Sinônimo
1517,010210,Capitão do exército,Sinônimo
1518,517405,Capitão porteiro,Sinônimo
1519,010215,Capitão-de-corveta,Sinônimo
1520,010215,Capitão-de-mar-e-guerra,Sinônimo
1521,010215,Capitão-tenente da marinha,Sinônimo
1522,765240,Capoteiro,Sinônimo
1523,991310,Capoteiro,Sinônimo
1524,613205,Caprinocultor,Sinônimo
1525,613205,Caprinocultor - empregador,Sinônimo
1526,623205,Caprinocultor - exclusive conta própria,Sinônimo
1527,613205,Caprinocultor cabanheiro,Sinônimo
1528,613205,Caprinocultor de corte,Sinônimo
1529,613205,Caprinocultor de leite,Sinônimo
1530,613205,Caprinocultor matrizeiro,Sinônimo
1531,3721,CAPTADORES DE IMAGENS EM MOVIMENTO,Família
1532,848310,Carameleiro,Sinônimo
1533,631005,Caranguejeiro,Sinônimo
1534,715505,Carapina,Sinônimo
1535,632610,Carbonizador,Ocupação
1536,517315,Carcereiro,Sinônimo
1537,631305,Carcinicultor,Sinônimo
1538,203010,Carcinologista,Sinônimo
1539,263105,Cardeal,Sinônimo
1540,225120,Cardiologista,Sinônimo
1541,761220,Cardista,Sinônimo
1542,782810,Cargueiro,Sinônimo
1543,262405,Caricaturista,Sinônimo
1544,784105,Carimbador; a mão,Sinônimo
1545,848525,Carneador em matadouro e açougue,Sinônimo
1546,141410,Carniceiro,Sinônimo
1547,833105,Caroneiro - em cartonagem,Sinônimo
1548,622020,Carpidor - na cultura,Sinônimo
1549,715505,Carpinteiro,Ocupação
1550,715515,Carpinteiro (cenários),Ocupação
1551,715510,Carpinteiro (esquadrias),Ocupação
1552,715520,Carpinteiro (mineração),Ocupação
1553,715525,Carpinteiro (obras),Sinônimo
1554,715530,Carpinteiro (telhados),Ocupação
1555,777110,Carpinteiro (tripulante de embarcações),Sinônimo
1556,715505,Carpinteiro auxiliar,Sinônimo
1557,777205,Carpinteiro de carretas,Ocupação
1558,777210,Carpinteiro de carrocerias,Ocupação
1559,715505,Carpinteiro de estruturas,Sinônimo
1560,715515,Carpinteiro de estúdio,Sinônimo
1561,715535,Carpinteiro de fôrmas (concreto),Sinônimo
1562,715535,Carpinteiro de fôrmas para concreto,Ocupação
1563,715505,Carpinteiro de manutenção,Sinônimo
1564,715525,Carpinteiro de obras,Ocupação
1565,715540,Carpinteiro de obras civis de arte (pontes; túneis; barragens),Ocupação
1566,715540,Carpinteiro de pontes,Sinônimo
1567,777105,Carpinteiro naval (construção de pequenas embarcações),Ocupação
1568,777110,Carpinteiro naval (embarcações),Ocupação
1569,777115,Carpinteiro naval (estaleiros),Ocupação
1570,7771,CARPINTEIROS NAVAIS,Família
1571,783205,Carregador (aeronaves),Ocupação
1572,783210,Carregador (armazém),Ocupação
1573,783215,Carregador (veículos de transportes terrestres),Ocupação
1574,821205,Carregador de alto-forno,Sinônimo
1575,632305,Carregador de andiroba,Sinônimo
1576,632315,Carregador de bacaba,Sinônimo
1577,632320,Carregador de buriti,Sinônimo
1578,783215,Carregador de caminhão,Sinônimo
1579,822125,Carregador de forno de segunda fusão e reaquecimento,Sinônimo
1580,622215,Carregador de rami,Sinônimo
1581,513415,Carregador de utensílios de cozinha,Sinônimo
1582,783215,Carregador de vagões,Sinônimo
1583,783215,Carregador e descarregador de caminhões,Sinônimo
1584,782810,Carreiro,Sinônimo
1585,782505,Carreteiro (caminhoneiro de caminhão-carreta),Sinônimo
1586,782510,Carreteiro (motorista de caminhão-carreta),Sinônimo
1587,782510,Carreteiro (transporte de animal),Sinônimo
1588,782805,Carroceiro,Sinônimo
1589,519905,Cartazeiro,Ocupação
1590,415205,Carteiro,Ocupação
1591,415205,Carteiro motorizado,Sinônimo
1592,214810,Cartógrafo,Sinônimo
1593,516805,Cartomante,Sinônimo
1594,833105,Cartonageiro - em cartonagem,Sinônimo
1595,833205,Cartonageiro; a mão (caixas de papelão),Ocupação
1596,833105,Cartonageiro; a máquina,Ocupação
1597,262405,Cartunista,Sinônimo
1598,632605,Carvoeiro,Ocupação
1599,141410,Carvoeiro (comércio varejista),Sinônimo
1600,141410,Carvoeiro - no comércio - empregador,Sinônimo
1601,862105,Carvoeiro - no transporte ferroviário,Sinônimo
1602,6326,CARVOEJADORES,Família
1603,512105,Caseiro,Sinônimo
1604,622005,Caseiro (agricultura),Ocupação
1605,623025,Casqueador de animais,Ocupação
1606,623025,Casqueador de bovinos,Sinônimo
1607,632125,Casqueador de toras,Sinônimo
1608,632410,Castanheiro,Sinônimo
1609,623015,Castrador,Sinônimo
1610,623015,Castrador - na pecuária,Sinônimo
1611,622020,Catadeira - na cultura,Sinônimo
1612,622020,Catador - na cultura,Sinônimo
1613,622205,Catador de algodão,Sinônimo
1614,622610,Catador de café,Sinônimo
1615,631005,Catador de caranguejos,Sinônimo
1616,631005,Catador de caranguejos e siris,Ocupação
1617,631005,Catador de crustáceos,Sinônimo
1618,519205,Catador de ferro-velho,Sinônimo
1619,631010,Catador de mariscos,Ocupação
1620,711405,Catador de ouro,Sinônimo
1621,519205,Catador de papel e papelão,Sinônimo
1622,632365,Catador de piaçava,Sinônimo
1623,632415,Catador de pinhão,Sinônimo
1624,631005,Catador de siris,Sinônimo
1625,519205,Catador de sucata,Sinônimo
1626,519205,Catador de vasilhame,Sinônimo
1627,263105,Catequista,Sinônimo
1628,632205,Caucheiro,Sinônimo
1629,622020,Cavador - na cultura,Sinônimo
1630,717015,Cavador de poço,Sinônimo
1631,623125,Cavalariço,Sinônimo
1632,623125,Cavaleiro,Sinônimo
1633,711130,Cavouqueiro - na extração de pedras,Sinônimo
1634,612310,Cebolecultor,Sinônimo
1635,782510,Cegonheiro ( motorista de caminhão),Sinônimo
1636,622020,Ceifador,Sinônimo
1637,622020,Ceifador - na cultura,Sinônimo
1638,622020,Ceifeiro,Sinônimo
1639,842225,Celofanista na fabricação de charutos,Ocupação
1640,723105,Cementador de metais,Ocupação
1641,262305,Cenógrafo carnavalesco e festas populares,Ocupação
1642,262310,Cenógrafo de cinema,Ocupação
1643,262315,Cenógrafo de eventos,Ocupação
1644,262320,Cenógrafo de teatro,Ocupação
1645,2623,CENÓGRAFOS,Família
1646,374205,Cenotécnico (cinema; vídeo; televisão; teatro e espetáculos),Ocupação
1647,374210,Cenotécnico de filmagem,Sinônimo
1648,725010,Centralizador de canos,Sinônimo
1649,725010,Centralizador de fusos,Sinônimo
1650,725010,Centralizador de rodas,Sinônimo
1651,811305,Centrifuguista,Sinônimo
1652,752305,Cerâmico,Sinônimo
1653,752305,Ceramista,Ocupação
1654,262405,Ceramista (artes visuais),Sinônimo
1655,752325,Ceramista (confecção de moldes),Sinônimo
1656,752310,Ceramista (torno de pedal e motor),Ocupação
1657,752315,Ceramista (torno semi-automático),Ocupação
1658,752310,Ceramista artesanal,Sinônimo
1659,752310,Ceramista artístico,Sinônimo
1660,752330,Ceramista batedor de prensa extrusora,Sinônimo
1661,752405,Ceramista escultor (acabamento),Sinônimo
1662,752430,Ceramista fileteiro,Sinônimo
1663,752325,Ceramista fundidor de molde,Sinônimo
1664,752320,Ceramista modelador,Ocupação
1665,752325,Ceramista moldador,Ocupação
1666,752305,Ceramista multifuncional,Sinônimo
1667,752330,Ceramista operador de prensa hidráulica,Sinônimo
1668,752330,Ceramista prensador,Ocupação
1669,752330,Ceramista prensador (prensa a fricção),Sinônimo
1670,752330,Ceramista prensador (prensa hidráulica),Sinônimo
1671,752330,Ceramista prensista (prensa extrusora),Sinônimo
1672,752330,Ceramista prensista (prensa hidráulica),Sinônimo
1673,7523,CERAMISTAS (PREPARAÇÃO E FABRICAÇÃO),Família
1674,354825,Cerimonialista,Ocupação
1675,622020,Cerqueiro,Sinônimo
1676,841710,Cervejeiro (fabricação),Sinônimo
1677,141205,Cervejeiro - empregador,Sinônimo
1678,768210,Cerzideira de malha,Sinônimo
1679,768210,Cerzideira de meias,Sinônimo
1680,768210,Cerzideira de roupas,Sinônimo
1681,768210,Cerzideira de tecidos,Sinônimo
1682,768210,Cerzidor,Ocupação
1683,776405,Cesteiro,Ocupação
1684,225150,Ceteísta,Sinônimo
1685,623015,Cevador (pecuária),Sinônimo
1686,622005,Chacareiro - exclusive conta própria e empregador,Sinônimo
1687,782815,Chamador de bois,Sinônimo
1688,141410,Chanfaneiro,Sinônimo
1689,764115,Chanfrador de calçados,Sinônimo
1690,783215,Chapa (movimentador de mercadoria),Sinônimo
1691,783215,Chapa arrumador de caminhões,Sinônimo
1692,783215,Chapa de caminhão,Sinônimo
1693,724415,Chapeador,Ocupação
1694,724430,Chapeador de aeronaves,Ocupação
1695,724430,Chapeador de aviões,Sinônimo
1696,724420,Chapeador de carrocerias metálicas (fabricação),Ocupação
1697,775110,Chapeador de fórmica,Sinônimo
1698,775110,Chapeador de móveis de madeira,Sinônimo
1699,724415,Chapeador de móveis metálicos,Sinônimo
1700,828110,Chapeador de tijolos,Sinônimo
1701,724420,Chapeador de veículos,Sinônimo
1702,724415,Chapeador metalúrgico,Sinônimo
1703,724410,Chapeador montador,Sinônimo
1704,724425,Chapeador naval,Ocupação
1705,724415,Chapeiro,Sinônimo
1706,724410,Chapeiro (chapas de ferrro e aço),Sinônimo
1707,768125,Chapeleiro (chapéus de palha),Ocupação
1708,141410,Chapeleiro (comércio varejista),Sinônimo
1709,765010,Chapeleiro - exclusive de palha,Sinônimo
1710,765010,Chapeleiro de chapéus de luxo,Sinônimo
1711,768125,Chapeleiro de palha,Sinônimo
1712,765010,Chapeleiro de senhoras,Ocupação
1713,724430,Chapista de aeronaves,Sinônimo
1714,724420,Chapista de automóveis,Sinônimo
1715,724430,Chapista de aviões,Sinônimo
1716,724420,Chapista de carrocerias metálicas,Sinônimo
1717,513435,Chapista de lanchonete,Sinônimo
1718,991305,Chapista de veículos,Sinônimo
1719,724420,Chapista de veículos (fabricação),Sinônimo
1720,768620,Chapista paginador,Sinônimo
1721,766145,Chapista tipográfico,Sinônimo
1722,141410,Charcuteiro (comércio varejista),Sinônimo
1723,141410,Charcuteiro - no comércio - conta própria,Sinônimo
1724,262405,Chargista,Sinônimo
1725,848105,Charqueador,Sinônimo
1726,141410,Charqueador (comércio varejista),Sinônimo
1727,782805,Charreteiro,Sinônimo
1728,141410,Charuteiro (comércio varejista),Sinônimo
1729,141410,Charuteiro - no comércio - empregador,Sinônimo
1730,842230,Charuteiro a mão,Ocupação
1731,8422,CHARUTEIROS,Família
1732,412205,Chasquil,Sinônimo
1733,523115,Chaveiro,Ocupação
1734,517315,Chaveiro-carcereiro,Sinônimo
1735,271105,Chef,Sinônimo
1736,510135,Chef executivo nos serviços de alimentação,Sinônimo
1737,410105,Chefe administrativo,Sinônimo
1738,513425,Chefe da copa,Sinônimo
1739,830105,Chefe de acabamento de papel,Sinônimo
1740,410220,Chefe de administração patrimonial,Sinônimo
1741,342315,Chefe de armazém (técnicos em transportes rodoviários),Sinônimo
1742,111415,Chefe de assessoria técnica do serviço público municipal,Sinônimo
1743,510130,Chefe de bar,Ocupação
1744,510130,Chefe de barewomen,Sinônimo
1745,510105,Chefe de bilheteria,Sinônimo
1746,342315,Chefe de carga e descarga no transporte rodoviário,Sinônimo
1747,810110,Chefe de centrifugação,Sinônimo
1748,131315,Chefe de centro de formação profissional privado,Sinônimo
1749,720110,Chefe de chaparia,Sinônimo
1750,420110,Chefe de cobrança,Sinônimo
1751,840120,Chefe de confeitaria,Ocupação
1752,351110,Chefe de contabilidade (técnico),Ocupação
1753,271105,Chefe de cozinha,Ocupação
1754,711410,Chefe de cristalização,Sinônimo
1755,342305,Chefe de departamento de motoristas,Sinônimo
1756,410105,Chefe de departamento de pessoal,Sinônimo
1757,131315,Chefe de departamento em escolas privadas,Sinônimo
1758,342315,Chefe de depósito,Sinônimo
1759,142605,Chefe de desenvolvimento de novos produtos,Sinônimo
1760,412120,Chefe de digitação,Sinônimo
1761,760605,Chefe de divisão gráfica,Sinônimo
1762,410105,Chefe de escritório,Sinônimo
1763,342405,Chefe de estação (ferrovia),Sinônimo
1764,342605,Chefe de estação portuária,Ocupação
1765,410105,Chefe de expediente - no serviço público,Sinônimo
1766,840105,Chefe de fabricação de chocolate,Sinônimo
1767,510135,Chefe de fila nos serviços de alimentação,Sinônimo
1768,111415,Chefe de gabinete do serviço público municipal,Sinônimo
1769,342310,Chefe de garagem (transporte rodoviário),Sinônimo
1770,510205,Chefe de lavanderia,Sinônimo
1771,783110,Chefe de manobra - no transporte ferroviário,Sinônimo
1772,950205,Chefe de manutenção eletroeletrônica veicular,Sinônimo
1773,950110,Chefe de manutenção eletromecânica,Sinônimo
1774,910105,Chefe de manutenção mecânica de sistemas operacionais,Sinônimo
1775,862110,Chefe de máquina - no transporte marítimo,Sinônimo
1776,215205,Chefe de máquinas da marinha mercante,Sinônimo
1777,373220,Chefe de operações de sistemas de televisão e produtoras de vídeo,Sinônimo
1778,342610,Chefe de operações portuárias,Sinônimo
1779,410230,Chefe de orçamento,Sinônimo
1780,271105,Chefe de partida,Sinônimo
1781,510110,Chefe de portaria (edifício),Sinônimo
1782,510120,Chefe de portaria de hotel,Ocupação
1783,720215,Chefe de produção (indústria de máquinas e outros equipamentos mecânicos),Sinônimo
1784,730105,Chefe de produção (indústria de material elétrico e eletrônico),Sinônimo
1785,820205,Chefe de produção na fabricação de produtos de cerâmica; porcelanatos e afins,Sinônimo
1786,820210,Chefe de produção na fabricação de produtos de vidro,Sinônimo
1787,420125,Chefe de recepção,Sinônimo
1788,351305,Chefe de recurso de glosa de contas de convênios (administração de hospital),Sinônimo
1789,351305,Chefe de recurso de glosas de contas nos hostpitais (administração de convênios e fonte pagadora)   Sinônimo,
1790,410105,Chefe de seção - no serviço público,Sinônimo
1791,760605,Chefe de seção de artes gráficas,Sinônimo
1792,410105,Chefe de seção de expedição,Sinônimo
1793,860105,Chefe de seção de manutenção eletromecânica (utilidades),Sinônimo
1794,710120,Chefe de seção de mina,Sinônimo
1795,410105,Chefe de seção de serviços gerais - exclusive no serviço público,Sinônimo
1796,410105,Chefe de serviço de limpeza,Sinônimo
1797,131120,Chefe de serviço de pesquisa e estatística,Sinônimo
1798,342305,Chefe de serviço de transporte rodoviário,Sinônimo
1799,342305,Chefe de serviço de transporte rodoviário (passageiros e cargas),Ocupação
1800,410235,Chefe de serviço financeiro,Sinônimo
1801,353235,Chefe de serviços bancários,Ocupação
1802,410105,Chefe de serviços de coordenação de contratos,Sinônimo
1803,131210,Chefe de serviços de saúde,Sinônimo
1804,410105,Chefe de setor - exclusive no serviço público,Sinônimo
1805,410105,Chefe de setor - no serviço público,Sinônimo
1806,720130,Chefe de setor de cromação,Sinônimo
1807,720125,Chefe de setor de fundição de metais,Sinônimo
1808,810205,Chefe de setor de plásticos,Sinônimo
1809,342305,Chefe de transporte - no serviço público,Sinônimo
1810,342305,Chefe de transportes - exclusive no serviço público,Sinônimo
1811,622020,Chefe de turma volante - na cultura,Sinônimo
1812,111410,Chefe do serviço público estadual e distrital,Sinônimo
1813,271105,Chefe executivo de cozinha,Sinônimo
1814,2711,CHEFES DE COZINHA E AFINS,Família
1815,782305,Chofer,Sinônimo
1816,782315,Chofer de praça,Sinônimo
1817,841710,Chopeiro,Sinônimo
1818,141410,Chumbeiro (comércio varejista),Sinônimo
1819,513605,Churrasqueiro,Ocupação
1820,782820,Ciclista de carga,Sinônimo
1821,519105,Ciclista mensageiro,Ocupação
1822,261205,Cientista de informação,Sinônimo
1823,251115,Cientista político,Ocupação
1824,251115,Cientista social,Sinônimo
1825,141410,Cigarreiro (comércio varejista),Sinônimo
1826,8421,CIGARREIROS E BENEFICIADORES DE FUMO,Família
1827,848315,Cilindreiro de preparação de massa alimentícia,Sinônimo
1828,831105,Cilindreiro na preparação de pasta para fabricação de papel,Ocupação
1829,813105,Cilindrista (petroquímica e afins),Ocupação
1830,811710,Cilindrista de borracha,Sinônimo
1831,766250,Cilindrista de imprensa,Sinônimo
1832,811745,Cilindrista de plástico,Sinônimo
1833,316340,Cimentador (poços de petróleo),Ocupação
1834,262205,Cineasta,Sinônimo
1835,224110,Cinesiólogo ludomotricista,Sinônimo
1836,768305,Cinteiro (correeiro),Sinônimo
1837,751125,Cinzelador de metais preciosos,Sinônimo
1838,773125,Circuleiro,Sinônimo
1839,225225,Cirurgião,Sinônimo
1840,225210,Cirurgião cardiovascular,Sinônimo
1841,225295,Cirurgião da mão,Sinônimo
1842,225215,Cirurgião de cabeça e pescoço,Sinônimo
1843,225255,Cirurgião de mama,Sinônimo
1844,223204,Cirurgião dentista - auditor,Ocupação
1845,223280,Cirurgião dentista - dentística,Ocupação
1846,223284,Cirurgião dentista - disfunção temporomandibular e dor orofacial,Ocupação
1847,223212,Cirurgião dentista - endodontista,Ocupação
1848,223216,Cirurgião dentista - epidemiologista,Ocupação
1849,223220,Cirurgião dentista - estomatologista,Ocupação
1850,223224,Cirurgião dentista - implantodontista,Ocupação
1851,223228,Cirurgião dentista - odontogeriatra,Ocupação
1852,223276,Cirurgião dentista - odontologia do trabalho,Ocupação
1853,223288,Cirurgião dentista - odontologia para pacientes com necessidades especiais   Ocupação,
1854,223232,Cirurgião dentista - odontologista legal,Ocupação
1855,223236,Cirurgião dentista - odontopediatra,Ocupação
1856,223240,Cirurgião dentista - ortopedista e ortodontista,Ocupação
1857,223244,Cirurgião dentista - patologista bucal,Ocupação
1858,223248,Cirurgião dentista - periodontista,Ocupação
1859,223252,Cirurgião dentista - protesiólogo bucomaxilofacial,Ocupação
1860,223256,Cirurgião dentista - protesista,Ocupação
1861,223260,Cirurgião dentista - radiologista,Ocupação
1862,223264,Cirurgião dentista - reabilitador oral,Ocupação
1863,223268,Cirurgião dentista - traumatologista bucomaxilofacial,Ocupação
1864,223272,Cirurgião dentista de saúde coletiva,Ocupação
1865,225220,Cirurgião do aparelho digestivo,Sinônimo
1866,225220,Cirurgião gastroenterológico,Sinônimo
1867,225225,Cirurgião geral,Sinônimo
1868,225250,Cirurgião ginecológico,Sinônimo
1869,225255,Cirurgião mastologista,Sinônimo
1870,223268,Cirurgião oral e maxilofacial,Sinônimo
1871,225270,Cirurgião ortopedista,Sinônimo
1872,225275,Cirurgião otorrinolaringologista,Sinônimo
1873,225230,Cirurgião pediátrico,Sinônimo
1874,225235,Cirurgião plástico,Sinônimo
1875,225280,Cirurgião proctologista,Sinônimo
1876,225240,Cirurgião torácico,Sinônimo
1877,225270,Cirurgião traumatologista,Sinônimo
1878,225285,Cirurgião urológico,Sinônimo
1879,225285,Cirurgião urologista,Sinônimo
1880,225203,Cirurgião vascular,Sinônimo
1881,223293,Cirurgião-dentista da estratégia de saúde da família,Ocupação
1882,2232,CIRURGIÕES-DENTISTAS,Família
1883,717015,Cisterneiro,Sinônimo
1884,221105,Citologista,Sinônimo
1885,225305,Citopatologista,Sinônimo
1886,324215,Citotécnico,Ocupação
1887,324215,Citotecnologista,Sinônimo
1888,612505,Citricultor,Sinônimo
1889,841720,Clarificador de vinhos,Sinônimo
1890,761105,Classificador de algodão - no beneficiamento de fibras têxteis,Sinônimo
1891,761105,Classificador de algodão em caroço,Sinônimo
1892,761105,Classificador de algodão em pluma,Sinônimo
1893,711105,Classificador de amostras - na mineração,Sinônimo
1894,848420,Classificador de bebida,Sinônimo
1895,848520,Classificador de carnes,Sinônimo
1896,848520,Classificador de carnes em matadouro,Sinônimo
1897,632325,Classificador de cera de carnaúba - na extração,Sinônimo
1898,842215,Classificador de charutos,Ocupação
1899,415210,Classificador de correspondências (correios e telégrafos),Sinônimo
1900,762210,Classificador de couros,Ocupação
1901,784105,Classificador de embalagens (manual),Sinônimo
1902,761105,Classificador de fibras na indústria têxtil,Sinônimo
1903,761105,Classificador de fibras têxteis,Ocupação
1904,842115,Classificador de fumo,Ocupação
1905,848425,Classificador de grãos,Ocupação
1906,761105,Classificador de lã na indústria têxtil,Sinônimo
1907,772105,Classificador de lâminas (madeira),Sinônimo
1908,848420,Classificador de licores,Sinônimo
1909,772105,Classificador de madeira,Ocupação
1910,772105,Classificador de madeira na indústria,Sinônimo
1911,711105,Classificador de minérios,Sinônimo
1912,762105,Classificador de peles,Ocupação
1913,761105,Classificador de sisal - no beneficiamento,Sinônimo
1914,761815,Classificador de tecidos,Sinônimo
1915,632105,Classificador de toras,Ocupação
1916,848420,Classificador de vinhos,Sinônimo
1917,823305,Classificador e empilhador de tijolos e telhas,Sinônimo
1918,823305,Classificador e empilhador de tijolos refratários,Ocupação
1919,263105,Clérigo,Sinônimo
1920,376245,Clown,Sinônimo
1921,262505,Coadjuvante (artístico),Sinônimo
1922,421305,Cobrador de aluguéis,Sinônimo
1923,511215,Cobrador de transportes coletivos (exceto trem),Ocupação
1924,421305,Cobrador externo,Ocupação
1925,421310,Cobrador interno,Ocupação
1926,421305,Cobrador pracista,Sinônimo
1927,421305,Cobrador viajante,Sinônimo
1928,4213,COBRADORES E AFINS,Família
1929,623405,Cobreiro,Sinônimo
1930,782805,Cocheiro,Sinônimo
1931,415115,Codificador de dados,Ocupação
1932,613310,Coelheiro,Sinônimo
1933,763325,Coladeira (confecção em série),Sinônimo
1934,784105,Colador de caixas,Sinônimo
1935,764115,Colador de calçados,Sinônimo
1936,519905,Colador de cartazes,Sinônimo
1937,768325,Colador de couro - exclusive calçados,Sinônimo
1938,768305,Colador de couro; a mão,Sinônimo
1939,764120,Colador de palmilhas,Sinônimo
1940,784115,Colador de rótulos em caixas,Sinônimo
1941,765205,Colchoeiro (confecção de colchões),Ocupação
1942,371205,Colecionador de selos e moedas,Ocupação
1943,424120,Coletador de preços,Sinônimo
1944,4212,COLETADORES DE APOSTAS E DE JOGOS,Família
1945,632205,Coletor de látex,Sinônimo
1946,514205,Coletor de lixo,Sinônimo
1947,514205,Coletor de lixo domiciliar,Ocupação
1948,514230,Coletor de lixo hospitalar,Sinônimo
1949,514230,Coletor de resíduos de saúde,Sinônimo
1950,514230,Coletor de resíduos hospitalares,Sinônimo
1951,514230,Coletor de resíduos sólidos de serviços de saúde,Ocupação
1952,632215,Coletor de resinas,Sinônimo
1953,632015,Coletor de sementes (floresta),Sinônimo
1954,622020,Coletor na cultura,Sinônimo
1955,752115,Colhedor - em fábrica de vidro,Sinônimo
1956,622020,Colhedor - na cultura,Sinônimo
1957,622205,Colhedor de algodão,Sinônimo
1958,711105,Colhedor de amostras - em minas,Sinônimo
1959,622105,Colhedor de arroz,Sinônimo
1960,622505,Colhedor de banana,Sinônimo
1961,622605,Colhedor de cacau,Sinônimo
1962,622610,Colhedor de café,Sinônimo
1963,622505,Colhedor de caju,Sinônimo
1964,622110,Colhedor de cana-de-açúcar,Sinônimo
1965,622715,Colhedor de coco,Sinônimo
1966,622615,Colhedor de erva-mate,Sinônimo
1967,622620,Colhedor de fumo,Sinônimo
1968,622625,Colhedor de guaraná,Sinônimo
1969,622505,Colhedor de laranja,Sinônimo
1970,622505,Colhedor de manga,Sinônimo
1971,622505,Colhedor de pêssego,Sinônimo
1972,622015,Colhedor de sementes,Sinônimo
1973,622515,Colhedor de uva,Sinônimo
1974,716505,Colocador de assoalho,Sinônimo
1975,519905,Colocador de cartazes,Sinônimo
1976,716515,Colocador de cerâmica,Sinônimo
1977,716515,Colocador de cerâmica (pastilhas),Sinônimo
1978,724205,Colocador de estruturas metálicas,Sinônimo
1979,519905,Colocador de painéis,Sinônimo
1980,716615,Colocador de papel de parede,Sinônimo
1981,716615,Colocador de piso vinílico,Sinônimo
1982,716615,Colocador de pisos emborrachados,Sinônimo
1983,716535,Colocador de tacos,Sinônimo
1984,716615,Colocador de tapetes; carpetes e pisos plásticos,Sinônimo
1985,621005,Colono - na agropecuária,Sinônimo
1986,612105,Colono na produção de arroz,Sinônimo
1987,612115,Colono na produção de cereais de inverno,Sinônimo
1988,612120,Colono na produção de gramíneas forrageiras,Sinônimo
1989,612125,Colono na produção de milho e sorgo,Sinônimo
1990,225280,Coloproctologista,Sinônimo
1991,311715,Colorista,Sinônimo
1992,311725,Colorista - na indústria do couro,Sinônimo
1993,311725,Colorista de couro,Sinônimo
1994,311705,Colorista de papel,Ocupação
1995,3117,COLORISTAS,Família
1996,261125,Colunista,Sinônimo
1997,261125,Colunista de jornal,Sinônimo
1998,215115,Comandante da marinha mercante,Ocupação
1999,782810,Comboieiro,Sinônimo
2000,262505,Comediante,Sinônimo
2001,376215,Comedor de espada,Sinônimo
2002,376215,Comedor de fogo (pirofagista),Sinônimo
2003,261710,Comentarista cultural,Sinônimo
2004,261710,Comentarista de esportes,Sinônimo
2005,261710,Comentarista de jornal,Sinônimo
2006,261710,Comentarista de moda,Sinônimo
2007,261710,Comentarista de rádio e televisão,Ocupação
2008,376310,Comentarista de rodeio,Sinônimo
2009,261710,Comentarista econômico,Sinônimo
2010,261710,Comentarista político,Sinônimo
2011,141405,Comerciante atacadista,Ocupação
2012,141410,Comerciante varejista,Ocupação
2013,376245,Cômico de circo,Sinônimo
2014,351730,Comissário de avarias,Sinônimo
2015,511105,Comissário de bordo,Sinônimo
2016,513320,Comissário de bordo no transporte marítimo,Sinônimo
2017,141405,Comissário de café,Sinônimo
2018,141405,Comissário de mercadorias,Sinônimo
2019,351810,Comissário de polícia,Sinônimo
2020,511110,Comissário de trem,Ocupação
2021,511105,Comissário de vôo,Ocupação
2022,413215,Compensador de banco,Ocupação
2023,262605,Compositor,Ocupação
2024,374415,Compositor de imagens,Sinônimo
2025,262605,Compositor de música,Sinônimo
2026,768610,Compositor de texto,Sinônimo
2027,766145,Compositor; a máquina,Sinônimo
2028,848310,Compoteiro,Sinônimo
2029,354205,Comprador,Ocupação
2030,842115,Comprador de fumo,Sinônimo
2031,3542,COMPRADORES,Família
2032,862130,Compressorista de ar,Sinônimo
2033,391110,Computometrista,Sinônimo
2034,261715,Comunicador de rádio e televisão,Sinônimo
2035,422130,Concierge,Ocupação
2036,715415,Concreteiro,Sinônimo
2037,623005,Condicionador de animais,Sinônimo
2038,832125,Condutor em fábrica de papel,Sinônimo
2039,782320,Condutor de ambulância,Ocupação
2040,715140,Condutor de asfaltadora,Sinônimo
2041,715105,Condutor de bate-estaca,Sinônimo
2042,715405,Condutor de betoneira,Sinônimo
2043,519105,Condutor de bicicleta no transporte de mercadorias,Sinônimo
2044,782815,Condutor de boiada,Sinônimo
2045,623015,Condutor de bois - na criação,Sinônimo
2046,623015,Condutor de bovinos,Sinônimo
2047,782805,Condutor de carroça,Sinônimo
2048,782805,Condutor de charrete,Sinônimo
2049,632005,Condutor de ecotrilha,Sinônimo
2050,715115,Condutor de escavadeira,Sinônimo
2051,711220,Condutor de máquina contínua de extração,Sinônimo
2052,715120,Condutor de máquina de abrir valas,Sinônimo
2053,832125,Condutor de máquina de fabricar papel e papelão,Sinônimo
2054,832115,Condutor de máquina de papel (fase úmida),Sinônimo
2055,831125,Condutor de máquina de secagem de celulose,Sinônimo
2056,831105,Condutor de máquina de secagem na fabricação de pasta/celulose,Sinônimo
2057,341310,Condutor de máquinas,Ocupação
2058,341320,Condutor de máquinas (bombeador),Ocupação
2059,341325,Condutor de máquinas (mecânico),Ocupação
2060,715130,Condutor de motoniveladora,Sinônimo
2061,715130,Condutor de niveladora,Sinônimo
2062,715115,Condutor de pá mecânica,Sinônimo
2063,715140,Condutor de pavimentadora,Sinônimo
2064,711315,Condutor de perfuradora de precisão,Sinônimo
2065,781105,Condutor de processos robotizados de pintura,Ocupação
2066,781110,Condutor de processos robotizados de soldagem,Ocupação
2067,782315,Condutor de táxi,Sinônimo
2068,782320,Condutor de transporte de pacientes,Sinônimo
2069,511505,Condutor de turismo de aventura,Ocupação
2070,782310,Condutor de veículo de carga,Sinônimo
2071,782820,Condutor de veículos a pedais,Ocupação
2072,782320,Condutor de veículos ambulatoriais,Sinônimo
2073,782805,Condutor de veículos de tração animal (ruas e estradas),Ocupação
2074,341305,Condutor maquinista motorista fluvial,Ocupação
2075,7828,CONDUTORES DE ANIMAIS E DE VEÍCULOS DE TRAÇÃO ANIMAL E PEDAIS,Família
2076,7811,CONDUTORES DE PROCESSOS ROBOTIZADOS,Família
2077,5115,CONDUTORES DE TURISMO,Família
2078,263105,Cônega,Sinônimo
2079,263105,Cônego,Sinônimo
2080,742110,Confeccionador de acordeão,Ocupação
2081,765005,Confeccionador de artefatos de couro (exceto sapatos),Ocupação
2082,833110,Confeccionador de artigos de papel e papelão,Sinônimo
2083,833110,Confeccionador de bolsas de papel,Sinônimo
2084,833110,Confeccionador de bolsas; sacos e sacolas e papel; a máquina,Ocupação
2085,765215,Confeccionador de brinquedos de pano,Ocupação
2086,768325,Confeccionador de cabrestos,Sinônimo
2087,833105,Confeccionador de caixas de papelão,Sinônimo
2088,833205,Confeccionador de caixas de papelão; a mão,Sinônimo
2089,833105,Confeccionador de caixas de papelão; a máquina,Sinônimo
2090,768320,Confeccionador de calçados de couro,Sinônimo
2091,811715,Confeccionador de câmaras de ar,Sinônimo
2092,768630,Confeccionador de carimbos,Sinônimo
2093,768630,Confeccionador de carimbos de borracha,Ocupação
2094,768125,Confeccionador de chapéus de palha,Sinônimo
2095,776415,Confeccionador de escovas,Sinônimo
2096,776410,Confeccionador de escovas; pincéis e produtos similares (a mão),Ocupação
2097,776415,Confeccionador de escovas; pincéis e produtos similares (a máquina),Ocupação
2098,812105,Confeccionador de estalinho,Sinônimo
2099,776425,Confeccionador de esteiras,Sinônimo
2100,776425,Confeccionador de esteiras de palha,Sinônimo
2101,812105,Confeccionador de foguetes,Sinônimo
2102,742115,Confeccionador de instrumentos de corda,Ocupação
2103,742120,Confeccionador de instrumentos de percussão (pele; couro ou plástico),Ocupação
2104,742125,Confeccionador de instrumentos de sopro (madeira),Ocupação
2105,742130,Confeccionador de instrumentos de sopro (metal),Ocupação
2106,823265,Confeccionador de lixas,Sinônimo
2107,766145,Confeccionador de matrizes tipográficas,Sinônimo
2108,776420,Confeccionador de móveis de vime; junco e bambu,Ocupação
2109,742135,Confeccionador de órgão,Ocupação
2110,742140,Confeccionador de piano,Ocupação
2111,776415,Confeccionador de pincéis,Sinônimo
2112,776415,Confeccionador de pincéis; escovas e vassouras,Sinônimo
2113,811715,Confeccionador de pneumáticos,Ocupação
2114,811715,Confeccionador de pneus,Sinônimo
2115,833110,Confeccionador de produtos de papel e papelão,Sinônimo
2116,833110,Confeccionador de sacolas de papel,Sinônimo
2117,833115,Confeccionador de sacos de celofane; a máquina,Ocupação
2118,833110,Confeccionador de sacos de papel,Sinônimo
2119,742120,Confeccionador de tambores (música),Sinônimo
2120,776430,Confeccionador de vassouras de piaçaba; palha; cerdas plásticas e náilon,Sinônimo
2121,765225,Confeccionador de velas náuticas; barracas e toldos,Ocupação
2122,811725,Confeccionador de velas por imersão,Ocupação
2123,811735,Confeccionador de velas por moldagem,Ocupação
2124,7764,CONFECCIONADORES DE ARTEFATOS DE MADEIRA; MÓVEIS DE VIME E AFINS,Família
2125,7421,CONFECCIONADORES DE INSTRUMENTOS MUSICAIS,Família
2126,848310,Confeiteiro,Ocupação
2127,414215,Conferente de carga e descarga,Ocupação
2128,414210,Conferente de controle de produção,Sinônimo
2129,411045,Conferente de documentação de importação e exportação,Sinônimo
2130,411045,Conferente de exportação,Sinônimo
2131,414215,Conferente de faturas e notas fiscais,Sinônimo
2132,414105,Conferente de mercadoria,Sinônimo
2133,413220,Conferente de serviços bancários,Ocupação
2134,414215,Conferente portuário,Sinônimo
2135,516335,Conferente-expedidor de roupas (lavanderias),Ocupação
2136,263105,Confessor,Sinônimo
2137,765010,Conformador de chapéus,Sinônimo
2138,263115,Consagrado,Sinônimo
2139,111405,Conselheiro (diplomacia),Sinônimo
2140,263115,Conselheiro correicional eclesiástico,Sinônimo
2141,515315,Conselheiro de dependente químico,Sinônimo
2142,263115,Conselheiro do tribunal eclesiástico,Sinônimo
2143,371405,Conselheiro em acantonamento,Sinônimo
2144,515320,Conselheiro tutelar,Ocupação
2145,992115,Consertador de pneus,Sinônimo
2146,954210,Consertador de rádio,Sinônimo
2147,768210,Consertador de roupas,Sinônimo
2148,214115,Conservador de edificações,Sinônimo
2149,715140,Conservador de estradas de rodagem,Sinônimo
2150,514315,Conservador de fachadas,Sinônimo
2151,732105,Conservador de linhas elétricas e telefônicas,Sinônimo
2152,261310,Conservador de museu,Sinônimo
2153,631405,Conservador de pescado em barco de pesca (gelador industrial),Sinônimo
2154,631410,Conservador de pescado em barco de pesca (gelador profissional),Sinônimo
2155,991105,Conservador de via permanente (trilhos),Ocupação
2156,262415,Conservador-restaurador de bens culturais,Ocupação
2157,9911,CONSERVADORES DE VIAS PERMANENTES (TRILHOS),Família
2158,710205,Construtor civil,Sinônimo
2159,374205,Construtor de cenários,Sinônimo
2160,241040,Consultor,Sinônimo
2161,252105,Consultor administrativo,Sinônimo
2162,351115,Consultor contábil (técnico),Ocupação
2163,421305,Consultor de cobrança,Sinônimo
2164,261205,Consultor de informação,Sinônimo
2165,252105,Consultor de organização,Sinônimo
2166,354150,Consultor de produtos farmacêuticos,Sinônimo
2167,212405,Consultor de tecnologia da informação,Sinônimo
2168,521110,Consultor de vendas,Sinônimo
2169,354815,Consultor de viagem,Sinônimo
2170,122520,Consultor em turismo (turismólogo),Sinônimo
2171,354605,Consultor imobiliário,Sinônimo
2172,241040,Consultor jurídico,Ocupação
2173,214705,Consultor técnico - na extração mineral,Sinônimo
2174,222115,Consultor técnico em aqüicultura,Sinônimo
2175,222120,Consultor técnico em exploração vegetal,Sinônimo
2176,222115,Consultor técnico em pesca,Sinônimo
2177,252210,Contabilista,Sinônimo
2178,252210,Contador,Ocupação
2179,262505,Contador de história,Sinônimo
2180,252210,Contador judicial,Sinônimo
2181,2522,CONTADORES E AFINS,Família
2182,322305,Contatólogo,Sinônimo
2183,412205,Contínuo,Ocupação
2184,4122,CONTÍNUOS,Família
2185,261515,Contista,Sinônimo
2186,376220,Contorcionista,Ocupação
2187,010115,Contra-almirante,Sinônimo
2188,860110,Contramestre (distribuição de energia elétrica; gás e água),Sinônimo
2189,830105,Contramestre (indústria de celulose; papel e papelão),Sinônimo
2190,720215,Contramestre (indústria de máquinas e outros equipamentos mecânicos),Sinônimo
2191,860115,Contramestre (produção de energia elétrica; gás e captação de água),Sinônimo
2192,760405,Contramestre da indústria de calçados,Sinônimo
2193,860115,Contramestre de abastecimento; captação e distribuição de água,Sinônimo
2194,760105,Contramestre de acabamento (indústria têxtil),Ocupação
2195,910905,Contramestre de conservação de vias permanentes,Sinônimo
2196,760110,Contramestre de fiação (indústria têxtil),Ocupação
2197,720215,Contramestre de indústrias de máquinas,Sinônimo
2198,760120,Contramestre de indústrias têxtil,Sinônimo
2199,760115,Contramestre de malharia (indústria têxtil),Ocupação
2200,860105,Contramestre de manutenção (serviço de esgotos sanitários),Sinônimo
2201,860105,Contramestre de manutenção de serviço de esgoto,Sinônimo
2202,860110,Contramestre de produção e distribuição de energia elétrica,Sinônimo
2203,760120,Contramestre de tecelagem (indústria têxtil),Ocupação
2204,722105,Contramestre ferreiro,Sinônimo
2205,782705,Contramestre fluvial,Sinônimo
2206,841310,Controlador da velocidade de equipamentos na refinação de açúcar,Sinônimo
2207,414105,Controlador de almoxarifado,Sinônimo
2208,862120,Controlador de caldeira,Sinônimo
2209,821245,Controlador de carro torpedo,Sinônimo
2210,342410,Controlador de centro de controle operacional,Sinônimo
2211,342410,Controlador de centro de controle operacional (metrô e ferrovia),Sinônimo
2212,841468,Controlador de dosadores de rações,Sinônimo
2213,391115,Controlador de entrada e saída,Ocupação
2214,411035,Controlador de estatística,Sinônimo
2215,821305,Controlador de laminação,Sinônimo
2216,377245,Controlador de líbero (vôlei),Sinônimo
2217,414205,Controlador de mão-de-obra,Sinônimo
2218,862110,Controlador de motores - no transporte marítimo,Sinônimo
2219,410230,Controlador de orçamento,Sinônimo
2220,519910,Controlador de pragas,Ocupação
2221,414210,Controlador de produção,Sinônimo
2222,391205,Controlador de qualidade,Sinônimo
2223,342310,Controlador de serviço de transporte rodoviário,Sinônimo
2224,342115,Controlador de serviços de máquinas e veículos,Ocupação
2225,414210,Controlador de serviços de produção,Sinônimo
2226,342410,Controlador de tráfego,Sinônimo
2227,711130,Controlador de tráfego -na mineração,Sinônimo
2228,342505,Controlador de tráfego aéreo,Ocupação
2229,342505,Controlador de vôo,Sinônimo
2230,252210,Controller (contador),Sinônimo
2231,111405,Coordenador do serviço público federal,Sinônimo
2232,410105,Coordenador administrativo,Sinônimo
2233,239405,Coordenador auxiliar de curso,Sinônimo
2234,142210,Coordenador de administração de pessoal,Sinônimo
2235,377230,Coordenador de área (judô),Sinônimo
2236,760605,Coordenador de artes gráficas,Sinônimo
2237,113015,Coordenador de associação quilombola,Sinônimo
2238,760310,Coordenador de bordado,Sinônimo
2239,720110,Coordenador de caldeiraria,Sinônimo
2240,377210,Coordenador de câmara de chegada,Sinônimo
2241,420110,Coordenador de cobrança,Sinônimo
2242,142405,Coordenador de compras,Sinônimo
2243,252210,Coordenador de contabilidade,Sinônimo
2244,760305,Coordenador de corte na confecção do vestuário,Sinônimo
2245,412120,Coordenador de digitação,Sinônimo
2246,239405,Coordenador de disciplina e área de estudo,Sinônimo
2247,239405,Coordenador de ensino,Sinônimo
2248,114305,Coordenador de entidade religiosa,Sinônimo
2249,131115,Coordenador de eventos,Sinônimo
2250,224135,Coordenador de futebol,Sinônimo
2251,910115,Coordenador de manutenção eletrônica,Sinônimo
2252,910105,Coordenador de manutenção mecânica de sistemas operacionais,Sinônimo
2253,411050,Coordenador de microcrédito,Sinônimo
2254,253120,Coordenador de mídia,Sinônimo
2255,141305,Coordenador de obras (construção civil),Sinônimo
2256,215120,Coordenador de operações de combate à poluição no meio aquaviário,Ocupação
2257,373220,Coordenador de operações de sistemas de televisão e produtoras de vídeo,Sinônimo
2258,342610,Coordenador de operações portuárias,Sinônimo
2259,239415,Coordenador de orientação pedagógica,Sinônimo
2260,141110,Coordenador de produção de madeira,Sinônimo
2261,373210,Coordenador de programação em operação de equipamento de exibição em televisão   Sinônimo,
2262,142705,Coordenador de projetos de manutenção,Sinônimo
2263,131120,Coordenador de projetos sociais,Sinônimo
2264,420125,Coordenador de recepção,Sinônimo
2265,141510,Coordenador de restaurante,Sinônimo
2266,142205,Coordenador de rh,Sinônimo
2267,239415,Coordenador de serviço de orientação pedagógica,Sinônimo
2268,142705,Coordenador de serviços de manutenção,Sinônimo
2269,342305,Coordenador de tráfego rodoviário,Sinônimo
2270,830105,Coordenador de turno - área de fibras,Sinônimo
2271,830105,Coordenador de turno - área de papel,Sinônimo
2272,141510,Coordenador de vendas (restaurante),Sinônimo
2273,111410,Coordenador do serviço público estadual e distrital,Sinônimo
2274,239405,Coordenador escolar,Sinônimo
2275,131115,Coordenador executivo,Sinônimo
2276,122605,Coordenador geral de operações de correios,Sinônimo
2277,111405,Coordenador geral do serviço público federal,Sinônimo
2278,239405,Coordenador pedagógico,Ocupação
2279,950110,Coordenador técnico de eletromecânica,Sinônimo
2280,513425,Copeiro,Ocupação
2281,513425,Copeiro de bar,Sinônimo
2282,513425,Copeiro de eventos,Sinônimo
2283,513425,Copeiro de hotel,Sinônimo
2284,513425,Copeiro de lanchonete,Sinônimo
2285,513425,Copeiro de restaurante,Sinônimo
2286,513430,Copeiro de hospital,Ocupação
2287,766105,Copiador de chapa,Ocupação
2288,766125,Copiador de chapas de off-set,Sinônimo
2289,766145,Copiador de clicheria,Sinônimo
2290,766145,Copiador de clichês tipográficos,Sinônimo
2291,766145,Copiador de desenhos sobre pedras litográficas,Sinônimo
2292,415130,Copiador de documentos,Sinônimo
2293,766125,Copiador de fotolito,Sinônimo
2294,768605,Copiador de texto na tipografia,Sinônimo
2295,318010,Copista de croqui,Sinônimo
2296,514305,Cordeiro - limpeza de vidros,Sinônimo
2297,514315,Cordista,Sinônimo
2298,262815,Coreógrafo,Ocupação
2299,262815,Coreógrafo bailarino,Sinônimo
2300,030105,Coronel bombeiro militar,Ocupação
2301,010205,Coronel da aeronáutica,Sinônimo
2302,020105,Coronel da polícia militar,Ocupação
2303,030105,Coronel do corpo de bombeiros militar,Sinônimo
2304,010210,Coronel do exército,Sinônimo
2305,377140,Corredor fundista,Sinônimo
2306,768325,Correeiro (peças para animais),Sinônimo
2307,141205,Correeiro - empregador,Sinônimo
2308,141205,Correiro - empregador,Sinônimo
2309,261125,Correspondente de jornal,Sinônimo
2310,261125,Correspondente de línguas estrangeiras,Sinônimo
2311,253140,Corretor de anúncios (publicidade),Sinônimo
2312,342120,Corretor de frete,Sinônimo
2313,354605,Corretor de imóveis,Ocupação
2314,253305,Corretor de mercadorias,Sinônimo
2315,253305,Corretor de mercadorias e futuros,Sinônimo
2316,354505,Corretor de seguros,Ocupação
2317,253305,Corretor de valores; ativos financeiros; mercadorias e derivativos,Ocupação
2318,3546,CORRETORES DE IMÓVEIS,Família
2319,3545,CORRETORES DE SEGUROS,Família
2320,141205,Corrieiro - empregador,Sinônimo
2321,766320,Cortador de papel à guilhotina,Sinônimo
2322,773125,Cortador a serra circular,Sinônimo
2323,622105,Cortador de arroz,Sinônimo
2324,765105,Cortador de artefatos de couro (exceto roupas e calçados),Ocupação
2325,632120,Cortador de árvores,Sinônimo
2326,828110,Cortador de barro,Sinônimo
2327,766320,Cortador de bobina de papel,Sinônimo
2328,764105,Cortador de calçados,Sinônimo
2329,768310,Cortador de calçados; a mão (exceto solas),Ocupação
2330,764105,Cortador de calçados; a máquina (exceto solas e palmilhas),Ocupação
2331,622110,Cortador de cana-de-açúcar,Sinônimo
2332,764105,Cortador de capas de saltos para calçados,Sinônimo
2333,848510,Cortador de carne em açougue,Sinônimo
2334,848525,Cortador de carne em matadouro,Sinônimo
2335,632120,Cortador de cepos,Sinônimo
2336,773105,Cortador de chapas de madeiras,Sinônimo
2337,765010,Cortador de chapéus,Sinônimo
2338,842220,Cortador de charutos,Ocupação
2339,764105,Cortador de couro na fabricação de calçados,Sinônimo
2340,752235,Cortador de cristais de óptica,Sinônimo
2341,622720,Cortador de dendê,Sinônimo
2342,724310,Cortador de ferro,Sinônimo
2343,773105,Cortador de laminados de madeira,Ocupação
2344,632120,Cortador de lenha,Sinônimo
2345,712205,Cortador de mármore,Sinônimo
2346,724310,Cortador de metais,Sinônimo
2347,632355,Cortador de ouricuri,Sinônimo
2348,632325,Cortador de palha de carnaúba,Sinônimo
2349,632355,Cortador de palha de ouricuri,Sinônimo
2350,632365,Cortador de palha de piaçava,Sinônimo
2351,764110,Cortador de palmilhas,Sinônimo
2352,766320,Cortador de papel,Sinônimo
2353,766320,Cortador de papel em máquina eletrônica,Sinônimo
2354,712205,Cortador de pedras,Ocupação
2355,712205,Cortador de pedras - lavra de pedras,Sinônimo
2356,711110,Cortador de pedras - na extração de pedras,Sinônimo
2357,632365,Cortador de piaçava,Sinônimo
2358,622215,Cortador de rami,Sinônimo
2359,763110,Cortador de roupas,Ocupação
2360,763110,Cortador de roupas (couro e pele),Sinônimo
2361,848115,Cortador de salsichas,Sinônimo
2362,764110,Cortador de solas e palmilhas; a máquina,Ocupação
2363,764110,Cortador de solas; a máquina,Sinônimo
2364,724310,Cortador de sucata à oxigênio,Sinônimo
2365,765110,Cortador de tapeçaria,Ocupação
2366,765110,Cortador de tapetes,Sinônimo
2367,828105,Cortador de telhas,Sinônimo
2368,828110,Cortador de tijolos,Sinônimo
2369,752210,Cortador de vidro,Ocupação
2370,716305,Cortador de vidros,Sinônimo
2371,632120,Cortador descascador de toras,Sinônimo
2372,724310,Cortador oxiacetilênico,Sinônimo
2373,765105,Cortador; a balancim,Sinônimo
2374,765105,Cortador; a mão,Sinônimo
2375,516705,Cosmoanalista,Sinônimo
2376,213120,Cosmológo,Sinônimo
2377,768315,Costurador de artefatos de couro; a mão (exceto roupas e calçados),Ocupação
2378,765310,Costurador de artefatos de couro; a máquina (exceto roupas e calçados),Ocupação
2379,764205,Costurador de calçados; a máquina,Ocupação
2380,768320,Costurador de calçados; à mão,Sinônimo
2381,784125,Costurador de fardos,Sinônimo
2382,765225,Costurador de lonas e encerados,Sinônimo
2383,763215,Costureira de máquina overloque,Sinônimo
2384,763215,Costureira de máquina reta,Sinônimo
2385,763215,Costureira de máquinas industriais,Sinônimo
2386,763010,Costureira de peças sob encomenda,Ocupação
2387,763015,Costureira de reparação de roupas,Ocupação
2388,763210,Costureira em geral,Sinônimo
2389,763210,Costureiro de amostra,Sinônimo
2390,765215,Costureiro de artefatos de tecido (brinquedos),Sinônimo
2391,764205,Costureiro de calçados a máquina,Sinônimo
2392,765205,Costureiro de colchões,Sinônimo
2393,763020,Costureiro de roupa de couro e pele,Ocupação
2394,763210,Costureiro de roupas (confecção em série),Sinônimo
2395,763210,Costureiro na confecção em série,Ocupação
2396,765225,Costureiro velamista,Sinônimo
2397,763215,Costureiro; a máquina na confecção em série,Ocupação
2398,622205,Cotonicultor,Sinônimo
2399,612205,Cotonicultor - empregador,Sinônimo
2400,516610,Coveiro,Sinônimo
2401,848520,Coxãozeiro em matadouro,Sinônimo
2402,848115,Cozedor de salsichas,Sinônimo
2403,841408,Cozinhador (conservação de alimentos),Ocupação
2404,841408,Cozinhador de alimentos,Sinônimo
2405,632305,Cozinhador de andiroba,Sinônimo
2406,841416,Cozinhador de carnes,Ocupação
2407,632325,Cozinhador de cera de carnaúba - na extração,Sinônimo
2408,841408,Cozinhador de conservas,Sinônimo
2409,841730,Cozinhador de extrato de cerveja,Sinônimo
2410,841420,Cozinhador de frutas e legumes,Ocupação
2411,841730,Cozinhador de malte,Ocupação
2412,841408,Cozinhador de molhos e condimentos,Sinônimo
2413,841428,Cozinhador de pescado,Ocupação
2414,632315,Cozinhador de vinho de bacaba,Sinônimo
2415,513225,Cozinheiro de bordo,Sinônimo
2416,841730,Cozinheiro de cerveja,Sinônimo
2417,513225,Cozinheiro de embarcações,Ocupação
2418,513220,Cozinheiro de hospital,Ocupação
2419,513205,Cozinheiro de restaurante,Sinônimo
2420,513210,Cozinheiro do serviço doméstico,Ocupação
2421,513205,Cozinheiro geral,Ocupação
2422,513220,Cozinheiro hospitalar,Sinônimo
2423,513215,Cozinheiro industrial,Ocupação
2424,841408,Cozinheiro salgador,Sinônimo
2425,5132,COZINHEIROS,Família
2426,751005,Cravador de jóias,Sinônimo
2427,724230,Cravador de metais,Sinônimo
2428,722105,Craveiro (forjaria),Sinônimo
2429,751005,Cravejador de jóias,Sinônimo
2430,751005,Cravejador de metais preciosos,Sinônimo
2431,751005,Cravejador de ourivesaria,Sinônimo
2432,331110,Crecheira,Sinônimo
2433,516605,Crematório,Sinônimo
2434,623410,Criador de abelhas - exclusive conta própia e empregador,Sinônimo
2435,613010,Criador de animais domésticos,Ocupação
2436,613410,Criador de animais produtores de veneno,Ocupação
2437,613105,Criador de asininos e muares,Ocupação
2438,613105,Criador de asininos e muares - empregador,Sinônimo
2439,613305,Criador de aves,Sinônimo
2440,613005,Criador de aves e bovinos,Sinônimo
2441,623420,Criador de bicho-da-seda - conta própria,Sinônimo
2442,613420,Criador de bicho-da-seda - empregador,Sinônimo
2443,613205,Criador de bode,Sinônimo
2444,613110,Criador de bovinos (corte),Ocupação
2445,613120,Criador de bubalinos (corte),Ocupação
2446,613125,Criador de bubalinos (leite),Ocupação
2447,613120,Criador de búfalos - corte,Sinônimo
2448,613125,Criador de búfalos - leite,Sinônimo
2449,613205,Criador de cabras,Sinônimo
2450,613010,Criador de cachorros,Sinônimo
2451,613010,Criador de cães,Sinônimo
2452,631305,Criador de camarões,Ocupação
2453,613205,Criador de caprinos,Ocupação
2454,613205,Criador de caprinos - empregador,Sinônimo
2455,613210,Criador de carneiro,Sinônimo
2456,613130,Criador de cavalo de raça,Sinônimo
2457,613130,Criador de cavalos - conta própria,Sinônimo
2458,613130,Criador de cavalos - empregador,Sinônimo
2459,613310,Criador de coelhos,Sinônimo
2460,374415,Criador de efeitos especiais,Sinônimo
2461,374415,Criador de efeitos visuais,Sinônimo
2462,613130,Criador de eqüideos eqüinos - empregador,Sinônimo
2463,613130,Criador de eqüínos,Ocupação
2464,613005,Criador de gado - bovino; caprino; suíno,Sinônimo
2465,613005,Criador de gado - eqüino; ovino; muar - conta própria,Sinônimo
2466,613110,Criador de gado bovino (exceto gado leiteiro) - empregador,Sinônimo
2467,613010,Criador de gatos,Sinônimo
2468,631310,Criador de jacarés,Ocupação
2469,613310,Criador de matrizes de coelhos,Sinônimo
2470,613415,Criador de minhocas,Sinônimo
2471,631320,Criador de ostras,Ocupação
2472,613210,Criador de ovelhas - empregador,Sinônimo
2473,613210,Criador de ovinos,Ocupação
2474,613210,Criador de ovinos - empregador,Sinônimo
2475,631325,Criador de peixes,Ocupação
2476,631325,Criador de peixes ornamentais,Sinônimo
2477,613010,Criador de pequenos animais,Sinônimo
2478,613215,Criador de porcos - empregador,Sinônimo
2479,631330,Criador de quelônios,Ocupação
2480,631335,Criador de rãs,Ocupação
2481,613215,Criador de suínos,Ocupação
2482,613215,Criador de suínos - empregador,Sinônimo
2483,631330,Criador de tartarugas,Sinônimo
2484,613110,Criador de zebu,Sinônimo
2485,613110,Criador de zebu - conta própria,Sinônimo
2486,613110,Criador de zebu - empregador,Sinônimo
2487,613005,Criador em pecuária polivalente,Ocupação
2488,6313,CRIADORES DE ANIMAIS AQUÁTICOS,Família
2489,613310,Criadores de coelhos integrados,Sinônimo
2490,325015,Criadores de perfumes,Sinônimo
2491,241025,Criminalista,Sinônimo
2492,752210,Cristaleiro (corte de vidros),Sinônimo
2493,516805,Cristalomante,Sinônimo
2494,261510,Crítico,Ocupação
2495,261510,Crítico de cinema,Sinônimo
2496,261510,Crítico de dança,Sinônimo
2497,261510,Crítico de jornal (ombudsman),Sinônimo
2498,261510,Crítico de música,Sinônimo
2499,261510,Crítico de rádio,Sinônimo
2500,261510,Crítico de teatro,Sinônimo
2501,261510,Crítico de televisão,Sinônimo
2502,261510,Crítico literário,Sinônimo
2503,261405,Crítico textual,Sinônimo
2504,768205,Criveira,Sinônimo
2505,768130,Crocheteiro,Sinônimo
2506,768130,Crocheteiro; a mão,Ocupação
2507,723225,Cromador de metais,Sinônimo
2508,311715,Cromista,Sinônimo
2509,261125,Cronista,Sinônimo
2510,261515,Cronista de ficção,Sinônimo
2511,261520,Cronista de não ficção,Sinônimo
2512,391105,Cronoanalista,Ocupação
2513,391110,Cronometrista,Ocupação
2514,377215,Cronometrista (basquete),Sinônimo
2515,377225,Cronometrista (futebol de salão),Sinônimo
2516,377230,Cronometrista (judô),Sinônimo
2517,377235,Cronometrista (karatê),Sinônimo
2518,377240,Cronometrista de pólo aquático,Sinônimo
2519,377240,Cronometrista de trinta e cinco segundos (poló aquático),Sinônimo
2520,516210,Cuidador de pessoas idosas e dependentes,Sinônimo
2521,623020,Cuidador de animais,Sinônimo
2522,516210,Cuidador de idosos,Ocupação
2523,516210,Cuidador de idosos domiciliar,Sinônimo
2524,516210,Cuidador de idosos institucional,Sinônimo
2525,516220,Cuidador em saúde,Ocupação
2526,5162,CUIDADORES DE CRIANÇAS; JOVENS; ADULTOS E IDOSOS,Família
2527,622210,Cultivador de agave - conta própria,Sinônimo
2528,622210,Cultivador de agave - exclusive conta própria e empregador,Sinônimo
2529,622205,Cultivador de algodão - conta própria,Sinônimo
2530,622205,Cultivador de algodão - exclusive conta própria e empregador,Sinônimo
2531,622020,Cultivador de cultura permanente,Sinônimo
2532,622020,Cultivador de cultura temporária,Sinônimo
2533,622620,Cultivador de fumo - exclusive conta própria e empregador,Sinônimo
2534,622625,Cultivador de guaraná - exclusive conta própria e empregador,Sinônimo
2535,632340,Cultivador de malva - exclusive conta própria e empregador,Sinônimo
2536,622215,Cultivador de rami - conta própria,Sinônimo
2537,622215,Cultivador de rami - exclusive conta própria e empregador,Sinônimo
2538,622210,Cultivador de sisal - conta própria,Sinônimo
2539,622210,Cultivador de sisal - exclusive conta própria e empregador,Sinônimo
2540,513415,Cumim,Ocupação
2541,711115,Cunhador - na extração de pedras,Sinônimo
2542,613310,Cunicultor,Ocupação
2543,623320,Cunicultor - exclusive conta própria e empregador,Sinônimo
2544,263105,Cura,Sinônimo
2545,263105,Curimbeiro,Sinônimo
2546,631020,Curraleiro de pesca artesanal de peixes e camarões,Sinônimo
2547,762205,Curtidor (couros e peles),Ocupação
2548,141205,Curtidor - empregador,Sinônimo
2549,762205,Curtidor de couro,Sinônimo
2550,752120,Curvador de tubos de vidro,Sinônimo
2551,141410,Cuteleiro (comércio varejista),Sinônimo
2552,721310,Cuteleiro (na fabricação),Sinônimo
2553,263105,Dabôce,Sinônimo
2554,263105,Dada voduno,Sinônimo
2555,263105,Dáia,Sinônimo
2556,263105,Daiosho,Sinônimo
2557,262810,Dançarino,Sinônimo
2558,376105,Dançarino brincante,Sinônimo
2559,376105,Dançarino de danças de raiz,Sinônimo
2560,376105,Dançarino de danças folclóricas,Sinônimo
2561,376105,Dançarino de danças rituais,Sinônimo
2562,376110,Dançarino de rua,Sinônimo
2563,376110,Dançarino de salão,Sinônimo
2564,376110,Dançarino popular,Ocupação
2565,376105,Dançarino tradicional,Ocupação
2566,376110,Dançarinos de danças parafolclóricas,Sinônimo
2567,376110,Dançarinos étnicos,Sinônimo
2568,376110,Dançarinos populares,Sinônimo
2569,3761,DANÇARINOS TRADICIONAIS E POPULARES,Família
2570,351815,Datiloscopista,Sinônimo
2571,212305,Dba,Sinônimo
2572,764115,Debruador de calçados,Sinônimo
2573,622020,Debulhador - na cultura,Sinônimo
2574,752405,Decalcador em cerâmica,Sinônimo
2575,723205,Decapador,Ocupação
2576,765010,Decatizador,Sinônimo
2577,262505,Declamador,Sinônimo
2578,752405,Decorador ceramista,Sinônimo
2579,375120,Decorador com balões,Sinônimo
2580,375120,Decorador de arte com balões,Sinônimo
2581,375120,Decorador de arte floral,Sinônimo
2582,752405,Decorador de cerâmica,Ocupação
2583,768125,Decorador de chapéus de palha,Sinônimo
2584,375120,Decorador de eventos,Ocupação
2585,375120,Decorador de festas,Sinônimo
2586,375120,Decorador de festas infantis,Sinônimo
2587,262905,Decorador de interiores,Sinônimo
2588,262905,Decorador de interiores de nível superior,Ocupação
2589,375120,Decorador de lycra tensionada,Sinônimo
2590,752410,Decorador de vidro,Ocupação
2591,752410,Decorador de vidro a decalque,Sinônimo
2592,752410,Decorador de vidro a pistola,Sinônimo
2593,752415,Decorador de vidro à pincel,Ocupação
2594,519910,Dedetizador,Sinônimo
2595,242405,Defensor público,Ocupação
2596,242405,Defensor público estadual,Sinônimo
2597,242405,Defensor público federal,Sinônimo
2598,2424,DEFENSORES PÚBLICOS E PROCURADORES DA ASSISTÊNCIA JUDICIÁRIA   Família,
2599,848105,Defumador de carnes e pescados,Ocupação
2600,632205,Defumador de látex,Sinônimo
2601,848105,Defumador de pescados,Sinônimo
2602,848505,Degolador em matadouro,Sinônimo
2603,848420,Degustador de bebidas,Sinônimo
2604,848405,Degustador de café,Ocupação
2605,848410,Degustador de chá,Ocupação
2606,842235,Degustador de charutos,Ocupação
2607,848415,Degustador de derivados de cacau,Ocupação
2608,513410,Degustador de vinho,Sinônimo
2609,848420,Degustador de vinhos ou licores,Ocupação
2610,242305,Delegado de polícia,Ocupação
2611,242305,Delegado distrital de polícia,Sinônimo
2612,242305,Delegado regional de polícia,Sinônimo
2613,2423,DELEGADOS DE POLÍCIA,Família
2614,211210,Demógrafo,Sinônimo
2615,717005,Demolidor de casas,Sinônimo
2616,717005,Demolidor de edificações,Ocupação
2617,717005,Demolidor de prédios,Sinônimo
2618,521120,Demonstrador de mercadorias,Ocupação
2619,612720,Dendeicultor,Sinônimo
2620,223208,Dentista,Sinônimo
2621,223284,Dentista da dor,Sinônimo
2622,223240,Dentista de aparelho,Sinônimo
2623,223236,Dentista de criança,Sinônimo
2624,223288,Dentista de cuidados especiais,Sinônimo
2625,223288,Dentista de excepcionais,Sinônimo
2626,223248,Dentista de gengivas,Sinônimo
2627,223228,Dentista de idosos,Sinônimo
2628,223288,Dentista de pacientes com necessidades especiais,Sinônimo
2629,223288,Dentista de pacientes especiais,Sinônimo
2630,223272,Dentista de saúde coletiva,Sinônimo
2631,223228,Dentista de terceira idade,Sinônimo
2632,223288,Dentistas de deficientes,Sinônimo
2633,223280,Dentística restauradora,Sinônimo
2634,762205,Depilador de couros e peles,Sinônimo
2635,351410,Depositário público,Sinônimo
2636,111115,Deputado estadual e distrital,Ocupação
2637,111110,Deputado federal,Ocupação
2638,263105,Deré,Sinônimo
2639,225135,Dermatologista,Sinônimo
2640,632120,Derrubador - na extração de madeira,Sinônimo
2641,632120,Derrubador de árvores,Sinônimo
2642,828110,Desbarbeador de tijolos,Sinônimo
2643,762110,Descarnador de couros e peles; à maquina,Ocupação
2644,848525,Descarnador em matadouro,Sinônimo
2645,632125,Descascador de árvores,Sinônimo
2646,519910,Descupinizador,Sinônimo
2647,773105,Desdobrador de madeira,Sinônimo
2648,111325,Desembargadores,Sinônimo
2649,828110,Desempenador em olaria,Sinônimo
2650,722325,Desenformador - na fundição,Sinônimo
2651,828110,Desenfornador de tijolo e telha,Sinônimo
2652,318405,Desenhista técnico de arte-final,Sinônimo
2653,318505,Desenhista calculista,Sinônimo
2654,318510,Desenhista calculista na construção civil,Sinônimo
2655,318010,Desenhista copista,Ocupação
2656,318010,Desenhista copista (cad),Sinônimo
2657,318105,Desenhista copista (arquitetura),Sinônimo
2658,318105,Desenhista de arquitetura,Sinônimo
2659,318205,Desenhista de carrocerias,Sinônimo
2660,318110,Desenhista de cartografia,Sinônimo
2661,318410,Desenhista de desenho animado,Sinônimo
2662,262410,Desenhista de editorial,Sinônimo
2663,318430,Desenhista de embalagens,Sinônimo
2664,318115,Desenhista de estrutura metálica (construção civil),Sinônimo
2665,318205,Desenhista de estruturas metálicas (mecânica),Sinônimo
2666,318205,Desenhista de ferramentas (mecânica),Sinônimo
2667,318410,Desenhista de filatelia (selos),Sinônimo
2668,318420,Desenhista de fotoestamparia,Sinônimo
2669,262410,Desenhista de identidade visual,Sinônimo
2670,318120,Desenhista de instalações hidráulicas,Sinônimo
2671,318205,Desenhista de instalações mecânicas,Sinônimo
2672,318305,Desenhista de leiaute de circuito impresso,Sinônimo
2673,318430,Desenhista de leiautes,Sinônimo
2674,318425,Desenhista de móveis,Sinônimo
2675,262410,Desenhista de páginas da internet (web designer),Sinônimo
2676,262420,Desenhista de produto (artigos esportivos),Sinônimo
2677,262420,Desenhista de produto (brinquedos),Sinônimo
2678,262420,Desenhista de produto (construção civil),Sinônimo
2679,262420,Desenhista de produto (cuidados pessoais),Sinônimo
2680,262420,Desenhista de produto (eletroeletrônicos e eletrodomésticos),Sinônimo
2681,262420,Desenhista de produto (embalagem),Sinônimo
2682,262420,Desenhista de produto (iluminação),Sinônimo
2683,262420,Desenhista de produto (jóias),Sinônimo
2684,262420,Desenhista de produto (máquinas e equipamentos),Sinônimo
2685,262420,Desenhista de produto (material promocional),Sinônimo
2686,262420,Desenhista de produto (mobiliário),Sinônimo
2687,262420,Desenhista de produto (transporte),Sinônimo
2688,262420,Desenhista de produto (utensílios domésticos e escritório),Sinônimo
2689,374120,Desenhista de som,Sinônimo
2690,318205,Desenhista de tubulação (mecânica),Sinônimo
2691,318015,Desenhista detalhista,Ocupação
2692,318015,Desenhista detalhista (cad),Sinônimo
2693,318505,Desenhista detalhista na arquitetura,Sinônimo
2694,318510,Desenhista detalhista na construção civil,Sinônimo
2695,262410,Desenhista gráfico de sinalização,Sinônimo
2696,262410,Desenhista gráfico de superfície,Sinônimo
2697,262410,Desenhista gráfico promocional,Sinônimo
2698,262425,Desenhista industrial de acessórios,Sinônimo
2699,262425,Desenhista industrial de calçados,Sinônimo
2700,262420,Desenhista industrial de produto (designer de produto),Ocupação
2701,262425,Desenhista industrial de produto de moda (designer de moda),Ocupação
2702,262410,Desenhista industrial gráfico (designer gráfico),Ocupação
2703,262425,Desenhista industrial têxtil,Sinônimo
2704,239435,Desenhista instrucional,Sinônimo
2705,318415,Desenhista letrista,Sinônimo
2706,318430,Desenhista maquetista,Sinônimo
2707,318205,Desenhista mecânico,Sinônimo
2708,318505,Desenhista projetista de arquitetura,Ocupação
2709,318710,Desenhista projetista de circuitos impressos,Sinônimo
2710,318510,Desenhista projetista de construção civil,Ocupação
2711,318705,Desenhista projetista de eletricidade,Ocupação
2712,318610,Desenhista projetista de ferramentas,Sinônimo
2713,318605,Desenhista projetista de máquinas,Ocupação
2714,318610,Desenhista projetista de moldes,Sinônimo
2715,318610,Desenhista projetista de produtos (mecânica),Sinônimo
2716,318705,Desenhista projetista eletroeletrônico,Sinônimo
2717,318710,Desenhista projetista eletrônico,Ocupação
2718,318610,Desenhista projetista mecânico,Ocupação
2719,318005,Desenhista técnico,Ocupação
2720,318405,Desenhista técnico (artes gráficas),Ocupação
2721,318310,Desenhista técnico (calefação; ventilação e refrigeração),Ocupação
2722,318110,Desenhista técnico (cartografia),Ocupação
2723,318115,Desenhista técnico (construção civil),Ocupação
2724,318305,Desenhista técnico (eletricidade e eletrônica),Ocupação
2725,318410,Desenhista técnico (ilustrações artísticas),Ocupação
2726,318415,Desenhista técnico (ilustrações técnicas),Ocupação
2727,318420,Desenhista técnico (indústria têxtil),Ocupação
2728,318120,Desenhista técnico (instalações hidrossanitárias),Ocupação
2729,318425,Desenhista técnico (mobiliário),Ocupação
2730,318210,Desenhista técnico aeronáutico,Ocupação
2731,318005,Desenhista técnico auxiliar,Sinônimo
2732,318210,Desenhista técnico de aeronaves,Sinônimo
2733,318430,Desenhista técnico de embalagens; maquetes e leiautes,Ocupação
2734,318115,Desenhista técnico de engenharia civil,Sinônimo
2735,318205,Desenhista técnico de ferramentas,Sinônimo
2736,318120,Desenhista técnico de hidráulica,Sinônimo
2737,318205,Desenhista técnico de máquinas,Sinônimo
2738,318110,Desenhista técnico de topografia,Sinônimo
2739,318205,Desenhista técnico de tubulação,Sinônimo
2740,318015,Desenhista técnico detalhista,Sinônimo
2741,318305,Desenhista técnico eletromecânica,Sinônimo
2742,318310,Desenhista técnico em calefação,Sinônimo
2743,318305,Desenhista técnico em eletricidade,Sinônimo
2744,318305,Desenhista técnico em eletroeletrônica,Sinônimo
2745,318310,Desenhista técnico em refrigeração,Sinônimo
2746,318310,Desenhista técnico em ventilação,Sinônimo
2747,318205,Desenhista técnico mecânico,Ocupação
2748,318215,Desenhista técnico naval,Ocupação
2749,318420,Desenhista têxtil,Sinônimo
2750,3187,DESENHISTAS PROJETISTAS DA ELETRÔNICA,Família
2751,3186,DESENHISTAS PROJETISTAS DA MECÂNICA,Família
2752,3185,DESENHISTAS PROJETISTAS DE CONSTRUÇÃO CIVIL E ARQUITETURA,Família
2753,3188,DESENHISTAS PROJETISTAS E MODELISTAS DE PRODUTOS E SERVIÇOS DIVERSOS,Família
2754,3181,DESENHISTAS TÉCNICOS DA CONSTRUÇÃO CIVIL E ARQUITETURA,Família
2755,3182,DESENHISTAS TÉCNICOS DA MECÂNICA,Família
2756,3184,DESENHISTAS TÉCNICOS DE PRODUTOS E SERVIÇOS DIVERSOS,Família
2757,3183,DESENHISTAS TÉCNICOS EM ELETRICIDADE; ELETRÔNICA; ELETROMECÂNICA; CALEFAÇÃO; VENTILAÇÃO E Família,
2758,3180,DESENHISTAS TÉCNICOS; EM GERAL,Família
2759,622210,Desfibrador de agave,Sinônimo
2760,841432,Desidratador de alimentos,Ocupação
2761,622210,Desifbrador de sisal - na cultura,Sinônimo
2762,375120,Designer de eventos,Sinônimo
2763,375105,Designer de interiores,Ocupação
2764,2629,DESIGNER DE INTERIORES DE NÍVEL SUPERIOR,Família
2765,375110,Designer de vitrines,Ocupação
2766,239435,Designer educacional,Ocupação
2767,239435,Designer instrucional,Sinônimo
2768,262905,Designers de ambientes,Sinônimo
2769,262905,Designers de interiores,Sinônimo
2770,316335,Desincrustador (poços de petróleo),Ocupação
2771,316335,Desincrustador de poços de petróleo e gás,Sinônimo
2772,519910,Desinfestador,Sinônimo
2773,376220,Deslocador,Sinônimo
2774,848525,Desmanchador em matadouro,Sinônimo
2775,848525,Desmanchador exclusive em matadouro,Sinônimo
2776,848525,Desmembrador de mocotó dianteiro,Sinônimo
2777,722315,Desmoldador,Sinônimo
2778,848515,Desnucador em matadouro,Sinônimo
2779,848515,Desorelhador em matadouro,Sinônimo
2780,848515,Desossador,Ocupação
2781,342210,Despachante aduaneiro,Ocupação
2782,342210,Despachante alfandegário,Sinônimo
2783,783205,Despachante de bagagens em aeroportos,Sinônimo
2784,423105,Despachante de documentos,Sinônimo
2785,511210,Despachante de embarque,Sinônimo
2786,711325,Despachante de plataforma (petróleo),Sinônimo
2787,511210,Despachante de tráfego,Sinônimo
2788,423110,Despachante de trânsito,Ocupação
2789,511210,Despachante de transportes coletivos (exceto trem),Ocupação
2790,423110,Despachante de veículos,Sinônimo
2791,423105,Despachante documentalista,Ocupação
2792,423110,Despachante emplacador,Sinônimo
2793,511210,Despachante nos transportes,Sinônimo
2794,342510,Despachante operacional de vôo,Ocupação
2795,3422,DESPACHANTES ADUANEIROS,Família
2796,4231,DESPACHANTES DOCUMENTALISTAS E AFINS,Família
2797,848520,Despansador em matadouro,Sinônimo
2798,721325,Despolidor,Sinônimo
2799,848515,Desqueixador em matadouro,Sinônimo
2800,519910,Desratizador,Sinônimo
2801,848515,Dessebador em matadouro e açougues,Sinônimo
2802,841735,Dessecador de malte,Ocupação
2803,622020,Destalador - na cultura,Sinônimo
2804,811415,Destilador,Sinônimo
2805,811425,Destilador de álcool,Sinônimo
2806,841705,Destilador de bebidas,Sinônimo
2807,811410,Destilador de glicerina,Sinônimo
2808,841705,Destilador de licores,Sinônimo
2809,811405,Destilador de madeira,Ocupação
2810,811410,Destilador de produtos de perfumaria,Sinônimo
2811,811410,Destilador de produtos químicos (exceto petróleo),Ocupação
2812,811410,Destilador de produtos químicos e afins,Sinônimo
2813,811410,Destilador de resinas,Sinônimo
2814,621005,Destocador - na agropecuária,Sinônimo
2815,773115,Destopador (madeira),Sinônimo
2816,711115,Destroçador de pedra,Ocupação
2817,318015,Detalhista em desenho técnico,Sinônimo
2818,351810,Detetive de polícia,Sinônimo
2819,351805,Detetive particular,Sinônimo
2820,711120,Detonador,Ocupação
2821,225155,Diabetólogo,Sinônimo
2822,263105,Diácono,Sinônimo
2823,263105,Diácono permanente,Sinônimo
2824,766120,Diagramador ( jornalismo),Sinônimo
2825,766120,Diagramador e desenhista,Sinônimo
2826,766120,Diagramador em terminal de vídeo,Sinônimo
2827,141410,Diamantário (comércio varejista),Sinônimo
2828,621005,Diarista - na agropecuária,Sinônimo
2829,622020,Diarista na agricultura,Sinônimo
2830,261125,Diarista-em jornal,Sinônimo
2831,223705,Dietista,Ocupação
2832,412110,Digitador,Ocupação
2833,766145,Digitador de fotocomposição,Sinônimo
2834,412110,Digitador de terminal,Sinônimo
2835,711120,Dinamitador,Sinônimo
2836,261115,Diretor adjunto,Sinônimo
2837,122705,Diretor adjunto comercial em operações de intermediação financeira,Sinônimo
2838,131305,Diretor adjunto de escolas privadas,Sinônimo
2839,123105,Diretor administrativo,Ocupação
2840,123110,Diretor administrativo e financeiro,Ocupação
2841,262205,Diretor cinematográfico,Sinônimo
2842,262220,Diretor circense,Sinônimo
2843,131205,Diretor clínico,Sinônimo
2844,123305,Diretor comercial,Ocupação
2845,122505,Diretor de produção e operações de alimentação,Ocupação
2846,122510,Diretor de produção e operações de hotel,Ocupação
2847,122515,Diretor de produção e operações de turismo,Ocupação
2848,262330,Diretor de arte,Ocupação
2849,253125,Diretor de arte (publicidade),Ocupação
2850,131105,Diretor de biblioteca,Sinônimo
2851,131310,Diretor de caic público,Sinônimo
2852,122720,Diretor de câmbio e comércio exterior,Ocupação
2853,123205,Diretor de capital humano,Sinônimo
2854,131305,Diretor de centro de educação infantil (creche e pré-escola) privado,Sinônimo
2855,131310,Diretor de centro de educação infantil público,Sinônimo
2856,131310,Diretor de centro de ensino especial público,Sinônimo
2857,131310,Diretor de centro de ensino fundamental público,Sinônimo
2858,131310,Diretor de centro de ensino médio profissionalizante público,Sinônimo
2859,131310,Diretor de centro de ensino médio público,Sinônimo
2860,131310,Diretor de centro de ensino supletivo público,Sinônimo
2861,131305,Diretor de centro de formação profissional privado,Sinônimo
2862,262205,Diretor de cinema,Ocupação
2863,131305,Diretor de colégio privado,Sinônimo
2864,131310,Diretor de colégio público,Sinônimo
2865,122725,Diretor de compliance,Ocupação
2866,123405,Diretor de compras,Sinônimo
2867,253135,Diretor de contas (publicidade),Ocupação
2868,122305,Diretor de contratos de obras pública e civil,Sinônimo
2869,122605,Diretor de correios,Sinônimo
2870,122735,Diretor de crédito imobiliário,Ocupação
2871,122715,Diretor de crédito rural,Ocupação
2872,253130,Diretor de criação,Ocupação
2873,131110,Diretor de departamento de esportes,Sinônimo
2874,131205,Diretor de departamento de saúde,Sinônimo
2875,111415,Diretor de departamento do serviço público municipal,Sinônimo
2876,131205,Diretor de departamento médico,Sinônimo
2877,111415,Diretor de divisão do serviço público municipal,Sinônimo
2878,131205,Diretor de divisão médica,Sinônimo
2879,114305,Diretor de entidade religiosa,Sinônimo
2880,131310,Diretor de escola de classe pública,Sinônimo
2881,131305,Diretor de escola privada,Sinônimo
2882,131310,Diretor de escola pública,Sinônimo
2883,131305,Diretor de escola religiosa privada,Sinônimo
2884,131305,Diretor de estabelecimento de ensino fundamental privado,Sinônimo
2885,131305,Diretor de estabelecimento de ensino médio privado,Sinônimo
2886,131305,Diretor de estabelecimento de ensino superior privado,Sinônimo
2887,262205,Diretor de estúdio cinematográfico,Sinônimo
2888,123115,Diretor de finanças,Sinônimo
2889,372105,Diretor de fotografia,Ocupação
2890,131120,Diretor de futebol,Sinônimo
2891,122610,Diretor de gestão portuária,Sinônimo
2892,373205,Diretor de imagens (estúdio de televisão),Sinônimo
2893,373205,Diretor de imagens externa na produção para televisão e produtoras de vídeo    Sinônimo,
2894,123605,Diretor de informática,Sinônimo
2895,131310,Diretor de instituição educacional pública,Ocupação
2896,131305,Diretor de internato privado,Sinônimo
2897,122740,Diretor de leasing,Ocupação
2898,123405,Diretor de logística e de suprimentos,Sinônimo
2899,122620,Diretor de logística em operações de transportes,Sinônimo
2900,123805,Diretor de manutenção,Ocupação
2901,123310,Diretor de marketing,Ocupação
2902,122745,Diretor de mercado de capitais,Ocupação
2903,253120,Diretor de mídia (publicidade),Ocupação
2904,131105,Diretor de museu,Sinônimo
2905,122305,Diretor de obras pública e civil,Sinônimo
2906,131105,Diretor de ong (organização não-governamental),Sinônimo
2907,122405,Diretor de operações comerciais (comércio atacadista e varejista),Ocupação
2908,122605,Diretor de operações de correios,Ocupação
2909,122305,Diretor de operações de obras pública e civil,Ocupação
2910,122615,Diretor de operações de radiodifusão,Sinônimo
2911,122610,Diretor de operações de serviços de armazenamento,Ocupação
2912,122615,Diretor de operações de serviços de telecomunicações,Ocupação
2913,122620,Diretor de operações de serviços de transporte,Ocupação
2914,123805,Diretor de operações e manutenção,Sinônimo
2915,131105,Diretor de organização social e interesse público,Sinônimo
2916,131110,Diretor de osip (organização social de interesse público),Sinônimo
2917,131105,Diretor de pesquisa,Sinônimo
2918,123705,Diretor de pesquisa e desenvolvimento (p&d),Ocupação
2919,121005,Diretor de planejamento estratégico,Ocupação
2920,122705,Diretor de plataforma em operações de intermediação financeira,Sinônimo
2921,262220,Diretor de produção,Sinônimo
2922,122305,Diretor de produção de obras pública e civil,Sinônimo
2923,122205,Diretor de produção e operações da indústria de transformação; extração mineral e utilidades   Ocupação,
2924,122105,Diretor de produção e operações em empresa agropecuária,Ocupação
2925,122110,Diretor de produção e operações em empresa aqüícola,Ocupação
2926,122115,Diretor de produção e operações em empresa florestal,Ocupação
2927,122120,Diretor de produção e operações em empresa pesqueira,Ocupação
2928,122115,Diretor de produção em empresa florestal,Sinônimo
2929,122120,Diretor de produção em empresa pesqueira,Sinônimo
2930,122205,Diretor de produção em utilidades,Sinônimo
2931,122105,Diretor de produção na agropecuária,Sinônimo
2932,122205,Diretor de produção na indústria de transformação,Sinônimo
2933,122205,Diretor de produção na mineração,Sinônimo
2934,122710,Diretor de produtos bancários,Ocupação
2935,262210,Diretor de programas de rádio,Ocupação
2936,262215,Diretor de programas de televisão,Ocupação
2937,122750,Diretor de recuperação de créditos em operações de intermediação financeira,Ocupação
2938,123205,Diretor de recursos humanos,Ocupação
2939,261115,Diretor de redação,Ocupação
2940,122615,Diretor de redes (telecomunicações),Sinônimo
2941,123210,Diretor de relações de trabalho,Ocupação
2942,131105,Diretor de relações interinstitucionais,Sinônimo
2943,122755,Diretor de riscos de mercado,Ocupação
2944,131105,Diretor de serviços culturais,Ocupação
2945,131205,Diretor de serviços de saúde,Ocupação
2946,131205,Diretor de serviços médicos,Sinônimo
2947,131110,Diretor de serviços sociais,Ocupação
2948,114205,Diretor de sindicato de trabalhadores,Sinônimo
2949,114210,Diretor de sindicato patronal,Sinônimo
2950,374120,Diretor de som,Sinônimo
2951,123405,Diretor de suprimentos,Ocupação
2952,123410,Diretor de suprimentos no serviço público,Ocupação
2953,123605,Diretor de tecnologia,Sinônimo
2954,123705,Diretor de tecnologia (pesquisa e desenvolvimento),Sinônimo
2955,123605,Diretor de tecnologia da informação,Sinônimo
2956,262220,Diretor de televisão,Sinônimo
2957,131205,Diretor de unidade assistencial,Sinônimo
2958,131205,Diretor de unidade de saúde,Sinônimo
2959,131205,Diretor de unidade hospitalar,Sinônimo
2960,131305,Diretor de unidade integrada de pré-escola privada,Sinônimo
2961,123305,Diretor de vendas,Sinônimo
2962,111405,Diretor do serviço público federal,Sinônimo
2963,131105,Diretor executivo de instituições culturais,Sinônimo
2964,123115,Diretor financeiro,Ocupação
2965,121010,Diretor geral de empresa e organizações (exceto de interesse público),Ocupação
2966,123305,Diretor geral de vendas,Sinônimo
2967,131205,Diretor médico-hospitalar,Sinônimo
2968,261125,Diretor noticiarista,Sinônimo
2969,262615,Diretor regente de bateria,Sinônimo
2970,122615,Diretor regional (telecomunicações),Sinônimo
2971,122705,Diretor regional em operações de intermediação financeira,Sinônimo
2972,262220,Diretor teatral,Ocupação
2973,123705,Diretor técnico (pesquisa e desenvolvimento),Sinônimo
2974,131205,Diretor técnico de unidade hospitalar,Sinônimo
2975,1231,DIRETORES ADMINISTRATIVOS E FINANCEIROS,Família
2976,1233,DIRETORES DE COMERCIALIZAÇÃO E MARKETING,Família
2977,2622,DIRETORES DE ESPETÁCULOS E AFINS,Família
2978,1238,DIRETORES DE MANUTENÇÃO,Família
2979,1223,DIRETORES DE OPERAÇÕES DE OBRAS EM EMPRESA DE CONSTRUÇÃO,Família
2980,1226,DIRETORES DE OPERAÇÕES DE SERVIÇOS EM EMPRESA DE ARMAZENAMENTO; DE TRANSPORTE E DE,Família
2981,1227,DIRETORES DE OPERAÇÕES DE SERVIÇOS EM INSTITUIÇÃO DE INTERMEDIAÇÃO FINANCEIRA,Família
2982,1224,DIRETORES DE OPERAÇÕES EM EMPRESA DO COMÉRCIO,Família
2983,1237,DIRETORES DE PESQUISA E DESENVOLVIMENTO,Família
2984,1221,DIRETORES DE PRODUÇÃO E OPERAÇÕES EM EMPRESA AGROPECUÁRIA; PESQUEIRA ; AQÜÍCOLA E FLORESTAL,
2985,1222,DIRETORES DE PRODUÇÃO E OPERAÇÕES EM EMPRESA DA INDÚSTRIA EXTRATIVA; TRANSFORMAÇÃO E DEFamília,
2986,1232,DIRETORES DE RECURSOS HUMANOS E RELAÇÕES DE TRABALHO,Família
2987,1236,DIRETORES DE SERVIÇOS DE INFORMÁTICA,Família
2988,1225,DIRETORES DE SERVIÇOS DE TURISMO; DE ALOJAMENTO E DE ALIMENTAÇÃO,Família
2989,1234,DIRETORES DE SUPRIMENTOS E AFINS,Família
2990,1313,DIRETORES E GERENTES DE INSTITUIÇÃO DE SERVIÇOS EDUCACIONAIS,Família
2991,1311,DIRETORES E GERENTES DE OPERAÇÕES EM EMPRESA DE SERVIÇOS PESSOAIS; SOCIAIS E CULTURAIS   Família,
2992,1312,DIRETORES E GERENTES DE OPERAÇÕES EM EMPRESAS E UNIDADES DE SAÚDE E AFINS,Família
2993,1210,DIRETORES GERAIS,Família
2994,114405,Dirigente de clube e associação esportiva,Sinônimo
2995,114405,Dirigente de organização de desenvolvimento cultural,Sinônimo
2996,114405,Dirigente de organização de proteção ao meio ambiente,Sinônimo
2997,114405,Dirigente de organização filantrópica,Sinônimo
2998,114405,Dirigente de organização humanitária,Sinônimo
2999,114405,Dirigente de organização não-governamental,Sinônimo
3000,114105,Dirigente de partido político,Ocupação
3001,111410,Dirigente do serviço público estadual e distrital,Ocupação
3002,111405,Dirigente do serviço público federal,Ocupação
3003,111415,Dirigente do serviço público municipal,Ocupação
3004,114405,Dirigente e administrador de organização da sociedade civil sem fins lucrativos,Ocupação
3005,114305,Dirigente e administrador de organização religiosa,Ocupação
3006,263105,Dirigente espiritual de umbanda,Sinônimo
3007,114105,Dirigente partidário,Sinônimo
3008,114105,Dirigente político,Sinônimo
3009,114205,Dirigentes de entidades de trabalhadores,Ocupação
3010,114210,Dirigentes de entidades patronais,Ocupação
3011,1141,DIRIGENTES DE PARTIDOS POLÍTICOS,Família
3012,1130,DIRIGENTES DE POVOS INDÍGENAS; DE QUILOMBOLAS E CAIÇARAS,Família
3013,1114,DIRIGENTES DO SERVIÇO PÚBLICO,Família
3014,1142,DIRIGENTES E ADMINISTRADORES DE ENTIDADES PATRONAIS E DOS TRABALHADORES E DE OUTROS   Família,
3015,1143,DIRIGENTES E ADMINISTRADORES DE ENTIDADES RELIGIOSAS,Família
3016,1144,DIRIGENTES E ADMINISTRADORES DE ORGANIZAÇÕES DA SOCIEDADE CIVIL SEM FINS LUCRATIVOS   Família,
3017,1112,DIRIGENTES GERAIS DA ADMINISTRAÇÃO PÚBLICA,Família
3018,374145,Disc jóquei,Sinônimo
3019,261715,Disc-jockey (rádio),Sinônimo
3020,223284,Disfunção de atm,Sinônimo
3021,223284,Disfunção e dor,Sinônimo
3022,141405,Distribuidor de fumo,Sinônimo
3023,761240,Distribuidor de maçarocas,Sinônimo
3024,141405,Distribuidor de produtos químicos,Sinônimo
3025,141405,Distribuidor de revistas,Sinônimo
3026,351410,Distribuidor público,Sinônimo
3027,848525,Divisor de cortes em matadouro,Sinônimo
3028,374145,Dj (disc jockey),Ocupação
3029,766310,Dobrador gráfico,Sinônimo
3030,761815,Dobrador-revisor - em fábrica de tecidos,Sinônimo
3031,524305,Doceiro (comércio ambulante),Sinônimo
3032,141410,Doceiro (exclusive no comércio ambulante),Sinônimo
3033,234505,Docente de ensino superior na área de didática,Sinônimo
3034,234510,Docente de ensino superior na área de orientação educacional,Sinônimo
3035,234515,Docente de ensino superior na área de pesquisa educacional,Sinônimo
3036,331305,Docente de nível médio no ensino profissionalizante,Sinônimo
3037,234520,Docente do ensino superior na área de prática de ensino,Sinônimo
3038,261210,Documentalista,Ocupação
3039,263105,Dom,Sinônimo
3040,623005,Domador (asininos e muares),Sinônimo
3041,623005,Domador (eqüinos),Sinônimo
3042,623005,Domador - na pecuária,Sinônimo
3043,376225,Domador de animais (circense),Ocupação
3044,623005,Domador de animais domésticos,Sinônimo
3045,141505,Dono de hotel - conta própria,Sinônimo
3046,141410,Dono de lavanderia automática - conta própria,Sinônimo
3047,141505,Dono de motel - conta própria,Sinônimo
3048,141520,Dono de pensão - conta própria,Sinônimo
3049,141520,Dono de pensão - empregador,Sinônimo
3050,782210,Doqueiro,Sinônimo
3051,841745,Dosador de xaropes,Sinônimo
3052,263105,Doté,Sinônimo
3053,322135,Doula,Ocupação
3054,768705,Dourador,Sinônimo
3055,723215,Dourador (metais),Sinônimo
3056,632010,Dr. Raiz,Sinônimo
3057,811810,Drageador,Sinônimo
3058,811810,Drageador (medicamentos),Ocupação
3059,811810,Drageador manipulador,Sinônimo
3060,261505,Dramaturgista,Sinônimo
3061,261515,Dramaturgo,Sinônimo
3062,262820,Dramaturgo de dança,Ocupação
3063,141410,Droguista (comércio varejista),Sinônimo
3064,223284,Dtm/dof,Sinônimo
3065,724130,Duteiro,Sinônimo
3066,203005,Ecologista,Sinônimo
3067,203005,Ecólogo,Sinônimo
3068,211210,Econometrista,Sinônimo
3069,251205,Economista,Ocupação
3070,251210,Economista agroindustrial,Ocupação
3071,251230,Economista ambiental,Ocupação
3072,251225,Economista do setor público,Ocupação
3073,251610,Economista doméstico,Ocupação
3074,251215,Economista financeiro,Ocupação
3075,251220,Economista industrial,Ocupação
3076,251235,Economista regional e urbano,Ocupação
3077,251235,Economista urbano,Sinônimo
3078,2512,ECONOMISTAS,Família
3079,710205,Edificador - mestre de obras,Sinônimo
3080,724210,Edificador de casco (navios),Sinônimo
3081,261120,Editor,Ocupação
3082,261120,Editor assistente,Sinônimo
3083,261120,Editor de área,Sinônimo
3084,261120,Editor de arte,Sinônimo
3085,261120,Editor de fotografia,Sinônimo
3086,261120,Editor de imagem,Sinônimo
3087,373205,Editor de imagens para televisão e produtoras de vídeo,Sinônimo
3088,261605,Editor de jornal,Ocupação
3089,261610,Editor de livro,Ocupação
3090,261615,Editor de mídia eletrônica,Ocupação
3091,261120,Editor de rádio,Sinônimo
3092,261620,Editor de revista,Ocupação
3093,261625,Editor de revista científica,Ocupação
3094,766120,Editor de texto e imagem,Ocupação
3095,261120,Editor de web,Sinônimo
3096,261120,Editor executivo,Sinônimo
3097,373205,Editor gráfico na produção para televisão e produtoras de vídeo,Sinônimo
3098,2616,EDITORES,Família
3099,261125,Editorialista,Sinônimo
3100,623005,Educador de animais,Sinônimo
3101,515305,Educador de rua,Sinônimo
3102,331105,Educador infantil de nível médio,Sinônimo
3103,515120,Educador sanitário,Sinônimo
3104,515305,Educador social,Ocupação
3105,515305,Educador social de rua,Sinônimo
3106,263105,Egbonmi,Sinônimo
3107,263105,Ekêdi,Sinônimo
3108,951105,Eletricista,Sinônimo
3109,715615,Eletricista auxiliar,Sinônimo
3110,731170,Eletricista bobinador,Sinônimo
3111,732120,Eletricista de alta-tensão,Sinônimo
3112,732120,Eletricista de baixa-tensão,Sinônimo
3113,341315,Eletricista de bordo,Ocupação
3114,953110,Eletricista de embarcações,Sinônimo
3115,732120,Eletricista de iluminação pública,Sinônimo
3116,715615,Eletricista de instalações,Ocupação
3117,953105,Eletricista de instalações (aeronaves),Ocupação
3118,715605,Eletricista de instalações (cenários),Ocupação
3119,715610,Eletricista de instalações (edifícios),Ocupação
3120,715615,Eletricista de instalações (iluminação a gás neon),Sinônimo
3121,715615,Eletricista de instalações (semáforos),Sinônimo
3122,953115,Eletricista de instalações (veículos automotores e máquinas operatrizes; exceto aeronaves e   Ocupação,
3123,715610,Eletricista de instalações comerciais e residenciais,Sinônimo
3124,715610,Eletricista de instalações de prédios,Sinônimo
3125,953115,Eletricista de instalações de veículos automotores,Sinônimo
3126,715615,Eletricista de instalações elétricas de minas,Sinônimo
3127,715615,Eletricista de instalações industriais,Sinônimo
3128,732120,Eletricista de linha de alta-tensão,Sinônimo
3129,732120,Eletricista de linha de baixa-tensão,Sinônimo
3130,732105,Eletricista de linha de transmissão,Sinônimo
3131,732105,Eletricista de manutenção de linhas elétricas,Sinônimo
3132,732105,Eletricista de manutenção de linhas elétricas; telefônicas e de comunicação de dados,Ocupação
3133,732105,Eletricista de manutenção de linhas telefônicas,Sinônimo
3134,991205,Eletricista de manutenção de parques de diversões,Sinônimo
3135,951105,Eletricista de manutenção eletroeletrônica,Ocupação
3136,951105,Eletricista de manutenção em geral,Sinônimo
3137,951105,Eletricista de manutenção industrial,Sinônimo
3138,715615,Eletricista de planejamento de instalações elétricas,Sinônimo
3139,732120,Eletricista de rede,Sinônimo
3140,732125,Eletricista de rede aérea de tração de veículos,Sinônimo
3141,715605,Eletricista de teatro e televisão,Sinônimo
3142,953115,Eletricista de veículos de máquinas operatrizes,Sinônimo
3143,731125,Eletricista instalador de alta e baixa tensão,Sinônimo
3144,9511,ELETRICISTAS DE MANUTENÇÃO ELETROELETRÔNICA,Família
3145,954105,Eletromecânico de manutenção de elevadores,Ocupação
3146,954110,Eletromecânico de manutenção de escadas rolantes,Ocupação
3147,954115,Eletromecânico de manutenção de portas automáticas,Ocupação
3148,313205,Eletrônico de manutenção,Sinônimo
3149,991205,Eletrônico de manutenção de parques de diversões,Sinônimo
3150,313215,Eletrônico de rádio e televisão,Sinônimo
3151,313105,Eletrotécnico,Ocupação
3152,313110,Eletrotécnico (produção de energia),Ocupação
3153,313115,Eletrotécnico na fabricação; montagem e instalação de máquinas e equipamentos   Ocupação,
3154,954210,Eletrotécnico reparador de aparelhos de som,Sinônimo
3155,622015,Embalador de mudas,Sinônimo
3156,784105,Embalador; a mão,Ocupação
3157,784110,Embalador; a máquina,Ocupação
3158,328105,Embalsamador,Ocupação
3159,622605,Embandeirador de cacau,Sinônimo
3160,762125,Embocador,Sinônimo
3161,623015,Embretador,Sinônimo
3162,784105,Embrulhador,Sinônimo
3163,732110,Emendador de cabos elétricos e telefônicos (aéreos e subterrâneos),Ocupação
3164,992115,Emendador de câmaras de ar,Sinônimo
3165,519905,Emendador de cartazes,Sinônimo
3166,732110,Emendador de fios (elétricos e telefônicos),Sinônimo
3167,421120,Emissor de passagens,Ocupação
3168,421120,Emissor de passagens aéreas,Sinônimo
3169,421120,Emissor de passagens no transporte rodoviário,Sinônimo
3170,784110,Empacotador; a máquina,Sinônimo
3171,776420,Empalhador de cadeiras,Sinônimo
3172,512105,Empregado doméstico nos serviços gerais,Ocupação
3173,512110,Empregado doméstico arrumador,Ocupação
3174,512115,Empregado doméstico faxineiro,Ocupação
3175,512120,Empregado doméstico diarista,Ocupação
3176,622020,Empreiteiro - na cultura,Sinônimo
3177,262105,Empresário de espetáculo; tecnólogo em produção cultural,Sinônimo
3178,611005,Empresário rural na agropecuária,Sinônimo
3179,7687,ENCADERNADORES E RECUPERADORES DE LIVROS (PEQUENOS LOTES OU A UNIDADE)   Família,
3180,828110,Encaierador de tijolos,Sinônimo
3181,784105,Encaixotador; a mão,Sinônimo
3182,724110,Encanador,Ocupação
3183,724115,Encanador de manutenção,Sinônimo
3184,724115,Encanador industrial,Sinônimo
3185,7241,ENCANADORES E INSTALADORES DE TUBULAÇÕES,Família
3186,410105,Encarregado administrativo,Sinônimo
3187,630105,Encarregado da aqüicultura,Sinônimo
3188,630110,Encarregado da área florestal,Sinônimo
3189,422105,Encarregado da recepção,Sinônimo
3190,840115,Encarregado de abridores (fumo),Sinônimo
3191,780105,Encarregado de acabamento (embalagem e etiquetagem),Sinônimo
3192,760105,Encarregado de acabamento (indústria têxtil),Sinônimo
3193,821405,Encarregado de acabamento de chapas e metais (têmpera),Ocupação
3194,760105,Encarregado de acabamento de estampa,Sinônimo
3195,410205,Encarregado de almoxarifado,Sinônimo
3196,710205,Encarregado de alvenaria,Sinônimo
3197,510115,Encarregado de andar,Sinônimo
3198,841210,Encarregado de armazenagem de sal,Sinônimo
3199,410220,Encarregado de ativo fixo,Sinônimo
3200,510130,Encarregado de bar e restaurante,Sinônimo
3201,510305,Encarregado de bombeiros,Sinônimo
3202,410210,Encarregado de câmbio,Sinônimo
3203,510130,Encarregado de cantina,Sinônimo
3204,342315,Encarregado de carga e descarga no transporte rodoviário,Sinônimo
3205,770110,Encarregado de carpintaria,Sinônimo
3206,420110,Encarregado de cobrança,Sinônimo
3207,910905,Encarregado de conservação de vias permanentes,Sinônimo
3208,710205,Encarregado de construção civil,Sinônimo
3209,710205,Encarregado de construção civil e carpintaria,Sinônimo
3210,710205,Encarregado de construção civil e manutenção,Sinônimo
3211,410215,Encarregado de contas a pagar,Sinônimo
3212,410235,Encarregado de controle financeiro,Sinônimo
3213,760305,Encarregado de corte na confecção do vestuário,Ocupação
3214,760310,Encarregado de costura na confecção do vestuário,Ocupação
3215,271105,Encarregado de cozinha,Sinônimo
3216,410225,Encarregado de crédito e cobrança,Sinônimo
3217,412120,Encarregado de digitação e operação,Sinônimo
3218,510110,Encarregado de edifício,Sinônimo
3219,514105,Encarregado de elevador,Sinônimo
3220,410105,Encarregado de escritório - exclusive no serviço público,Sinônimo
3221,414105,Encarregado de estoque,Sinônimo
3222,414105,Encarregado de expedição,Sinônimo
3223,710120,Encarregado de extração (mineração),Sinônimo
3224,710120,Encarregado de extração de magnésio,Sinônimo
3225,710120,Encarregado de extração de pedreira,Sinônimo
3226,710120,Encarregado de extração de talco,Sinônimo
3227,848115,Encarregado de frios,Sinônimo
3228,840115,Encarregado de fumo desfiado,Sinônimo
3229,514110,Encarregado de garagem,Sinônimo
3230,760605,Encarregado de gráfica,Sinônimo
3231,513325,Encarregado de guarda-roupa de cinema,Sinônimo
3232,513310,Encarregado de guarda-roupa de televisão,Sinônimo
3233,620105,Encarregado de horticultura,Sinônimo
3234,620105,Encarregado de hortifrutigrangeiros,Sinônimo
3235,510205,Encarregado de lavanderia,Sinônimo
3236,342305,Encarregado de linha de transporte rodoviário,Sinônimo
3237,910910,Encarregado de lubrificação de vias permanentes,Sinônimo
3238,415210,Encarregado de malote,Sinônimo
3239,313115,Encarregado de manutenção,Sinônimo
3240,313415,Encarregado de manutenção de instrumentos de controle; medição e similares   Ocupação,
3241,950205,Encarregado de manutenção elétrica de veículos,Ocupação
3242,910105,Encarregado de manutenção mecânica de sistemas operacionais,Ocupação
3243,848505,Encarregado de matadouro,Sinônimo
3244,760105,Encarregado de mecerização,Sinônimo
3245,840105,Encarregado de moinho,Sinônimo
3246,313115,Encarregado de montagem,Sinônimo
3247,914405,Encarregado de montagem de caixa diferencial,Sinônimo
3248,770105,Encarregado de montagem de móveis,Sinônimo
3249,720145,Encarregado de montagem de tubos,Sinônimo
3250,710205,Encarregado de obras,Sinônimo
3251,710205,Encarregado de obras de manutenção,Sinônimo
3252,710205,Encarregado de obras e instalações,Sinônimo
3253,710205,Encarregado de obras; manutenção e segurança,Sinônimo
3254,141605,Encarregado de operação de porto,Sinônimo
3255,342610,Encarregado de operações portuárias,Sinônimo
3256,410230,Encarregado de orçamento,Sinônimo
3257,720140,Encarregado de oxicorte,Sinônimo
3258,848305,Encarregado de padaria,Sinônimo
3259,410220,Encarregado de patrimônio,Sinônimo
3260,710120,Encarregado de pedreira (mineração),Sinônimo
3261,414115,Encarregado de pesagem,Sinônimo
3262,720135,Encarregado de pintura (tratamento de superfícies),Sinônimo
3263,510120,Encarregado de portaria de hotel,Sinônimo
3264,517330,Encarregado de portaria e segurança,Sinônimo
3265,840115,Encarregado de preparação de talo (indústria de fumo),Sinônimo
3266,770105,Encarregado de produção (indústria de madeira e mobiliário),Sinônimo
3267,820205,Encarregado de produção na fabricação de produtos de cerâmica; porcelanatos e afins   Sinônimo,
3268,820210,Encarregado de produção na fabricação de produtos de vidros,Sinônimo
3269,810110,Encarregado de produção química,Sinônimo
3270,420125,Encarregado de recepção,Sinônimo
3271,414210,Encarregado de seção de controle de produção,Sinônimo
3272,780105,Encarregado de seção de empacotamento,Sinônimo
3273,720125,Encarregado de seção de fundição,Sinônimo
3274,517330,Encarregado de segurança,Sinônimo
3275,770105,Encarregado de serraria,Sinônimo
3276,710205,Encarregado de servente,Sinônimo
3277,410105,Encarregado de serviço - exclusive no serviço público,Sinônimo
3278,261305,Encarregado de serviço de arquivo médico e estatística,Sinônimo
3279,412120,Encarregado de serviço de digitação,Sinônimo
3280,783220,Encarregado de serviço portuário,Sinônimo
3281,783220,Encarregado de serviços de cais,Sinônimo
3282,519940,Encarregado de serviços de leitura e verificação de consumo de energia elétrica; água e gás   Sinônimo,
3283,770105,Encarregado de serviços de serras e tornos,Sinônimo
3284,810205,Encarregado de setor de borracha,Sinônimo
3285,710220,Encarregado de setor de concreto,Sinônimo
3286,622020,Encarregado de silos,Sinônimo
3287,720140,Encarregado de soldagem,Sinônimo
3288,142305,Encarregado de supermercado,Sinônimo
3289,420130,Encarregado de telefonistas,Sinônimo
3290,420135,Encarregado de telemarketing,Sinônimo
3291,410235,Encarregado de tesouraria,Sinônimo
3292,511205,Encarregado de tráfego,Sinônimo
3293,342305,Encarregado de tráfego rodoviário,Sinônimo
3294,510105,Encarregado de tráfego rodoviário e ferroviário,Sinônimo
3295,780105,Encarregado de turma de acondicionamento,Sinônimo
3296,910105,Encarregado de turma de manutenção mecânica de sistemas operacionais,Sinônimo
3297,950110,Encarregado de turmas de eletromecânicos,Sinônimo
3298,950110,Encarregado de turno de manutenção eletromecânica,Sinônimo
3299,720150,Encarregado de usinagem de metais,Sinônimo
3300,720125,Encarregado de vazamento de fundição de ferro,Sinônimo
3301,517330,Encarregado de vigilância - organizações particulares de segurança,Sinônimo
3302,780105,Encarregado do setor de embalagem,Sinônimo
3303,950105,Encarregado eletricista de instalações,Sinônimo
3304,950110,Encarregado eletromecânico de instalações,Sinônimo
3305,840115,Encarregado fabricação de cigarros,Sinônimo
3306,321210,Encarregado florestal,Sinônimo
3307,760110,Encarregado geral de fiação,Sinônimo
3308,720125,Encarregado geral de fundição,Sinônimo
3309,760115,Encarregado geral de malharia,Sinônimo
3310,992205,Encarregado geral de operações de conservação de vias permanentes (exceto trilhos)   Ocupação,
3311,760120,Encarregado geral de tecelagem,Sinônimo
3312,620110,Encarregado na agropecuária,Sinônimo
3313,620115,Encarregado na exploração de pecuária,Sinônimo
3314,510205,Encarregado operacional de lavanderia,Sinônimo
3315,262220,Encenador teatral,Sinônimo
3316,784105,Enchedor de bandejas,Sinônimo
3317,848115,Enchedor de lingüiças,Sinônimo
3318,848115,Enchedor de salame,Sinônimo
3319,261520,Enciclopedista,Sinônimo
3320,622020,Encoivarador - na cultura,Sinônimo
3321,742115,Encordoador de instrumentos musicais,Sinônimo
3322,711115,Encunhador - na extração de pedras,Sinônimo
3323,711115,Encunhador de pedreira,Sinônimo
3324,225155,Endocrinologista,Sinônimo
3325,223212,Endodontólogo,Sinônimo
3326,225310,Endoscopista,Sinônimo
3327,784125,Enfardador,Sinônimo
3328,519215,Enfardador de material de sucata (cooperativa),Sinônimo
3329,519205,Enfardador de sucata (cooperativa),Sinônimo
3330,632325,Enfeixador de palha de carnaúba,Sinônimo
3331,223545,Enfermeira parteira,Sinônimo
3332,223505,Enfermeiro,Ocupação
3333,223510,Enfermeiro auditor,Ocupação
3334,223565,Enfermeiro da estratégia de saúde da família,Ocupação
3335,223540,Enfermeiro de berçário,Sinônimo
3336,223515,Enfermeiro de bordo,Ocupação
3337,223520,Enfermeiro de centro cirúrgico,Ocupação
3338,223560,Enfermeiro de saúde publica,Sinônimo
3339,223525,Enfermeiro de terapia intensiva,Ocupação
3340,223530,Enfermeiro do trabalho,Ocupação
3341,223525,Enfermeiro intensivista,Sinônimo
3342,223535,Enfermeiro nefrologista,Ocupação
3343,223540,Enfermeiro neonatologista,Ocupação
3344,223545,Enfermeiro obstétrico,Ocupação
3345,223555,Enfermeiro puericultor e pediátrico,Ocupação
3346,223560,Enfermeiro sanitarista,Ocupação
3347,2235,ENFERMEIROS E AFINS,Família
3348,763115,Enfestador de roupas,Ocupação
3349,761327,Enformador de malharia,Sinônimo
3350,761336,Enformador de meias,Sinônimo
3351,841805,Enfornador de pão,Sinônimo
3352,828110,Enfornador de tijolos,Sinônimo
3353,784120,Engarrafador,Sinônimo
3354,751005,Engastador (jóias),Ocupação
3355,214425,Engenheiro aeronáutico,Ocupação
3356,222105,Engenheiro agrícola,Ocupação
3357,214805,Engenheiro agrimensor,Ocupação
3358,222110,Engenheiro agrônomo,Ocupação
3359,222110,Engenheiro agrônomo (agricultura),Sinônimo
3360,222110,Engenheiro agrônomo (solos),Sinônimo
3361,214005,Engenheiro ambiental,Ocupação
3362,222115,Engenheiro aqüicultor,Sinônimo
3363,214105,Engenheiro arquiteto,Sinônimo
3364,214810,Engenheiro cartógrafo,Ocupação
3365,214205,Engenheiro civil,Ocupação
3366,214210,Engenheiro civil (aeroportos),Ocupação
3367,214215,Engenheiro civil (edificações),Ocupação
3368,214220,Engenheiro civil (estruturas metálicas),Ocupação
3369,214225,Engenheiro civil (ferrovias e metrovias),Ocupação
3370,214230,Engenheiro civil (geotécnia),Ocupação
3371,214240,Engenheiro civil (hidráulica),Ocupação
3372,214235,Engenheiro civil (hidrologia),Ocupação
3373,214230,Engenheiro civil (mecânica de solos),Sinônimo
3374,214260,Engenheiro civil (obras sanitárias),Sinônimo
3375,214245,Engenheiro civil (pontes e viadutos),Ocupação
3376,214250,Engenheiro civil (portos e vias navegáveis),Ocupação
3377,214255,Engenheiro civil (rodovias),Ocupação
3378,214260,Engenheiro civil (saneamento),Ocupação
3379,214255,Engenheiro civil (terraplanagem),Sinônimo
3380,214270,Engenheiro civil (transportes e trânsito),Ocupação
3381,214265,Engenheiro civil (túneis),Ocupação
3382,222205,Engenheiro de alimentos,Ocupação
3383,214925,Engenheiro de análise de trabalho,Sinônimo
3384,212205,Engenheiro de aplicativos em computação,Ocupação
3385,202110,Engenheiro de automação,Sinônimo
3386,214705,Engenheiro de beneficiamento de minério,Sinônimo
3387,214520,Engenheiro de celulose e papel,Sinônimo
3388,214340,Engenheiro de comutação,Sinônimo
3389,214705,Engenheiro de concentração,Sinônimo
3390,214430,Engenheiro de construção naval,Sinônimo
3391,202110,Engenheiro de controle,Sinônimo
3392,214910,Engenheiro de controle de qualidade,Ocupação
3393,202110,Engenheiro de controle e automação,Ocupação
3394,214505,Engenheiro de desenvolvimento químico,Sinônimo
3395,214255,Engenheiro de estradas,Sinônimo
3396,222120,Engenheiro de fauna e flora,Sinônimo
3397,214810,Engenheiro de geodésia e topografia,Sinônimo
3398,214255,Engenheiro de geometria,Sinônimo
3399,373120,Engenheiro de gravação (rádio),Sinônimo
3400,212210,Engenheiro de hardware computacional,Sinônimo
3401,214510,Engenheiro de indústria química,Sinônimo
3402,202110,Engenheiro de instrumentação,Sinônimo
3403,222105,Engenheiro de irrigação e drenagem,Sinônimo
3404,214270,Engenheiro de logística,Sinônimo
3405,214335,Engenheiro de manutenção de telecomunicações,Ocupação
3406,214410,Engenheiro de manutenção de veículos,Sinônimo
3407,214315,Engenheiro de manutenção elétrica,Sinônimo
3408,214325,Engenheiro de manutenção eletrônica,Sinônimo
3409,374115,Engenheiro de master,Sinônimo
3410,214605,Engenheiro de materiais,Ocupação
3411,214605,Engenheiro de materiais (cerâmica),Sinônimo
3412,214605,Engenheiro de materiais (metais),Sinônimo
3413,214605,Engenheiro de materiais (polímeros),Sinônimo
3414,214005,Engenheiro de meio ambiente,Sinônimo
3415,214705,Engenheiro de minas,Ocupação
3416,214710,Engenheiro de minas (beneficiamento),Ocupação
3417,214705,Engenheiro de minas (carvão),Sinônimo
3418,214715,Engenheiro de minas (lavra a céu aberto),Ocupação
3419,214720,Engenheiro de minas (lavra subterrânea),Ocupação
3420,214730,Engenheiro de minas (planejamento),Ocupação
3421,214735,Engenheiro de minas (processo),Ocupação
3422,214740,Engenheiro de minas (projeto),Ocupação
3423,214705,Engenheiro de mineração,Sinônimo
3424,214270,Engenheiro de operação (transporte rodoviário),Sinônimo
3425,214905,Engenheiro de organização e métodos,Sinônimo
3426,214905,Engenheiro de organização industrial,Sinônimo
3427,214255,Engenheiro de pavimentação,Sinônimo
3428,222115,Engenheiro de pesca,Ocupação
3429,214205,Engenheiro de planejamento,Sinônimo
3430,214905,Engenheiro de planejamento industrial,Sinônimo
3431,214905,Engenheiro de processamento,Sinônimo
3432,214505,Engenheiro de processamento químico,Sinônimo
3433,214905,Engenheiro de processos,Sinônimo
3434,214905,Engenheiro de produção,Ocupação
3435,214345,Engenheiro de projetos de telecomunicações,Sinônimo
3436,214345,Engenheiro de projetos de telefonia,Sinônimo
3437,214320,Engenheiro de projetos elétricos,Sinônimo
3438,214330,Engenheiro de projetos eletrônicos,Sinônimo
3439,214255,Engenheiro de projetos viários,Sinônimo
3440,214910,Engenheiro de qualidade,Sinônimo
3441,214350,Engenheiro de redes de comunicação,Ocupação
3442,214920,Engenheiro de riscos,Ocupação
3443,214915,Engenheiro de segurança do trabalho,Ocupação
3444,214915,Engenheiro de segurança industrial,Sinônimo
3445,214255,Engenheiro de sinalização viária,Sinônimo
3446,212205,Engenheiro de sistemas computacionais - aplicativos,Sinônimo
3447,212210,Engenheiro de sistemas computacionais - equipamentos,Sinônimo
3448,214350,Engenheiro de sistemas de comunicação,Sinônimo
3449,212215,Engenheiro de software computacional básico,Sinônimo
3450,212205,Engenheiro de softwares computacionais,Sinônimo
3451,373120,Engenheiro de som (rádio),Sinônimo
3452,212215,Engenheiro de suporte de sistemas operacionais em computação,Sinônimo
3453,214340,Engenheiro de telecomunicações,Ocupação
3454,214925,Engenheiro de tempos e movimentos,Ocupação
3455,214270,Engenheiro de tráfego,Sinônimo
3456,214340,Engenheiro de tráfego telefônico,Sinônimo
3457,214270,Engenheiro de trânsito,Sinônimo
3458,214340,Engenheiro de transmissão,Sinônimo
3459,214270,Engenheiro de transportes,Sinônimo
3460,214705,Engenheiro de tratamento de minério,Sinônimo
3461,214305,Engenheiro eletricista,Ocupação
3462,214315,Engenheiro eletricista de manutenção,Ocupação
3463,214320,Engenheiro eletricista de projetos,Ocupação
3464,214305,Engenheiro elétrico,Sinônimo
3465,214310,Engenheiro eletrônico,Ocupação
3466,214325,Engenheiro eletrônico de manutenção,Ocupação
3467,214330,Engenheiro eletrônico de projetos,Ocupação
3468,214305,Engenheiro eletrotécnico,Sinônimo
3469,214320,Engenheiro eletrotécnico de projetos,Sinônimo
3470,222105,Engenheiro especialista em construções rurais e ambiência,Sinônimo
3471,222105,Engenheiro especialista em mecanização agrícola,Sinônimo
3472,222120,Engenheiro especialista em preservação florestal,Sinônimo
3473,222105,Engenheiro especialista em secagem e armazenagem de grãos,Sinônimo
3474,222120,Engenheiro especialista em tecnologia de madeira,Sinônimo
3475,222115,Engenheiro especialista em tecnologia de pesca,Sinônimo
3476,222115,Engenheiro especialista em tecnologia de pescado,Sinônimo
3477,222120,Engenheiro florestal,Ocupação
3478,222110,Engenheiro horticultor,Sinônimo
3479,214405,Engenheiro mecânico,Ocupação
3480,214415,Engenheiro mecânico (energia nuclear),Ocupação
3481,214410,Engenheiro mecânico (veículos automotores),Sinônimo
3482,214410,Engenheiro mecânico automobilístico,Sinônimo
3483,214410,Engenheiro mecânico automotivo,Ocupação
3484,214420,Engenheiro mecânico industrial,Ocupação
3485,214415,Engenheiro mecânico nuclear,Sinônimo
3486,202105,Engenheiro mecatrônico,Ocupação
3487,214610,Engenheiro metalúrgico,Sinônimo
3488,214610,Engenheiro metalúrgico (produção de metais),Sinônimo
3489,214610,Engenheiro metalúrgico (siderurgia),Sinônimo
3490,214610,Engenheiro metalúrgico (tratamento de metais),Sinônimo
3491,214610,Engenheiro metalurgista,Ocupação
3492,214430,Engenheiro naval,Ocupação
3493,214360,Engenheiro operacional em eletrotécnica,Sinônimo
3494,214205,Engenheiro orçamentista,Sinônimo
3495,203215,Engenheiro pesquisador (engenharia elétrica e eletrônica),Sinônimo
3496,203220,Engenheiro pesquisador (engenharia mecânica),Sinônimo
3497,203230,Engenheiro pesquisador (engenharia química),Sinônimo
3498,203225,Engenheiro pesquisador (materiais),Sinônimo
3499,203225,Engenheiro pesquisador (metalurgia),Sinônimo
3500,203225,Engenheiro pesquisador (minas),Sinônimo
3501,203210,Engenheiro pesquisador (outras áreas da engenharia),Sinônimo
3502,203215,Engenheiro pesquisador (telecomunicações),Sinônimo
3503,214205,Engenheiro projetista,Sinônimo
3504,374135,Engenheiro projetista de áudio,Sinônimo
3505,214345,Engenheiro projetista de telecomunicações,Ocupação
3506,214505,Engenheiro químico,Ocupação
3507,214510,Engenheiro químico (ácidos e bases),Sinônimo
3508,214510,Engenheiro químico (açúcar e álcool),Sinônimo
3509,214505,Engenheiro químico (alimentos e bebidas),Sinônimo
3510,214525,Engenheiro químico (borracha),Sinônimo
3511,214520,Engenheiro químico (celulose),Sinônimo
3512,214515,Engenheiro químico (cerâmica),Sinônimo
3513,214515,Engenheiro químico (cimento),Sinônimo
3514,214510,Engenheiro químico (cosméticos; higiene e limpeza),Sinônimo
3515,214525,Engenheiro químico (derivados de petróleo),Sinônimo
3516,214510,Engenheiro químico (fertilizantes),Sinônimo
3517,214510,Engenheiro químico (indústria química),Ocupação
3518,214530,Engenheiro químico (meio ambiente),Sinônimo
3519,214515,Engenheiro químico (metalurgia),Sinônimo
3520,214515,Engenheiro químico (mineração; metalurgia; siderurgia; cimenteira e cerâmica)   Ocupação,
3521,214520,Engenheiro químico (papel e celulose),Ocupação
3522,214520,Engenheiro químico (papel),Sinônimo
3523,214525,Engenheiro químico (petróleo e borracha),Ocupação
3524,214525,Engenheiro químico (petróleo e petroquímica),Sinônimo
3525,214525,Engenheiro químico (plástico),Sinônimo
3526,214510,Engenheiro químico (produtos farmacêuticos),Sinônimo
3527,214515,Engenheiro químico (siderurgia),Sinônimo
3528,214510,Engenheiro químico (solventes e tintas),Sinônimo
3529,214510,Engenheiro químico (têxtil),Sinônimo
3530,214530,Engenheiro químico (utilidades e meio ambiente),Ocupação
3531,214530,Engenheiro químico (utilidades),Sinônimo
3532,214505,Engenheiro químico de processos,Sinônimo
3533,214505,Engenheiro químico de produção,Sinônimo
3534,214505,Engenheiro químico de projetos,Sinônimo
3535,214505,Engenheiro químico; em geral,Sinônimo
3536,214255,Engenheiro rodoviário,Sinônimo
3537,214260,Engenheiro sanitarista,Sinônimo
3538,222120,Engenheiro silvicultor,Sinônimo
3539,214705,Engenheiro tuneleiro,Sinônimo
3540,2148,ENGENHEIROS AGRIMENSORES E ENGENHEIROS CARTÓGRAFOS,Família
3541,2221,ENGENHEIROS AGROSSILVIPECUÁRIOS,Família
3542,2140,ENGENHEIROS AMBIENTAIS E AFINS,Família
3543,2142,ENGENHEIROS CIVIS E AFINS,Família
3544,2222,ENGENHEIROS DE ALIMENTOS E AFINS,Família
3545,2147,ENGENHEIROS DE MINAS E AFINS,Família
3546,2149,ENGENHEIROS DE PRODUÇÃO; QUALIDADE; SEGURANÇA E AFINS,Família
3547,212215,Engenheiros de sistemas operacionais em computação,Ocupação
3548,2143,ENGENHEIROS ELETRICISTAS; ELETRÔNICOS E AFINS,Família
3549,2122,ENGENHEIROS EM COMPUTAÇÃO,Família
3550,2144,ENGENHEIROS MECÂNICOS E AFINS,Família
3551,2146,ENGENHEIROS METALURGISTAS; DE MATERIAIS E AFINS,Família
3552,2145,ENGENHEIROS QUÍMICOS E AFINS,Família
3553,613110,Engordador de gado bovino - empregador,Sinônimo
3554,613005,Engordador de gado bovino; suíno; caprino - conta própria,Sinônimo
3555,613110,Engordador de zebu - empregador,Sinônimo
3556,784105,Engradador,Sinônimo
3557,919105,Engraxador de máquinas,Sinônimo
3558,519915,Engraxate,Ocupação
3559,325005,Enólogo,Ocupação
3560,3250,ENÓLOGOS; PERFUMISTAS E AROMISTAS,Família
3561,325005,Enotécnico,Sinônimo
3562,712105,Enquadrador de pedra - na mineração,Sinônimo
3563,766325,Enramador gráfico de corte e vinco,Sinônimo
3564,842230,Enrolador de charutos,Sinônimo
3565,784105,Ensacador,Sinônimo
3566,262825,Ensaiador de dança,Ocupação
3567,262220,Ensaiador de teatro,Sinônimo
3568,261515,Ensaísta de ficção,Sinônimo
3569,261520,Ensaísta de não ficção,Sinônimo
3570,775105,Entalhador de madeira,Ocupação
3571,715210,Entijolador,Sinônimo
3572,203010,Entomologista,Sinônimo
3573,203010,Entomólogo,Sinônimo
3574,415215,Entregador de assinaturas (jornais e revistas),Sinônimo
3575,783225,Entregador de bebidas (ajudante de caminhão),Sinônimo
3576,415205,Entregador de correspondências (correios e telégrafos),Sinônimo
3577,783225,Entregador de gás (ajudante de caminhão),Sinônimo
3578,415215,Entregador de jornais e revistas,Sinônimo
3579,415215,Entregador de publicações,Ocupação
3580,415215,Entregador de venda avulsa (jornais e revistas),Sinônimo
3581,424105,Entrevistador censitário e de pesquisas amostrais,Ocupação
3582,424105,Entrevistador de campo,Sinônimo
3583,424110,Entrevistador de cati (computer assisted telephone interviewing),Sinônimo
3584,424110,Entrevistador de mídia,Sinônimo
3585,424110,Entrevistador de pesquisa de opinião e mídia,Ocupação
3586,424110,Entrevistador de pesquisa em profundidade,Sinônimo
3587,424115,Entrevistador de pesquisas de mercado,Ocupação
3588,424120,Entrevistador de preços,Ocupação
3589,424130,Entrevistador social,Ocupação
3590,4241,ENTREVISTADORES E RECENSEADORES,Família
3591,622020,Enxadeiro,Sinônimo
3592,622020,Enxadeiro - na cultura,Sinônimo
3593,622605,Enxertador de cacau,Sinônimo
3594,762215,Enxugador de couros,Ocupação
3595,519920,Enxugador de quadra,Sinônimo
3596,519935,Enxugador de veículos,Sinônimo
3597,519935,Enxugador e acabador na lavagem de veículos,Sinônimo
3598,225139,Epidemiologista,Sinônimo
3599,263105,Episcopiza,Sinônimo
3600,613105,Eqüideocultor de asininos e muares,Sinônimo
3601,376230,Equilibrista,Ocupação
3602,613130,Eqüinocultor,Sinônimo
3603,226315,Equoterapeuta,Ocupação
3604,141410,Ervanário (comércio varejista),Sinônimo
3605,632010,Erveiro,Sinônimo
3606,511205,Escalante,Sinônimo
3607,513410,Escanção,Sinônimo
3608,821410,Escarfador,Ocupação
3609,848515,Escarnador em matadouro e açougue,Sinônimo
3610,715115,Escavadeirista,Sinônimo
3611,622020,Escolhedor - na cultura,Sinônimo
3612,391225,Escolhedor de papel,Ocupação
3613,711125,Escorador de minas,Ocupação
3614,721325,Escovador de fundição,Sinônimo
3615,764305,Escovador de solas no acabamento de calçados,Sinônimo
3616,351405,Escrevente,Ocupação
3617,351405,Escrevente extra - judicial,Sinônimo
3618,351405,Escrevente judicial,Sinônimo
3619,351515,Escrevente técnico estenotipista,Sinônimo
3620,261515,Escritor de ficção,Ocupação
3621,261515,Escritor de folhetim,Sinônimo
3622,261515,Escritor de histórias em quadrinhos,Sinônimo
3623,261520,Escritor de não ficção,Ocupação
3624,261515,Escritor de novela de rádio,Sinônimo
3625,261515,Escritor de novela de televisão,Sinônimo
3626,261520,Escritor de obra didática,Sinônimo
3627,261520,Escritor de obras científicas,Sinônimo
3628,261515,Escritor de obras educativas de ficção,Sinônimo
3629,261520,Escritor de obras educativas de não ficção,Sinônimo
3630,261520,Escritor de obras técnicas,Sinônimo
3631,411005,Escriturário,Sinônimo
3632,424125,Escriturário em estatística,Ocupação
3633,413225,Escriturário de banco,Ocupação
3634,4132,ESCRITURÁRIOS DE SERVIÇOS BANCÁRIOS,Família
3635,351410,Escrivão civil,Sinônimo
3636,351410,Escrivão criminal,Sinônimo
3637,351415,Escrivão de cartório,Sinônimo
3638,351420,Escrivão de polícia,Ocupação
3639,351415,Escrivão extra - judicial,Ocupação
3640,351410,Escrivão judicial,Ocupação
3641,262405,Escultor,Sinônimo
3642,775105,Escultor de madeira,Sinônimo
3643,752405,Escultor de vidro,Sinônimo
3644,752410,Escultor de vidro (acabamento),Sinônimo
3645,723215,Esmaltador,Sinônimo
3646,752420,Esmaltador cerâmico,Sinônimo
3647,723215,Esmaltador de banho fundente,Sinônimo
3648,752420,Esmaltador de cerâmica por imersão,Sinônimo
3649,723215,Esmaltador de metais não-preciosos,Sinônimo
3650,821450,Esmerilador de metais,Sinônimo
3651,516805,Esotérico,Ocupação
3652,5168,ESOTÉRICOS E PARANORMAIS,Família
3653,622020,Esparramador de adubos,Sinônimo
3654,252210,Especialista contábil,Sinônimo
3655,142325,Especialista de comunicação em relações públicas,Sinônimo
3656,261210,Especialista de documentação,Sinônimo
3657,261205,Especialista de informação,Sinônimo
3658,111505,Especialista de políticas públicas e gestão governamental - eppgg,Ocupação
3659,766120,Especialista em arte final,Sinônimo
3660,201210,Especialista em calibrações metrológicas,Ocupação
3661,752305,Especialista em cerâmica,Sinônimo
3662,261310,Especialista em conservação de acervos,Sinônimo
3663,214910,Especialista em controle de qualidade e planejamento,Sinônimo
3664,142610,Especialista em desenvolvimento de cigarros,Ocupação
3665,261305,Especialista em documentação arquivística,Sinônimo
3666,261310,Especialista em documentação museológica,Sinônimo
3667,261310,Especialista em educação em museus,Sinônimo
3668,203205,Especialista em engenharia civil,Sinônimo
3669,203210,Especialista em engenharia e tecnologia (outras áreas),Sinônimo
3670,203220,Especialista em engenharia mecânica,Sinônimo
3671,203225,Especialista em engenharia metalúrgica; de minas e de materiais,Sinônimo
3672,203230,Especialista em engenharia química,Sinônimo
3673,201215,Especialista em ensaios metrológicos,Ocupação
3674,314205,Especialista em ferramentas (técnico mecânico na fabricação de ferramentas)    Sinônimo,
3675,314210,Especialista em ferramentas (técnico mecânico na manutenção de ferramentas)    Sinônimo,
3676,263115,Especialista em história da tradição; doutrina e textos sagrados,Sinônimo
3677,201220,Especialista em instrumentação metrológica,Ocupação
3678,731305,Especialista em linha de transmissão,Sinônimo
3679,201225,Especialista em materiais de referência metrológica,Ocupação
3680,261310,Especialista em museografia de exposição,Sinônimo
3681,261305,Especialista em organização de arquivos,Sinônimo
3682,211110,Especialista em pesquisa operacional,Ocupação
3683,212320,Especialista em segurança da informação,Sinônimo
3684,953105,Especialista em sistema elétrico de aviões,Sinônimo
3685,214370,Especialista em telecomunicações ( tecnólogo ),Sinônimo
3686,513410,Especialista em vinho,Sinônimo
3687,3421,ESPECIALISTAS EM LOGÍSTICA DE TRANSPORTES,Família
3688,3541,ESPECIALISTAS EM PROMOÇÃO DE PRODUTOS E VENDAS,Família
3689,752425,Espelhador,Sinônimo
3690,752425,Espelhador (esmaltador),Sinônimo
3691,752425,Espelhador - na fabricação de espelhos,Sinônimo
3692,761815,Espinçador (produção têxtil),Sinônimo
3693,377110,Esportista no futebol,Sinônimo
3694,377125,Esportista profissional de tênis,Sinônimo
3695,773115,Esquadriador (madeira),Sinônimo
3696,412205,Estafeta,Sinônimo
3697,141520,Estalageiro,Sinônimo
3698,761410,Estampador de tecido,Ocupação
3699,141410,Estancieiro (comércio varejista),Sinônimo
3700,613110,Estancieiro - na criação de gado bovino - empregador,Sinônimo
3701,613115,Estancieiro de leite,Sinônimo
3702,613110,Estancieiro na criação de gado bovino (gado de corte),Sinônimo
3703,723215,Estanhador,Sinônimo
3704,211205,Estatístico,Ocupação
3705,211210,Estatístico (estatística aplicada),Ocupação
3706,211205,Estatístico - analista,Sinônimo
3707,211215,Estatístico teórico,Ocupação
3708,376405,Estátua viva,Sinônimo
3709,776425,Esteireiro,Ocupação
3710,351510,Estenógrafo,Sinônimo
3711,351515,Estenotipista,Ocupação
3712,351515,Estenotipista em ´close caption´,Sinônimo
3713,351515,Estenotipista técnico judiciário,Sinônimo
3714,351515,Estenotipista técnico parlamentar,Sinônimo
3715,351515,Estenotipista ´free lancer´,Sinônimo
3716,622020,Estercador,Sinônimo
3717,841440,Esterilizador de alimentos,Ocupação
3718,322130,Esteticista,Ocupação
3719,322130,Esteticista corporal,Sinônimo
3720,322130,Esteticista facial,Sinônimo
3721,262425,Estilista de moda,Sinônimo
3722,762305,Estirador de couros e peles (acabamento),Ocupação
3723,762115,Estirador de couros e peles (preparação),Ocupação
3724,722410,Estirador de tubo de metal,Sinônimo
3725,722410,Estirador de tubos de metal sem costura,Ocupação
3726,783220,Estivador,Ocupação
3727,765230,Estofador de aviões,Ocupação
3728,765235,Estofador de móveis,Ocupação
3729,765240,Estofador de veículos,Sinônimo
3730,414105,Estoquista,Sinônimo
3731,848525,Estripador (matadouro),Sinônimo
3732,715210,Estucador,Sinônimo
3733,784115,Etiquetador,Sinônimo
3734,784115,Etiquetador de embalagem,Sinônimo
3735,784105,Etiquetador; a mão,Sinônimo
3736,263105,Evangelista,Sinônimo
3737,848525,Eviscerador em matadouro,Sinônimo
3738,732115,Examinador de cabos; linhas elétricas e telefônicas,Ocupação
3739,761815,Examinador de meias (produção têxtil),Sinônimo
3740,376245,Excêntrico,Sinônimo
3741,263115,Exegeta,Sinônimo
3742,764305,Expedidor de calçados,Sinônimo
3743,711120,Explodidor - em minas e pedreiras,Sinônimo
3744,632125,Explorador de madeira; em geral,Sinônimo
3745,141405,Exportador - empregador,Sinônimo
3746,621005,Exterminador de insetos - na agropecuária,Sinônimo
3747,6321,EXTRATIVISTAS E REFLORESTADORES DE ESPÉCIES PRODUTORAS DE MADEIRA,Família
3748,6324,EXTRATIVISTAS FLORESTAIS DE ESPÉCIES PRODUTORAS DE ALIMENTOS SILVESTRES,Família
3749,6323,EXTRATIVISTAS FLORESTAIS DE ESPÉCIES PRODUTORAS DE FIBRAS; CERAS E ÓLEOS,Família
3750,6322,EXTRATIVISTAS FLORESTAIS DE ESPÉCIES PRODUTORAS DE GOMAS E RESINAS,Família
3751,6325,EXTRATIVISTAS FLORESTAIS DE ESPÉCIES PRODUTORAS DE SUBSTÂNCIAS AROMÁTICAS; MEDICINAIS E   Família,
3752,632310,Extrator - na extração de babaçu,Sinônimo
3753,712120,Extrator de britagem,Sinônimo
3754,632205,Extrator de látex,Sinônimo
3755,632210,Extrator de látex (gomas não elásticas),Sinônimo
3756,848525,Extrator de miolos em matadouro,Sinônimo
3757,632365,Extrator de piaçava,Sinônimo
3758,632215,Extrator de resinas,Sinônimo
3759,766310,Extrusor (artes gráficas),Sinônimo
3760,811775,Extrusor de borracha,Sinônimo
3761,823210,Extrusor de fios ou fibras de vidro,Ocupação
3762,812105,Fabricador de baladas,Sinônimo
3763,812105,Fabricador de fogos de artifício,Sinônimo
3764,261515,Fabulista,Sinônimo
3765,711405,Faiscador - no garimpo,Sinônimo
3766,773105,Falquejador,Sinônimo
3767,376215,Faquir,Sinônimo
3768,223440,Farmacêutica criminalista,Sinônimo
3769,223405,Farmacêutico,Ocupação
3770,223415,Farmacêutico analista clínico,Ocupação
3771,223415,Farmacêutico analista clínico (bioquímico),Sinônimo
3772,223425,Farmacêutico antroposófico,Sinônimo
3773,223405,Farmacêutico auditor,Sinônimo
3774,223420,Farmacêutico bromatologista,Sinônimo
3775,223445,Farmacêutico clínico,Sinônimo
3776,223445,Farmacêutico clínico domiciliar,Sinônimo
3777,223445,Farmacêutico clínico em cardiologia,Sinônimo
3778,223445,Farmacêutico clínico em cuidados paliativos,Sinônimo
3779,223445,Farmacêutico clínico em famarcocinética clinica,Sinônimo
3780,223445,Farmacêutico clínico em farmacovigilância,Sinônimo
3781,223445,Farmacêutico clínico em geriatria,Sinônimo
3782,223445,Farmacêutico clínico em hematologia,Sinônimo
3783,223445,Farmacêutico clínico em oncologia,Sinônimo
3784,223445,Farmacêutico clínico em pediatria,Sinônimo
3785,223445,Farmacêutico clínico em reumatologia,Sinônimo
3786,223445,Farmacêutico clínico em terapia antineoplásica,Sinônimo
3787,223420,Farmacêutico de alimentos,Ocupação
3788,223405,Farmacêutico de manipulação,Sinônimo
3789,223435,Farmacêutico em alfândega,Sinônimo
3790,223420,Farmacêutico em alimentos funcionais e nutracêuticos,Sinônimo
3791,223420,Farmacêutico em análise de alimentos,Sinônimo
3792,223440,Farmacêutico em análise de solo,Sinônimo
3793,223415,Farmacêutico em análises clínicas,Sinônimo
3794,223435,Farmacêutico em armazenamento,Sinônimo
3795,223405,Farmacêutico em atenção farmacêutica,Sinônimo
3796,223415,Farmacêutico em bacteriologia clínica,Sinônimo
3797,223420,Farmacêutico em banco de leite,Sinônimo
3798,223415,Farmacêutico em banco de materiais biológicos,Sinônimo
3799,223415,Farmacêutico em banco de órgãos; tecidos e células,Sinônimo
3800,223415,Farmacêutico em banco de sangue,Sinônimo
3801,223415,Farmacêutico em banco de sêmem,Sinônimo
3802,223405,Farmacêutico em biofarmácia,Sinônimo
3803,223415,Farmacêutico em biologia molecular,Sinônimo
3804,223415,Farmacêutico em bioquímica clínica,Sinônimo
3805,223405,Farmacêutico em biossegurança,Sinônimo
3806,223435,Farmacêutico em biotecnologia industrial,Sinônimo
3807,223415,Farmacêutico em citogenética,Sinônimo
3808,223415,Farmacêutico em citologia clínica e diagnóstica,Sinônimo
3809,223415,Farmacêutico em citopatologia,Sinônimo
3810,223415,Farmacêutico em citoquímica,Sinônimo
3811,223420,Farmacêutico em controle de qualidade de alimentos,Sinônimo
3812,223435,Farmacêutico em controle de qualidade de insumos; medicamentos; cosméticos e produtos veterinários   Sinônimo,
3813,223430,Farmacêutico em controle de qualidade e tratamento de água,Sinônimo
3814,223430,Farmacêutico em controle de vetores e pragas urbanas,Sinônimo
3815,223405,Farmacêutico em cosmetologia,Sinônimo
3816,223445,Farmacêutico em cuidados paliativos,Sinônimo
3817,223435,Farmacêutico em distribuidora,Sinônimo
3818,223435,Farmacêutico em domissanitários,Sinônimo
3819,223430,Farmacêutico em estratégia da saúde da família,Sinônimo
3820,223430,Farmacêutico em farmácia pública,Sinônimo
3821,223405,Farmacêutico em farmácia veterinária,Sinônimo
3822,223405,Farmacêutico em farmacocinética clínica,Sinônimo
3823,223430,Farmacêutico em farmacoepidemiologia,Sinônimo
3824,223405,Farmacêutico em farmacotécnica,Sinônimo
3825,223430,Farmacêutico em farmacovigilância,Sinônimo
3826,223445,Farmacêutico em gases e misturas de usos terapêuticos,Sinônimo
3827,223415,Farmacêutico em genética,Sinônimo
3828,223430,Farmacêutico em gerenciamento dos resíduos em serviços de saúde,Sinônimo
3829,223430,Farmacêutico em gestão ambiental,Sinônimo
3830,223430,Farmacêutico em gestão de assistência farmacêutica,Sinônimo
3831,223415,Farmacêutico em hematologia clínica,Sinônimo
3832,223415,Farmacêutico em hemoterapia,Sinônimo
3833,223415,Farmacêutico em histocompatibilidade,Sinônimo
3834,223415,Farmacêutico em histoquímica,Sinônimo
3835,223445,Farmacêutico em homecare,Sinônimo
3836,223445,Farmacêutico em homoderivados,Sinônimo
3837,223415,Farmacêutico em imunocitoquímica,Sinônimo
3838,223415,Farmacêutico em imunogenética,Sinônimo
3839,223415,Farmacêutico em imunologia clínica,Sinônimo
3840,223415,Farmacêutico em imunopatologia,Sinônimo
3841,223420,Farmacêutico em indústria de alimentos,Sinônimo
3842,223435,Farmacêutico em indústria de cosméticos,Sinônimo
3843,223435,Farmacêutico em indústria farmacêutica,Sinônimo
3844,223435,Farmacêutico em indústria químico-farmacêutico,Sinônimo
3845,223415,Farmacêutico em micologia clínica,Sinônimo
3846,223415,Farmacêutico em microbiologia clínica,Sinônimo
3847,223420,Farmacêutico em microbiologia de alimentos,Sinônimo
3848,223420,Farmacêutico em nutrição animal,Sinônimo
3849,223445,Farmacêutico em nutrição parenteral,Sinônimo
3850,223415,Farmacêutico em parasitologia clínica,Sinônimo
3851,223420,Farmacêutico em pesquisa e desenvolvimento de alimentos,Sinônimo
3852,223435,Farmacêutico em pesquisa e desenvolvimento de fármacos,Sinônimo
3853,223445,Farmacêutico em pesquisas clínicas,Sinônimo
3854,223425,Farmacêutico em plantas medicinais e fitoterapia,Sinônimo
3855,223420,Farmacêutico em produção de alimentos,Sinônimo
3856,223445,Farmacêutico em radioisótopos,Sinônimo
3857,223430,Farmacêutico em saúde ambiental,Sinônimo
3858,223430,Farmacêutico em saúde ocupacional,Sinônimo
3859,223430,Farmacêutico em saúde pública,Ocupação
3860,223430,Farmacêutico em segurança do trabalho,Sinônimo
3861,223425,Farmacêutico em termalismo social/crenoterapia,Sinônimo
3862,223440,Farmacêutico em toxicologia ambiental,Sinônimo
3863,223440,Farmacêutico em toxicologia analítica,Sinônimo
3864,223440,Farmacêutico em toxicologia clínica,Sinônimo
3865,223440,Farmacêutico em toxicologia de alimentos,Sinônimo
3866,223440,Farmacêutico em toxicologia de cosméticos,Sinônimo
3867,223440,Farmacêutico em toxicologia de emergência,Sinônimo
3868,223440,Farmacêutico em toxicologia de medicamentos,Sinônimo
3869,223440,Farmacêutico em toxicologia desportiva,Sinônimo
3870,223440,Farmacêutico em toxicologia forense,Sinônimo
3871,223440,Farmacêutico em toxicologia ocupacional,Sinônimo
3872,223440,Farmacêutico em toxicologia veterinária,Sinônimo
3873,223435,Farmacêutico em transportadora,Sinônimo
3874,223430,Farmacêutico em vigilância epidemiológica,Sinônimo
3875,223415,Farmacêutico em virologia clínica,Sinônimo
3876,223405,Farmacêutico farmacologista,Sinônimo
3877,223425,Farmacêutico fitoterapeuta,Sinônimo
3878,223425,Farmacêutico homeopata,Sinônimo
3879,223445,Farmacêutico hospitalar e clínico,Ocupação
3880,223435,Farmacêutico industrial,Ocupação
3881,223435,Farmacêutico logístico,Sinônimo
3882,223405,Farmacêutico magistral,Sinônimo
3883,223445,Farmacêutico nuclear,Sinônimo
3884,223425,Farmacêutico práticas integrativas e complementares,Ocupação
3885,223445,Farmacêutico pré-hospitalar em serviços de urgência e emergência,Sinônimo
3886,223440,Farmacêutico toxicologista,Ocupação
3887,2234,FARMACÊUTICOS,Família
3888,848515,Fateiro em matadouro,Sinônimo
3889,413115,Faturista,Sinônimo
3890,514320,Faxineiro,Ocupação
3891,512115,Faxineiro no serviço doméstico,Sinônimo
3892,621005,Fazedor de cerca - inclusive na agropecuária,Sinônimo
3893,613105,Fazendeiro - na criação de asininos e muares,Sinônimo
3894,613110,Fazendeiro - na criação de bovinos - empregador,Sinônimo
3895,613130,Fazendeiro - na criação de eqüinos - empregador,Sinônimo
3896,613210,Fazendeiro - na criação de ovinos,Sinônimo
3897,613120,Fazendeiro de búfalos - corte,Sinônimo
3898,613125,Fazendeiro de búfalos - leite,Sinônimo
3899,611005,Fazendeiro na agropecuária - conta própria,Sinônimo
3900,613215,Fazendeiro na criação de suínos - empregador,Sinônimo
3901,752115,Fechador de ampolas (garrafas térmicas),Sinônimo
3902,722320,Fechador de moldes - na fundição,Sinônimo
3903,524205,Feirante,Ocupação
3904,712120,Feitor de britagem,Sinônimo
3905,711410,Feitor de salinas,Sinônimo
3906,710210,Feitor de turma (ferrovias),Sinônimo
3907,710210,Feitor de turma de ferrovia,Sinônimo
3908,710210,Feitor de vias férreas,Sinônimo
3909,203025,Fenologista,Sinônimo
3910,841715,Fermentador,Ocupação
3911,841715,Fermentador de cerveja,Sinônimo
3912,848605,Fermentador de fumo,Sinônimo
3913,841715,Fermentador de vinho,Sinônimo
3914,623030,Ferrador de animais,Ocupação
3915,623030,Ferrador de equinos,Sinônimo
3916,623030,Ferrageador de equinos,Sinônimo
3917,141410,Ferrageiro (comércio varejista),Sinônimo
3918,141410,Ferragista (comércio varejista),Sinônimo
3919,721105,Ferramenteiro,Ocupação
3920,721105,Ferramenteiro de coquilhas,Sinônimo
3921,721105,Ferramenteiro de injeção termofixo,Sinônimo
3922,721105,Ferramenteiro de injeção termoplástico,Sinônimo
3923,721105,Ferramenteiro de injeção zamak e alumínio,Sinônimo
3924,721110,Ferramenteiro de mandris; calibradores e outros dispositivos,Ocupação
3925,721105,Ferramenteiro de manutenção,Sinônimo
3926,721105,Ferramenteiro de matrizes e estampos,Sinônimo
3927,721105,Ferramenteiro de molde para borracha,Sinônimo
3928,721105,Ferramenteiro de moldes plásticos (sopro),Sinônimo
3929,7211,FERRAMENTEIROS E AFINS,Família
3930,722105,Ferreiro,Sinônimo
3931,715315,Ferreiro armador na construção civil,Sinônimo
3932,722105,Ferreiro de molas,Sinônimo
3933,848115,Fiambreiro na conservação de alimentos,Sinônimo
3934,761230,Fiandeiro,Sinônimo
3935,823210,Fibrador (fabricação de fibra de vidro),Sinônimo
3936,622215,Fibreiro de rami,Sinônimo
3937,622210,Fibreiro de sisal,Sinônimo
3938,415125,Ficharista,Sinônimo
3939,203025,Ficologista,Sinônimo
3940,414110,Fiel de depósito,Sinônimo
3941,262505,Figurante,Sinônimo
3942,751125,Filigraneiro,Sinônimo
3943,751125,Filigranista,Sinônimo
3944,261405,Filólogo,Ocupação
3945,2614,FILÓLOGOS;TRADUTORES ;INTÉRPRETES E AFINS,Família
3946,251405,Filósofo,Ocupação
3947,2514,FILÓSOFOS,Família
3948,841710,Filtrador de cerveja,Ocupação
3949,811330,Filtrador de goma,Sinônimo
3950,841710,Filtrador na indústria de bebidas,Sinônimo
3951,374410,Finalizador de filmes,Ocupação
3952,374415,Finalizador de vídeo,Ocupação
3953,2544,FISCAIS DE TRIBUTOS ESTADUAIS E MUNICIPAIS,Família
3954,5112,FISCAIS E COBRADORES DOS TRANSPORTES COLETIVOS,Família
3955,254505,Fiscal de atividades econômicas,Sinônimo
3956,254505,Fiscal de atividades urbanas,Ocupação
3957,342515,Fiscal de aviação civil (fac),Ocupação
3958,414115,Fiscal de balanças,Sinônimo
3959,377215,Fiscal de basquetebol,Sinônimo
3960,421125,Fiscal de caixa,Sinônimo
3961,514115,Fiscal de capela,Sinônimo
3962,710205,Fiscal de construção,Sinônimo
3963,254505,Fiscal de feiras livres,Sinônimo
3964,352210,Fiscal de higiene,Sinônimo
3965,620105,Fiscal de lavoura,Sinônimo
3966,511205,Fiscal de linha,Sinônimo
3967,517425,Fiscal de loja,Ocupação
3968,312105,Fiscal de medição (obras civis),Sinônimo
3969,352210,Fiscal de obras,Sinônimo
3970,511205,Fiscal de operação,Sinônimo
3971,710225,Fiscal de pátio de usina de concreto,Ocupação
3972,352310,Fiscal de pesos e medidas,Sinônimo
3973,517425,Fiscal de piso,Sinônimo
3974,254505,Fiscal de posturas,Sinônimo
3975,517425,Fiscal de prevenção de perdas,Sinônimo
3976,620110,Fiscal de propriedade agropecuária,Sinônimo
3977,517330,Fiscal de segurança,Sinônimo
3978,511205,Fiscal de tráfego,Sinônimo
3979,510105,Fiscal de transporte rodoviário,Sinônimo
3980,511205,Fiscal de transportes coletivos (exceto trem),Ocupação
3981,254405,Fiscal de tributos estadual,Ocupação
3982,254410,Fiscal de tributos municipal,Ocupação
3983,511205,Fiscal de viagens,Sinônimo
3984,517330,Fiscal de vigilância - organizações particulares de segurança,Sinônimo
3985,517330,Fiscal de vigilância bancária,Sinônimo
3986,352205,Fiscal do meio ambiente,Sinônimo
3987,352205,Fiscal florestal,Sinônimo
3988,254505,Fiscal integrado,Sinônimo
3989,254505,Fiscal municipal,Sinônimo
3990,511205,Fiscal nos transportes,Sinônimo
3991,511205,Fiscal rodoviário,Sinônimo
3992,860115,Fiscal técnico na geração; transmissão e distribuição de energia elétrica,Sinônimo
3993,352320,Fiscal têxtil,Sinônimo
3994,254505,Fiscal urbano,Sinônimo
3995,213105,Físico,Ocupação
3996,213110,Físico (acústica),Ocupação
3997,213115,Físico (atômica e molecular),Ocupação
3998,213120,Físico (cosmologia),Ocupação
3999,213140,Físico (estado sólido),Sinônimo
4000,213125,Físico (estatística e matemática),Ocupação
4001,213130,Físico (fluidos),Ocupação
4002,213135,Físico (instrumentação),Ocupação
4003,213140,Físico (matéria condensada),Ocupação
4004,213145,Físico (materiais),Ocupação
4005,213150,Físico (medicina),Ocupação
4006,213155,Físico (nuclear e reatores),Ocupação
4007,213160,Físico (óptica),Ocupação
4008,213165,Físico (partículas e campos),Ocupação
4009,213170,Físico (plasma),Ocupação
4010,213175,Físico (térmica),Ocupação
4011,213150,Físico hospitalar,Sinônimo
4012,213150,Físico médico,Sinônimo
4013,213155,Físico nuclear,Sinônimo
4014,2131,FÍSICOS,Família
4015,203020,Fisiologista (exceto médico),Sinônimo
4016,223660,Fisioterapeuta do trabalho,Ocupação
4017,223650,Fisioterapeuta acupunturista,Ocupação
4018,223655,Fisioterapeuta esportivo,Ocupação
4019,223605,Fisioterapeuta geral,Ocupação
4020,223640,Fisioterapeuta osteopata,Ocupação
4021,223645,Fisioterapeuta quiropraxista,Ocupação
4022,223625,Fisioterapeuta respiratória,Ocupação
4023,223635,Fisioterapeuta traumato-ortopédica funcional,Ocupação
4024,2236,FISIOTERAPEUTAS,Família
4025,415120,Fitotecário,Ocupação
4026,722320,Fixador de moldes - na fundição,Sinônimo
4027,724435,Flandeiro,Sinônimo
4028,519925,Flanelinha,Sinônimo
4029,325010,Flavorista,Sinônimo
4030,142610,Flavourist (cigarros),Sinônimo
4031,142610,Flavourista (cigarros),Sinônimo
4032,515205,Flebotomista,Sinônimo
4033,612405,Floricultor de flores de corte,Sinônimo
4034,612410,Floricultor de flores em vaso,Sinônimo
4035,612415,Floricultor de forrações,Sinônimo
4036,612420,Floricultor de plantas ornamentais,Sinônimo
4037,622405,Floricultor no cultivo de flores e folhagens de corte,Sinônimo
4038,622410,Floricultor no cultivo de flores em vaso,Sinônimo
4039,622415,Floricultor no cultivo de forragens,Sinônimo
4040,622420,Floricultor no cultivo de mudas,Sinônimo
4041,622425,Floricultor no cultivo de plantas ornamentais,Sinônimo
4042,141410,Florista (comércio varejista),Sinônimo
4043,862105,Foguista (locomotivas a vapor),Ocupação
4044,862105,Foguista de caldeira de trem,Sinônimo
4045,862105,Foguista de trem,Sinônimo
4046,622020,Foiceiro,Sinônimo
4047,622020,Foiceiro - na cultura,Sinônimo
4048,632325,Foiceiro - na extração da carnaúba,Sinônimo
4049,261515,Folclorista de ficção,Sinônimo
4050,261520,Folclorista de não ficção,Sinônimo
4051,376105,Folgazão,Sinônimo
4052,775110,Folheador de móveis,Sinônimo
4053,775110,Folheador de móveis de madeira,Ocupação
4054,225275,Foniatra,Sinônimo
4055,223815,Fonoaudiólogo educacional,Ocupação
4056,223820,Fonoaudiólogo em audiologia,Ocupação
4057,223825,Fonoaudiólogo em disfagia,Ocupação
4058,223830,Fonoaudiólogo em linguagem,Ocupação
4059,223835,Fonoaudiólogo em motricidade orofacial,Ocupação
4060,223840,Fonoaudiólogo em saúde coletiva,Ocupação
4061,223845,Fonoaudiólogo em voz,Ocupação
4062,223810,Fonoaudiólogo geral,Ocupação
4063,2238,FONOAUDIÓLOGOS,Família
4064,722105,Forjador,Ocupação
4065,722105,Forjador a mão (molas helicoidais),Sinônimo
4066,722110,Forjador a martelete,Sinônimo
4067,722110,Forjador a martelo,Ocupação
4068,722110,Forjador a martelo de queda livre,Sinônimo
4069,722110,Forjador a martelo-pilão,Sinônimo
4070,722105,Forjador de talhadeira,Sinônimo
4071,722105,Forjador manual,Sinônimo
4072,722115,Forjador prensista,Ocupação
4073,622020,Formador - na cultura,Sinônimo
4074,622020,Formigueiro (combate às formigas),Sinônimo
4075,752325,Formista (cerâmica),Sinônimo
4076,722325,Formista - na fundição,Sinônimo
4077,722315,Formista manual,Sinônimo
4078,141410,Fornecedor,Sinônimo
4079,821220,Forneiro (fundição),Sinônimo
4080,823315,Forneiro (materiais de construção),Ocupação
4081,828110,Forneiro - em olaria,Sinônimo
4082,821205,Forneiro auxiliar (alto-forno),Sinônimo
4083,822105,Forneiro auxiliar de cubilô,Sinônimo
4084,821210,Forneiro conversor a oxigênio,Sinônimo
4085,821205,Forneiro de alto-forno,Sinônimo
4086,822105,Forneiro de cubilô,Ocupação
4087,822125,Forneiro de forno revérbero,Sinônimo
4088,822110,Forneiro de forno-poço,Ocupação
4089,822115,Forneiro de fundição,Sinônimo
4090,822115,Forneiro de fundição (forno de redução),Ocupação
4091,823315,Forneiro de material de construção (telhas e tijolos),Sinônimo
4092,822125,Forneiro de metais ferrosos e não-ferrosos (preparação de ligas),Sinônimo
4093,841805,Forneiro de padaria,Sinônimo
4094,822120,Forneiro de reaquecimento e tratamento térmico na metalurgia,Ocupação
4095,822125,Forneiro de retêmpera,Sinônimo
4096,822125,Forneiro de revérbero,Ocupação
4097,822125,Forneiro de têmpera,Sinônimo
4098,723120,Forneiro de tratamento térmico de metais,Sinônimo
4099,823215,Forneiro de vidro,Sinônimo
4100,821205,Forneiro e operador (alto-forno),Ocupação
4101,821210,Forneiro e operador (conversor a oxigênio),Ocupação
4102,821215,Forneiro e operador (forno elétrico),Ocupação
4103,821220,Forneiro e operador (refino de metais não-ferrosos),Ocupação
4104,821225,Forneiro e operador de forno de redução direta,Ocupação
4105,822115,Forneiro fundidor de metais,Sinônimo
4106,822115,Forneiro metalúrgico,Sinônimo
4107,823215,Forneiro na fundição de vidro,Ocupação
4108,841210,Forneiro na refrigeração de sal,Sinônimo
4109,823220,Forneiro no recozimento de vidro,Ocupação
4110,823255,Forneiro temperador,Sinônimo
4111,513505,Forneiro(pizzaria),Sinônimo
4112,821220,Forneiros de não-ferrosos,Sinônimo
4113,8221,FORNEIROS METALÚRGICOS (SEGUNDA FUSÃO E REAQUECIMENTO),Família
4114,765235,Forrador de móveis,Sinônimo
4115,764305,Forrador de saltos no acabamento de calçados,Sinônimo
4116,721210,Foscador de cilindros (laminação),Sinônimo
4117,752425,Foscador de espelhos,Sinônimo
4118,752215,Foscador de vidro a ácido,Sinônimo
4119,752225,Foscador de vidro a jato de areia,Sinônimo
4120,766145,Fotocompositor,Sinônimo
4121,261805,Fotógrafo,Ocupação
4122,766150,Fotógrafo (pré-impressão gráfica),Sinônimo
4123,261805,Fotógrafo científico,Sinônimo
4124,261805,Fotógrafo de aerofotografia,Sinônimo
4125,261805,Fotógrafo de arquitetura,Sinônimo
4126,261805,Fotógrafo de foto submarina,Sinônimo
4127,261805,Fotógrafo de sensoriamento remoto,Sinônimo
4128,261805,Fotógrafo documentarista,Sinônimo
4129,261805,Fotógrafo industrial,Sinônimo
4130,766415,Fotógrafo laboratorista filmes fotográficos; em cores,Sinônimo
4131,766410,Fotógrafo laboratorista filmes fotográficos; em preto e branco,Sinônimo
4132,261810,Fotógrafo publicitário,Ocupação
4133,261815,Fotógrafo retratista,Ocupação
4134,261815,Fotógrafo social,Sinônimo
4135,2618,FOTÓGRAFOS PROFISSIONAIS,Família
4136,261820,Fotojornalista,Sinônimo
4137,766145,Fotolitógrafo,Sinônimo
4138,766145,Fototipista,Sinônimo
4139,263105,Frade,Sinônimo
4140,811820,Fraldeiro,Sinônimo
4141,848505,Frangueiro em matadouro,Sinônimo
4142,263105,Frei,Sinônimo
4143,263105,Freira,Sinônimo
4144,516805,Frenólogo,Sinônimo
4145,721215,Fresador (fresadora universal),Sinônimo
4146,721410,Fresador cnc,Sinônimo
4147,141410,Fruteiro (comércio varejista),Sinônimo
4148,765010,Fulista,Sinônimo
4149,762120,Fuloneiro,Ocupação
4150,762310,Fuloneiro no acabamento de couros e peles,Ocupação
4151,622620,Fumeiro,Sinônimo
4152,612620,Fumicultor - empregador,Sinônimo
4153,622620,Fumicultor - exclusive conta própria e empregador,Sinônimo
4154,376230,Funâmbulo,Sinônimo
4155,422105,Funcionário de setor de informação,Sinônimo
4156,111410,Funcionário público estadual e distrital superior,Sinônimo
4157,111405,Funcionário público federal superior,Sinônimo
4158,111415,Funcionário público municipal superior,Sinônimo
4159,821220,Fundidor (depuração e refinação de metais não-ferrosos),Sinônimo
4160,751110,Fundidor (joalheria e ourivesaria),Ocupação
4161,722225,Fundidor a pressão,Sinônimo
4162,752325,Fundidor de barbotina,Sinônimo
4163,722205,Fundidor de ligas metálicas,Sinônimo
4164,722225,Fundidor de máquina de pressão,Sinônimo
4165,722205,Fundidor de metais,Ocupação
4166,823330,Fundidor de pedras artificiais,Sinônimo
4167,722205,Fundidor de placas,Sinônimo
4168,768615,Fundidor de tipos,Sinônimo
4169,841720,Fundidor de vinheta,Sinônimo
4170,823215,Fundidor vidreiro,Sinônimo
4171,991305,Funileiro de automóveis (reparação),Sinônimo
4172,724435,Funileiro de bancada,Sinônimo
4173,724435,Funileiro de manutenção,Sinônimo
4174,991305,Funileiro de veículos (reparação),Ocupação
4175,724435,Funileiro industrial,Ocupação
4176,724435,Funileiro montador,Sinônimo
4177,724435,Funileiro soldador,Sinônimo
4178,711405,Furão - no garimpo,Sinônimo
4179,263105,Gaiaku,Sinônimo
4180,782510,Gaioleiro (gado),Sinônimo
4181,141410,Galinheiro (exceto no comércio ambulante),Sinônimo
4182,766145,Galvanista (rotogravura),Sinônimo
4183,723215,Galvanizador,Ocupação
4184,723215,Galvanizador (sherardização),Sinônimo
4185,752105,Gambista (artesão de vidros),Sinônimo
4186,519920,Gandula,Ocupação
4187,514110,Garagista,Ocupação
4188,513405,Garção,Sinônimo
4189,513405,Garçom,Ocupação
4190,513410,Garçom (serviços de vinhos),Ocupação
4191,513405,Garçom de bar,Sinônimo
4192,711405,Garfeiro - no garimpo,Sinônimo
4193,514215,Gari,Sinônimo
4194,711405,Garimpeiro,Ocupação
4195,519805,Garota de programa,Sinônimo
4196,519805,Garoto de programa,Sinônimo
4197,524305,Garrafeiro (comércio ambulante),Sinônimo
4198,823240,Garrafeiro (fabricação),Sinônimo
4199,848525,Garreador de mocotó,Sinônimo
4200,724130,Gasista,Sinônimo
4201,225165,Gastroenterologista,Sinônimo
4202,271110,Gastrólogo,Sinônimo
4203,613010,Gateiro,Sinônimo
4204,263105,Gãtó,Sinônimo
4205,631405,Gelador industrial,Ocupação
4206,631410,Gelador profissional,Ocupação
4207,141410,Geleiro,Sinônimo
4208,010110,General-de-brigada,Sinônimo
4209,010110,General-de-divisão,Sinônimo
4210,010110,General-de-exército,Sinônimo
4211,201115,Geneticista,Ocupação
4212,213415,Geofísico,Ocupação
4213,213310,Geofísico espacial,Ocupação
4214,251305,Geógrafo,Ocupação
4215,213405,Geólogo,Ocupação
4216,213410,Geólogo de engenharia,Ocupação
4217,2134,GEÓLOGOS; OCEANÓGRAFOS; GEOFÍSICOS E AFINS,Família
4218,213420,Geoquímico,Ocupação
4219,142105,Gerente administrativo,Ocupação
4220,142105,Gerente administrativo e financeiro,Sinônimo
4221,142305,Gerente comercial,Ocupação
4222,342520,Gerente da administração de aeroportos,Ocupação
4223,131210,Gerente da área de saúde mental,Sinônimo
4224,141520,Gerente de albergue,Sinônimo
4225,141725,Gerente de administração de carteira de crédito imobiliário,Sinônimo
4226,141715,Gerente de administração de carteiras de câmbio e comércio exterior,Sinônimo
4227,141720,Gerente de administração de carteiras de crédito e cobrança,Sinônimo
4228,142210,Gerente de administração de pessoal,Sinônimo
4229,142115,Gerente de administração financeira,Sinônimo
4230,141710,Gerente de agência,Ocupação
4231,141115,Gerente de agropecuária,Sinônimo
4232,142415,Gerente de almoxarifado,Ocupação
4233,131210,Gerente de ambulatório,Sinônimo
4234,141505,Gerente de apart hotel,Sinônimo
4235,131210,Gerente de apoio e diagnóstico de saúde,Sinônimo
4236,131315,Gerente de apoio educacional em escolas privadas,Sinônimo
4237,142320,Gerente de área de vendas,Sinônimo
4238,141615,Gerente de armazém,Sinônimo
4239,262220,Gerente de arte teatral,Sinônimo
4240,141610,Gerente de assistência técnica nas operações de correios e telecomunicações   Sinônimo,
4241,142310,Gerente de assuntos corporativos,Sinônimo
4242,141415,Gerente de balconista,Sinônimo
4243,141515,Gerente de bar,Ocupação
4244,141515,Gerente de bar e lanchonete,Sinônimo
4245,141410,Gerente de box de mercado público,Sinônimo
4246,141715,Gerente de câmbio e comércio exterior,Ocupação
4247,141510,Gerente de cantina,Sinônimo
4248,253205,Gerente de captação (fundos e investimentos institucionais),Ocupação
4249,141410,Gerente de carrocerias (vendas a varejo),Sinônimo
4250,141410,Gerente de casa de peixe,Sinônimo
4251,131315,Gerente de centro de educação profissional em escolas privadas,Sinônimo
4252,131315,Gerente de centro de formação profissional em escolas privadas,Sinônimo
4253,253210,Gerente de clientes especiais (private),Ocupação
4254,142405,Gerente de compras,Ocupação
4255,142310,Gerente de comunicação,Ocupação
4256,142310,Gerente de comunicação corporativa,Sinônimo
4257,142310,Gerente de comunicação social,Sinônimo
4258,252210,Gerente de contabilidade,Sinônimo
4259,253215,Gerente de contas - pessoa física e jurídica,Ocupação
4260,141305,Gerente de contratos (construção civil),Sinônimo
4261,142315,Gerente de coordenação de marketing,Sinônimo
4262,141610,Gerente de correio expresso - internacional,Sinônimo
4263,141720,Gerente de crédito e cobrança,Ocupação
4264,141725,Gerente de crédito imobiliário,Ocupação
4265,141730,Gerente de crédito rural,Ocupação
4266,141205,Gerente de departamento de fabricação,Sinônimo
4267,142315,Gerente de departamento de marketing,Sinônimo
4268,131115,Gerente de departamento de planejamento e análise,Sinônimo
4269,131115,Gerente de departamento de planejamento e pesquisa,Sinônimo
4270,142320,Gerente de departamento de vendas,Sinônimo
4271,141110,Gerente de departamento florestal,Sinônimo
4272,141205,Gerente de departamento industrial,Sinônimo
4273,142210,Gerente de departamento pessoal,Ocupação
4274,141615,Gerente de depósito,Sinônimo
4275,142605,Gerente de desenvolvimento (tecnologia),Sinônimo
4276,142510,Gerente de desenvolvimento de sistemas,Ocupação
4277,141615,Gerente de distribuição de mercadorias,Sinônimo
4278,142305,Gerente de divisão comercial,Sinônimo
4279,142605,Gerente de divisão de desenvolvimento de novos produtos,Sinônimo
4280,142315,Gerente de divisão de marketing,Sinônimo
4281,131115,Gerente de divisão de pesquisas e análise,Sinônimo
4282,142210,Gerente de divisão de pessoal,Sinônimo
4283,261210,Gerente de documentação,Sinônimo
4284,141505,Gerente de ecoresort,Sinônimo
4285,141410,Gerente de editora,Sinônimo
4286,342525,Gerente de empresa aérea em aeroportos,Ocupação
4287,141120,Gerente de empresa de pesca,Sinônimo
4288,141415,Gerente de empresas comerciais,Sinônimo
4289,141305,Gerente de empresas de construção civil,Sinônimo
4290,141610,Gerente de encomendas nas operações de correios e telecomunicações,Sinônimo
4291,131210,Gerente de enfermagem,Sinônimo
4292,141505,Gerente de estância,Sinônimo
4293,142605,Gerente de estudos e projetos,Sinônimo
4294,142320,Gerente de exportação,Sinônimo
4295,141205,Gerente de fábrica,Sinônimo
4296,141410,Gerente de farmácia,Sinônimo
4297,142115,Gerente de finanças,Sinônimo
4298,141605,Gerente de frota,Sinônimo
4299,342305,Gerente de frota (transporte rodoviário),Sinônimo
4300,141120,Gerente de frota pesqueira,Sinônimo
4301,253220,Gerente de grandes contas (corporate),Ocupação
4302,141410,Gerente de granja,Sinônimo
4303,141505,Gerente de hotel,Ocupação
4304,141505,Gerente de hotel fazenda,Sinônimo
4305,141505,Gerente de hotel residencial,Sinônimo
4306,261205,Gerente de informação,Sinônimo
4307,142505,Gerente de infra-estrutura de tecnologia da informação,Sinônimo
4308,131315,Gerente de instituição educacional da área privada,Ocupação
4309,141615,Gerente de logística (armazenagem e distribuição),Ocupação
4310,141415,Gerente de loja e supermercado,Ocupação
4311,141415,Gerente de magazine,Sinônimo
4312,141205,Gerente de manufatura,Sinônimo
4313,142315,Gerente de marketing,Ocupação
4314,142315,Gerente de marketing e vendas,Sinônimo
4315,142405,Gerente de materiais,Sinônimo
4316,142320,Gerente de mercado,Sinônimo
4317,141415,Gerente de mercearia,Sinônimo
4318,141205,Gerente de montagem,Sinônimo
4319,141615,Gerente de movimentação de materiais,Sinônimo
4320,141305,Gerente de obras (construção civil),Sinônimo
4321,131115,Gerente de ong (organização não-governamental),Sinônimo
4322,142515,Gerente de operação de tecnologia da informação,Sinônimo
4323,141610,Gerente de operações de correios e telecomunicações,Ocupação
4324,141420,Gerente de operações de serviços de assistência técnica,Ocupação
4325,141605,Gerente de operações de transportes,Ocupação
4326,141525,Gerente de operações de turismo,Sinônimo
4327,141610,Gerente de operações e manutenção nos sistemas de correios e telecomunicações,Sinônimo
4328,141605,Gerente de operações e transportes,Sinônimo
4329,142115,Gerente de operações financeiras,Sinônimo
4330,131120,Gerente de organização social de interesse público,Sinônimo
4331,141415,Gerente de papelaria,Sinônimo
4332,141520,Gerente de pensão,Ocupação
4333,141520,Gerente de pensionato,Sinônimo
4334,142605,Gerente de pesquisa (tecnologia),Sinônimo
4335,142605,Gerente de pesquisa e desenvolvimento (p&d),Ocupação
4336,131120,Gerente de pesquisas no ibge (instituto brasileiro de geografia e estatística),Sinônimo
4337,142605,Gerente de pesquisas técnicas,Sinônimo
4338,142605,Gerente de pesquisas tecnológicas,Sinônimo
4339,142405,Gerente de planejamento de compras,Sinônimo
4340,142205,Gerente de planejamento de salários e benefícios,Sinônimo
4341,131115,Gerente de planejamento e estatística,Sinônimo
4342,142705,Gerente de planejamento e manutenção,Sinônimo
4343,142605,Gerente de planejamento e novos projetos,Sinônimo
4344,141415,Gerente de posto de venda,Sinônimo
4345,141205,Gerente de processos,Sinônimo
4346,141205,Gerente de produção,Sinônimo
4347,142515,Gerente de produção de tecnologia da informação,Ocupação
4348,141205,Gerente de produção e operações,Ocupação
4349,141105,Gerente de produção e operações aqüícolas,Ocupação
4350,141110,Gerente de produção e operações florestais,Ocupação
4351,141115,Gerente de produção e operações agropecuárias,Ocupação
4352,141305,Gerente de produção e operações da construção civil e obras públicas,Ocupação
4353,141120,Gerente de produção e operações pesqueiras,Ocupação
4354,141110,Gerente de produção florestal,Sinônimo
4355,141115,Gerente de produção na agropecuária,Sinônimo
4356,820205,Gerente de produção na fabricação de produtos de cerâmica; porcelanatos e afins   Sinônimo,
4357,820210,Gerente de produção na fabricação de produtos de vidro,Sinônimo
4358,142315,Gerente de produtos,Sinônimo
4359,141705,Gerente de produtos bancários,Ocupação
4360,141525,Gerente de produtos de turismo,Sinônimo
4361,142510,Gerente de programação de sistema,Sinônimo
4362,131210,Gerente de programas de saúde,Sinônimo
4363,142605,Gerente de projeto de pesquisa,Sinônimo
4364,142520,Gerente de projetos de tecnologia da informação,Ocupação
4365,142705,Gerente de projetos e serviços de manutenção,Ocupação
4366,131210,Gerente de pronto-socorro,Sinônimo
4367,141615,Gerente de recebimento e expedição de materiais,Sinônimo
4368,141735,Gerente de recuperação de crédito,Ocupação
4369,142205,Gerente de recursos humanos,Ocupação
4370,141610,Gerente de rede nas operações de correios e telecomunicações,Sinônimo
4371,142310,Gerente de relações corporativas,Sinônimo
4372,142205,Gerente de relações de recursos humanos,Sinônimo
4373,142205,Gerente de relações humanas,Sinônimo
4374,142205,Gerente de relações industriais,Sinônimo
4375,142310,Gerente de relações institucionais,Sinônimo
4376,142310,Gerente de relações públicas,Sinônimo
4377,141505,Gerente de resort,Sinônimo
4378,141510,Gerente de restaurante,Ocupação
4379,142110,Gerente de riscos,Ocupação
4380,142110,Gerente de riscos e seguros,Sinônimo
4381,141515,Gerente de salão de café,Sinônimo
4382,142525,Gerente de segurança de tecnologia da informação,Ocupação
4383,252605,Gerente de segurança empresarial,Sinônimo
4384,142110,Gerente de seguros,Sinônimo
4385,142705,Gerente de serviço de manutenção,Sinônimo
4386,131115,Gerente de serviços culturais,Ocupação
4387,141420,Gerente de serviços de oficina (assistência técnica),Sinônimo
4388,131210,Gerente de serviços de saúde,Ocupação
4389,141420,Gerente de serviços e peças,Sinônimo
4390,131320,Gerente de serviços educacionais da área pública,Ocupação
4391,141610,Gerente de serviços operacionais de correios e telecomunicações,Sinônimo
4392,131120,Gerente de serviços sociais,Ocupação
4393,142210,Gerente de setor de pessoal,Sinônimo
4394,142210,Gerente de sistemas administrativos de pessoal,Sinônimo
4395,142105,Gerente de sistemas e métodos administrativos,Sinônimo
4396,141415,Gerente de supermercado,Sinônimo
4397,141610,Gerente de suporte operacional de correios e telecomunicações,Sinônimo
4398,142530,Gerente de suporte técnico de tecnologia da informação,Ocupação
4399,142410,Gerente de suprimentos,Ocupação
4400,142505,Gerente de teleprocessamento,Sinônimo
4401,141505,Gerente de termas,Sinônimo
4402,122610,Gerente de terminal em operações de armazenamento,Sinônimo
4403,141605,Gerente de tráfego,Sinônimo
4404,342305,Gerente de tráfego rodoviário,Sinônimo
4405,141605,Gerente de transportes,Sinônimo
4406,141525,Gerente de turismo,Ocupação
4407,141205,Gerente de unidade de fabricação,Sinônimo
4408,141415,Gerente de utilidades (operações comerciais),Sinônimo
4409,141415,Gerente de varejo,Sinônimo
4410,142320,Gerente de vendas,Ocupação
4411,142320,Gerente distrital de vendas,Sinônimo
4412,111410,Gerente do serviço público estadual e distrital,Sinônimo
4413,111405,Gerente do serviço público federal,Sinônimo
4414,142115,Gerente financeiro,Ocupação
4415,142405,Gerente geral de compras,Sinônimo
4416,142320,Gerente geral de vendas,Sinônimo
4417,141205,Gerente industrial,Sinônimo
4418,142405,Gerente nacional de compras,Sinônimo
4419,142320,Gerente nacional de vendas,Sinônimo
4420,141110,Gerente operacional florestal,Sinônimo
4421,141115,Gerente operacional na agropecuária,Sinônimo
4422,142320,Gerente regional de vendas,Sinônimo
4423,142305,Gerente técnico comercial,Sinônimo
4424,710115,Gerente técnico de produção (mineração),Sinônimo
4425,141610,Gerente técnico nas operações de correios e telecomunicações,Sinônimo
4426,141605,Gerente técnico operacional de transporte,Sinônimo
4427,1421,GERENTES ADMINISTRATIVOS; FINANCEIROS; DE RISCOS E AFINS,Família
4428,1423,GERENTES DE COMERCIALIZAÇÃO; MARKETING E COMUNICAÇÃO,Família
4429,1427,GERENTES DE MANUTENÇÃO E AFINS,Família
4430,1413,GERENTES DE OBRAS EM EMPRESA DE CONSTRUÇÃO,Família
4431,1414,GERENTES DE OPERAÇÕES COMERCIAIS E DE ASSISTÊNCIA TÉCNICA,Família
4432,1416,GERENTES DE OPERAÇÕES DE SERVIÇOS EM EMPRESA DE TRANSPORTE; DE COMUNICAÇÃO E DE LOGÍSTICA,
4433,1415,GERENTES DE OPERAÇÕES DE SERVIÇOS EM EMPRESA DE TURISMO; DE ALOJAMENTO E ALIMENTAÇÃO    Família,
4434,1417,GERENTES DE OPERAÇÕES DE SERVIÇOS EM INSTITUIÇÃO DE INTERMEDIAÇÃO FINANCEIRA,Família
4435,1426,GERENTES DE PESQUISA E DESENVOLVIMENTO E AFINS,Família
4436,1411,GERENTES DE PRODUÇÃO E OPERAÇÕES EM EMPRESA AGROPECUÁRIA; PESQUEIRA; AQÜÍCOLA E FLORESTAL,
4437,1412,GERENTES DE PRODUÇÃO E OPERAÇÕES EM EMPRESA DA INDÚSTRIA EXTRATIVA; DE TRANSFORMAÇÃO EFamília,
4438,1422,GERENTES DE RECURSOS HUMANOS E DE RELAÇÕES DO TRABALHO,Família
4439,1424,GERENTES DE SUPRIMENTOS E AFINS,Família
4440,1425,GERENTES DE TECNOLOGIA DA INFORMAÇÃO,Família
4441,225180,Geriatra,Sinônimo
4442,516210,Gero-sitter,Sinônimo
4443,225180,Gerontologista,Sinônimo
4444,131220,Gerontólogo,Ocupação
4445,716405,Gesseiro,Ocupação
4446,716405,Gesseiro de decoração,Sinônimo
4447,716405,Gesseiro de revestimento,Sinônimo
4448,716405,Gesseiro forrador,Sinônimo
4449,716405,Gesseiro fundidor,Sinônimo
4450,716405,Gesseiro modelador,Sinônimo
4451,716405,Gesseiro moldureiro,Sinônimo
4452,716405,Gesseiro montador,Sinônimo
4453,716405,Gesseiro plaqueiro,Sinônimo
4454,7164,GESSEIROS,Família
4455,261305,Gestor de documentos,Sinônimo
4456,114305,Gestor de entidade religiosa,Sinônimo
4457,354820,Gestor de evento,Sinônimo
4458,261205,Gestor de informação,Sinônimo
4459,142705,Gestor de manutenção,Sinônimo
4460,142110,Gestor de riscos,Sinônimo
4461,252605,Gestor em segurança,Ocupação
4462,122520,Gestor em turismo (turismólogo),Sinônimo
4463,252105,Gestor público (administrador),Sinônimo
4464,1115,GESTORES PÚBLICOS,Família
4465,263105,Gheshe,Sinônimo
4466,225250,Ginecologista,Sinônimo
4467,376215,Globista,Sinônimo
4468,261530,Glossarista,Sinônimo
4469,371410,Go - gentil organizador,Sinônimo
4470,377115,Golfista profissional,Sinônimo
4471,111230,Governador de estado,Ocupação
4472,111235,Governador do distrito federal,Ocupação
4473,513115,Governanta de hotelaria,Ocupação
4474,513105,Governanta de residência,Sinônimo
4475,513115,Governanta executiva,Sinônimo
4476,828110,Gradeiro,Sinônimo
4477,262405,Grafiteiro (artes visuais),Sinônimo
4478,841460,Graneador,Sinônimo
4479,823330,Graniteiro,Sinônimo
4480,711110,Graniteiro - na extração,Sinônimo
4481,612105,Granjeiro na produção de arroz,Sinônimo
4482,612120,Granjeiro na produção de gramíneas forrageiras,Sinônimo
4483,612125,Granjeiro na produção de milho e sorgo,Sinônimo
4484,262405,Gravador (artes visuais),Sinônimo
4485,751115,Gravador (joalheria e ourivesaria),Ocupação
4486,766145,Gravador a ácido,Sinônimo
4487,766145,Gravador com pantógrafo,Sinônimo
4488,766145,Gravador de chapa,Sinônimo
4489,766145,Gravador de chapas e cilindros com ácido,Sinônimo
4490,766145,Gravador de chapas; cliches e cilindros de impressão,Sinônimo
4491,766145,Gravador de cilindros; a máquina,Sinônimo
4492,766115,Gravador de clichês (madeira; borracha ou linóleo),Sinônimo
4493,766115,Gravador de clichês; a mão (matrizes de borracha ou linóleo),Sinônimo
4494,766145,Gravador de fotogravura ou de rotogravura,Sinônimo
4495,712210,Gravador de inscrições em mármore,Sinônimo
4496,712210,Gravador de inscrições em mármore e em pedras,Sinônimo
4497,712210,Gravador de inscrições em pedra,Ocupação
4498,751115,Gravador de jóias,Sinônimo
4499,768705,Gravador de lombadas de livros,Sinônimo
4500,766135,Gravador de matriz calcográfica,Ocupação
4501,766115,Gravador de matriz para flexografia (clicherista),Ocupação
4502,766130,Gravador de matriz para rotogravura (eletromecânico e químico),Ocupação
4503,766140,Gravador de matriz serigráfica,Ocupação
4504,766145,Gravador de matrizes de impressão,Sinônimo
4505,712215,Gravador de relevos em pedra,Ocupação
4506,766145,Gravador de rotogravura,Sinônimo
4507,752215,Gravador de vidro a água-forte,Ocupação
4508,752220,Gravador de vidro a esmeril,Ocupação
4509,752225,Gravador de vidro a jato de areia,Ocupação
4510,751115,Gravador em ouriversaria,Sinônimo
4511,768705,Gravador; à mão (encadernação),Ocupação
4512,141405,Grossista,Sinônimo
4513,711405,Gruneiro,Sinônimo
4514,612625,Guaranaicultor,Sinônimo
4515,622625,Guaranazeiro,Sinônimo
4516,612625,Guaranazeiro - empregador,Sinônimo
4517,352205,Guarda ambiental,Sinônimo
4518,517330,Guarda de banco - organizações particulares de segurança,Sinônimo
4519,515140,Guarda de endemias,Sinônimo
4520,517330,Guarda de segurança,Sinônimo
4521,517330,Guarda de segurança - empresa particular de segurança,Sinônimo
4522,517330,Guarda de vigilância,Sinônimo
4523,517330,Guarda ferroviário,Sinônimo
4524,352205,Guarda florestal,Sinônimo
4525,517315,Guarda penitenciário,Sinônimo
4526,517335,Guarda portuário,Ocupação
4527,517330,Guarda valores,Sinônimo
4528,517330,Guarda vigia,Sinônimo
4529,517330,Guarda-civil,Sinônimo
4530,517215,Guarda-civil metropolitano,Sinônimo
4531,517215,Guarda-civil municipal,Ocupação
4532,517330,Guarda-costas,Sinônimo
4533,352205,Guarda-parques,Sinônimo
4534,513325,Guarda-roupeira de cinema,Ocupação
4535,513305,Guarda-roupeiro de teatro,Sinônimo
4536,513310,Guarda-roupeiro de televisão,Sinônimo
4537,517320,Guarda-rural,Sinônimo
4538,517320,Guarda-territorial,Sinônimo
4539,517115,Guarda-vidas,Sinônimo
4540,519925,Guardador autônomo de veículos,Sinônimo
4541,519925,Guardador de carro,Sinônimo
4542,519925,Guardador de veículos,Ocupação
4543,517410,Guariteiro,Sinônimo
4544,422120,Guest relations,Sinônimo
4545,511405,Guia de turismo especializado em atrativo turístico,Sinônimo
4546,511405,Guia de turismo especializado em excursão internacional,Sinônimo
4547,511405,Guia de turismo especializado em excursão nacional,Sinônimo
4548,511405,Guia de turismo especializado em turismo regional,Sinônimo
4549,632005,Guia florestal,Ocupação
4550,261425,Guia-intérprete,Sinônimo
4551,5114,GUIAS DE TURISMO,Família
4552,782815,Guieiro,Sinônimo
4553,766320,Guilhotineiro - na indústria gráfica,Sinônimo
4554,782110,Guincheiro,Sinônimo
4555,782205,Guincheiro (construção civil),Ocupação
4556,782110,Guindasteiro,Sinônimo
4557,225135,Hansenólogo,Sinônimo
4558,225124,Hebeatra,Sinônimo
4559,225185,Hematologista,Sinônimo
4560,225340,Hemoterapeuta,Sinônimo
4561,141410,Herborista (comércio varejista),Sinônimo
4562,752120,Hialotécnico,Sinônimo
4563,221105,Hidrobiologista,Sinônimo
4564,841444,Hidrogenador de óleos e gorduras,Ocupação
4565,213425,Hidrogeólogo,Ocupação
4566,519940,Hidrometrista,Sinônimo
4567,312315,Hidrotécnico,Sinônimo
4568,214940,Higienista industrial,Sinônimo
4569,214940,Higienista ocupacional,Ocupação
4570,203520,Historiador,Sinônimo
4571,262620,Historiador em música,Sinônimo
4572,376215,Homem-bala,Sinônimo
4573,322125,Homeopata (não médico),Sinônimo
4574,612320,Horticultor de frutos e sementes,Sinônimo
4575,612305,Horticultor de legumes,Sinônimo
4576,612310,Horticultor de raízes; bulbos e tubérculos,Sinônimo
4577,612315,Horticultor de talos; folhas e flores,Sinônimo
4578,263105,Humbono,Sinônimo
4579,262505,Humorista,Sinônimo
4580,263105,Hunjaí,Sinônimo
4581,263105,Huntó,Sinônimo
4582,632115,Identificador florestal,Ocupação
4583,372110,Iluminador (televisão),Ocupação
4584,373205,Iluminador na produção para televisão e produtora de vídeo,Sinônimo
4585,376235,Ilusionista,Sinônimo
4586,262405,Ilustrador (artes visuais),Sinônimo
4587,263115,Imã,Sinônimo
4588,225320,Imaginologista,Sinônimo
4589,215125,Imediato da marinha mercante,Ocupação
4590,141405,Importador,Sinônimo
4591,772110,Impregnador de madeira,Ocupação
4592,772110,Impregnador de madeira (produtos antiinflamáveis),Sinônimo
4593,766205,Impressor (serigrafia),Ocupação
4594,766250,Impressor automático,Sinônimo
4595,766215,Impressor de cartazes,Sinônimo
4596,766310,Impressor de corte e vinco,Ocupação
4597,766250,Impressor de etiqueta,Sinônimo
4598,766220,Impressor de formulários contínuos,Sinônimo
4599,766215,Impressor de máquina ofsete,Sinônimo
4600,766250,Impressor de máquina plana,Sinônimo
4601,766215,Impressor de ofsete (plano e rotativo),Ocupação
4602,766225,Impressor de plásticos,Sinônimo
4603,766220,Impressor de rotativa,Ocupação
4604,766225,Impressor de rotogravura,Ocupação
4605,766225,Impressor de rótulos,Sinônimo
4606,766210,Impressor de segurança,Sinônimo
4607,766250,Impressor de selo,Sinônimo
4608,766205,Impressor de silkscreen,Sinônimo
4609,766210,Impressor de talho doce,Sinônimo
4610,766245,Impressor de tipografia,Sinônimo
4611,766230,Impressor digital,Ocupação
4612,766235,Impressor flexográfico,Ocupação
4613,766250,Impressor gráfico manual,Sinônimo
4614,766240,Impressor letterset,Ocupação
4615,766215,Impressor multilight,Sinônimo
4616,766205,Impressor serigráfico,Sinônimo
4617,752205,Impressor serigráfico em vidros,Sinônimo
4618,752205,Impressor silk screen em vidros,Sinônimo
4619,766245,Impressor tampográfico,Ocupação
4620,515120,Imunizador,Sinônimo
4621,623315,Incubador de ovos,Sinônimo
4622,519945,Indicador,Sinônimo
4623,225103,Infectologista,Sinônimo
4624,811770,Injetor de plástico,Sinônimo
4625,623010,Inseminador,Ocupação
4626,623010,Inseminador de animais,Sinônimo
4627,221105,Insetologista,Sinônimo
4628,352205,Inspetor agrícola,Sinônimo
4629,252210,Inspetor de agência bancária,Sinônimo
4630,780105,Inspetor de alimentador de linhas de rotulagem,Sinônimo
4631,334110,Inspetor de alunos,Sinônimo
4632,334105,Inspetor de alunos de escola privada,Ocupação
4633,334110,Inspetor de alunos de escola pública,Ocupação
4634,252205,Inspetor de auditoria,Sinônimo
4635,351730,Inspetor de avarias,Sinônimo
4636,342530,Inspetor de aviação civil,Ocupação
4637,510105,Inspetor de bilheteria de transportes,Sinônimo
4638,761810,Inspetor de bobinas (produção têxtil),Sinônimo
4639,511105,Inspetor de bordo,Sinônimo
4640,342310,Inspetor de carga e descarga,Sinônimo
4641,342310,Inspetor de carregadoria de embarque rodoviário,Sinônimo
4642,313315,Inspetor de centrais privadas de comutação telefônica,Sinônimo
4643,391205,Inspetor de chopp,Sinônimo
4644,352210,Inspetor de comercialização de produtos,Sinônimo
4645,201215,Inspetor de ensaios metrológicos,Sinônimo
4646,352310,Inspetor de equipamentos,Sinônimo
4647,314615,Inspetor de equipamentos (estruturas metálicas),Sinônimo
4648,761805,Inspetor de estamparia (produção têxtil),Ocupação
4649,391205,Inspetor de ferramentas,Sinônimo
4650,391205,Inspetor de fundição,Sinônimo
4651,517335,Inspetor de guarda portuária,Sinônimo
4652,517320,Inspetor de guarda-territorial,Sinônimo
4653,391205,Inspetor de linha de montagem,Sinônimo
4654,391205,Inspetor de linha de produção,Sinônimo
4655,391205,Inspetor de linha de transmissão,Sinônimo
4656,391205,Inspetor de linhas de cabos aéreos,Sinônimo
4657,215220,Inspetor de manutenção de máquinas aquaviárias,Sinônimo
4658,911120,Inspetor de manutenção de motores diesel (exceto de veículos automotores),Sinônimo
4659,314125,Inspetor de máquinas e motores,Sinônimo
4660,784110,Inspetor de material de embalagem,Sinônimo
4661,352305,Inspetor de medição,Sinônimo
4662,391205,Inspetor de montagem,Sinônimo
4663,312105,Inspetor de obras,Sinônimo
4664,761815,Inspetor de pano,Sinônimo
4665,351810,Inspetor de polícia,Sinônimo
4666,517210,Inspetor de polícia rodoviária federal,Sinônimo
4667,517315,Inspetor de presídio,Sinônimo
4668,710115,Inspetor de produção (mineração),Sinônimo
4669,351715,Inspetor de produção de seguros,Sinônimo
4670,391205,Inspetor de qualidade - nas indústrias,Sinônimo
4671,391205,Inspetor de qualidade material,Sinônimo
4672,351725,Inspetor de risco,Ocupação
4673,352210,Inspetor de saneamento,Sinônimo
4674,510310,Inspetor de segurança,Sinônimo
4675,342310,Inspetor de serviços de transportes rodoviários (passageiros e cargas),Ocupação
4676,351730,Inspetor de sinistros,Ocupação
4677,314605,Inspetor de soldagem,Ocupação
4678,711105,Inspetor de sondagem - na mineração,Sinônimo
4679,761820,Inspetor de tecidos crus,Sinônimo
4680,215130,Inspetor de terminal,Ocupação
4681,710215,Inspetor de terraplenagem,Ocupação
4682,342310,Inspetor de tráfego rodoviário,Sinônimo
4683,352310,Inspetor de transporte de produtos perigosos,Sinônimo
4684,342310,Inspetor de transporte rodoviário,Sinônimo
4685,991110,Inspetor de via permanente (trilhos),Ocupação
4686,517330,Inspetor de vigilância,Sinônimo
4687,314615,Inspetor dimensional (estruturas metálicas),Sinônimo
4688,254505,Inspetor fiscal,Sinônimo
4689,141410,Inspetor geral (comércio de mercadorias a varejo),Sinônimo
4690,391205,Inspetor geral de produção,Sinônimo
4691,215135,Inspetor naval,Ocupação
4692,141410,Inspetor regional (comércio de mercadorias a varejo),Sinônimo
4693,352310,Inspetor técnico de qualidade,Sinônimo
4694,3341,INSPETORES DE ALUNOS E AFINS,Família
4695,724115,Instalador de águas; esgotos e gás,Sinônimo
4696,951305,Instalador de alarme,Sinônimo
4697,951305,Instalador de alarmes residenciais,Sinônimo
4698,715615,Instalador de antenas de televisão,Sinônimo
4699,731320,Instalador de aparelhos telefônicos,Sinônimo
4700,724115,Instalador de canos,Sinônimo
4701,731305,Instalador de centrais telefônicas,Sinônimo
4702,523105,Instalador de cortinas e persianas; portas sanfonadas e boxe,Ocupação
4703,374110,Instalador de equipamentos de áudio,Sinônimo
4704,731305,Instalador de equipamentos de comunicação,Sinônimo
4705,731205,Instalador de equipamentos de radar,Sinônimo
4706,731205,Instalador de estação de rádio,Sinônimo
4707,731205,Instalador de estação de tv,Sinônimo
4708,731305,Instalador de estações telefônicas,Sinônimo
4709,523110,Instalador de insulfilm,Sinônimo
4710,715710,Instalador de isolantes acústicos,Ocupação
4711,715715,Instalador de isolantes térmicos (refrigeração e climatização),Ocupação
4712,715720,Instalador de isolantes térmicos de caldeira e tubulações,Ocupação
4713,732120,Instalador de linhas elétricas de alta e baixa - tensão (rede aérea e subterrânea)   Ocupação,
4714,732120,Instalador de linhas subterrâneas (transmissão de energia elétrica),Sinônimo
4715,725205,Instalador de máquinas,Sinônimo
4716,725225,Instalador de máquinas-ferramentas (usinagem de metais),Sinônimo
4717,715725,Instalador de material isolante; a mão (edificações),Ocupação
4718,715730,Instalador de material isolante; a máquina (edificações),Ocupação
4719,519905,Instalador de painéis,Sinônimo
4720,731150,Instalador de som,Sinônimo
4721,523110,Instalador de som e acessórios de veículos,Ocupação
4722,731320,Instalador de telefones,Sinônimo
4723,724115,Instalador de tubulações,Ocupação
4724,724120,Instalador de tubulações (aeronaves),Ocupação
4725,724125,Instalador de tubulações (embarcações),Ocupação
4726,724130,Instalador de tubulações de gás combustível (produção e distribuição),Ocupação
4727,724135,Instalador de tubulações de vapor,Sinônimo
4728,724135,Instalador de tubulações de vapor (produção e distribuição),Ocupação
4729,732125,Instalador eletricista (tração de veículos),Ocupação
4730,724110,Instalador hidráulico,Sinônimo
4731,731320,Instalador mantenedor de telefonia,Sinônimo
4732,731305,Instalador reparador de central,Sinônimo
4733,715610,Instalador reparador de equipamento de força,Sinônimo
4734,731305,Instalador-reparador de equipamentos de comutação em telefonia,Ocupação
4735,731310,Instalador-reparador de equipamentos de energia em telefonia,Ocupação
4736,731315,Instalador-reparador de equipamentos de transmissão em telefonia,Ocupação
4737,732130,Instalador-reparador de linhas de comunicação de dados,Sinônimo
4738,731320,Instalador-reparador de linhas e aparelhos de telecomunicações,Ocupação
4739,732130,Instalador-reparador de linhas telefônicas aéreas e subterrâneas,Sinônimo
4740,732130,Instalador-reparador de linhas telefônicas e telegráficas,Sinônimo
4741,732120,Instalador-reparador de rede elétrica,Sinônimo
4742,731325,Instalador-reparador de redes e cabos telefônicos,Ocupação
4743,732130,Instalador-reparador de redes telefônicas e de comunicação de dados,Ocupação
4744,7257,INSTALADORES DE EQUIPAMENTOS DE REFRIGERAÇÃO E VENTILAÇÃO,Família
4745,9513,INSTALADORES E MANTENEDORES DE SISTEMAS ELETROELETRÔNICOS DE SEGURANÇA,Família
4746,9541,INSTALADORES E MANTENEDORES ELETROMECÂNICOS DE ELEVADORES; ESCADAS E PORTAS AUTOMÁTICAS,
4747,731320,Instaladores e reparadores de equipamentos e linhas telefônicas,Sinônimo
4748,7321,INSTALADORES E REPARADORES DE LINHAS E CABOS ELÉTRICOS; TELEFÔNICOS E DE COMUNICAÇÃO DE Família,
4749,7313,INSTALADORES-REPARADORES DE LINHAS E EQUIPAMENTOS DE TELECOMUNICAÇÕES,Família
4750,322225,Instrumentador cirúrgico,Ocupação
4751,223520,Instrumentador cirúrgico (enfermeiro),Sinônimo
4752,322225,Instrumentador em cirurgia,Sinônimo
4753,322225,Instrumentadora cirúrgica,Sinônimo
4754,953105,Instrumentista de aviões,Sinônimo
4755,915105,Instrumentista de laboratório (manutenção),Sinônimo
4756,741105,Instrumentista de precisão,Sinônimo
4757,233205,Instrutor agrícola,Sinônimo
4758,623005,Instrutor de animais,Sinônimo
4759,233220,Instrutor de aprendizagem agroindustrial e florestal,Sinônimo
4760,233205,Instrutor de aprendizagem agropecuária,Sinônimo
4761,233215,Instrutor de aprendizagem comercial,Sinônimo
4762,233205,Instrutor de aprendizagem e treinamento agropecuário,Ocupação
4763,233215,Instrutor de aprendizagem e treinamento comercial,Ocupação
4764,233210,Instrutor de aprendizagem e treinamento industrial,Ocupação
4765,233225,Instrutor de aprendizagem em comunicação,Sinônimo
4766,233225,Instrutor de aprendizagem em informática,Sinônimo
4767,233225,Instrutor de aprendizagem em transportes,Sinônimo
4768,233210,Instrutor de aprendizagem industrial,Sinônimo
4769,333105,Instrutor de auto-escola,Ocupação
4770,263105,Instrutor de curimba,Sinônimo
4771,333110,Instrutor de cursos livres,Ocupação
4772,233210,Instrutor de educação profissional industrial,Sinônimo
4773,333110,Instrutor de equitação para equoterapia,Sinônimo
4774,262615,Instrutor de fanfarra,Sinônimo
4775,233225,Instrutor de informática,Sinônimo
4776,342310,Instrutor de motoristas,Sinônimo
4777,331305,Instrutor de nível médio no ensino profissionalizante,Sinônimo
4778,233210,Instrutor de ofícios industriais,Sinônimo
4779,215315,Instrutor de pilotagem (aviação),Sinônimo
4780,215315,Instrutor de pilotagem de aviões,Sinônimo
4781,215315,Instrutor de pilotagem de helicópteros,Sinônimo
4782,233205,Instrutor de treinamento agropecuário,Sinônimo
4783,233215,Instrutor de treinamento comercial,Sinônimo
4784,233210,Instrutor de treinamento industrial (formação profissional),Sinônimo
4785,233210,Instrutor de treinamentos industriais,Sinônimo
4786,215315,Instrutor de vôo,Ocupação
4787,515305,Instrutor educacional,Sinônimo
4788,263105,Instrutor leigo de meditação budista,Sinônimo
4789,332205,Instrutor no ensino profissionalizante,Sinônimo
4790,2332,INSTRUTORES DE ENSINO PROFISSIONAL,Família
4791,3331,INSTRUTORES E PROFESSORES DE CURSOS LIVRES,Família
4792,225150,Intensivista,Sinônimo
4793,261410,Intérprete,Ocupação
4794,261410,Intérprete comercial,Sinônimo
4795,261410,Intérprete de conferência,Sinônimo
4796,261425,Intérprete de libras,Sinônimo
4797,261425,Intérprete de língua de sinais,Ocupação
4798,261425,Intérprete educacional,Sinônimo
4799,261410,Intérprete simultâneo,Sinônimo
4800,632115,Inventariante florestal,Sinônimo
4801,613110,Invernador - na criação de gado bovino - empregador,Sinônimo
4802,613005,Invernador de gado,Sinônimo
4803,613005,Invernador de gado bovino; suíno; caprino; ovino - conta própria,Sinônimo
4804,613110,Inverneiro - na criação de gado bovino - empregador,Sinônimo
4805,613110,Invernista - na criação de gado bovino - empregador,Sinônimo
4806,351810,Investigador de polícia,Ocupação
4807,351805,Investigador particular,Sinônimo
4808,263105,Irmã,Sinônimo
4809,263105,Irmão,Sinônimo
4810,715720,Isolador refratarista (caldeira e tubulações),Sinônimo
4811,715715,Isolador térmico,Sinônimo
4812,263105,Iyakekerê,Sinônimo
4813,263105,Iyalorixá,Sinônimo
4814,263105,Iyamorô,Sinônimo
4815,263105,Iyawo,Sinônimo
4816,263105,Izadioncoé,Sinônimo
4817,631310,Jacarecultor,Sinônimo
4818,776405,Jacazeiro,Sinônimo
4819,631020,Jangadeiro; na pesca de peixes e camarões,Sinônimo
4820,622010,Jardineiro (árvores para ornamentação urbana),Sinônimo
4821,711405,Jateador - no garimpo,Sinônimo
4822,752225,Jateador de materiais abrasivos,Sinônimo
4823,752225,Jateador de vidro,Sinônimo
4824,752410,Jateador de vidro não plano,Sinônimo
4825,751010,Joalheiro,Ocupação
4826,141410,Joalheiro (comércio varejista),Sinônimo
4827,751015,Joalheiro (reparações),Ocupação
4828,141205,Joalheiro - na fabricação - empregador,Sinônimo
4829,751010,Joalheiro na confecção de bijuterias e jóias de fantasia,Sinônimo
4830,751010,Joalheiro na fabricação,Sinônimo
4831,751015,Joalheiro na reparação,Sinônimo
4832,751010,Joalheiro ourives na fabricação e reparação,Sinônimo
4833,7510,JOALHEIROS E LAPIDADORES DE GEMAS,Família
4834,377120,Jodoísta,Sinônimo
4835,377110,Jogador de futebol,Sinônimo
4836,377115,Jogador de golfe profissional,Sinônimo
4837,377125,Jogador de tênis profissional,Sinônimo
4838,377125,Jogador profissional de tênis,Sinônimo
4839,377130,Jóquei,Ocupação
4840,377130,Jóquei profissional,Sinônimo
4841,524305,Jornaleiro (ambulante),Sinônimo
4842,524210,Jornaleiro (em banca de jornal),Ocupação
4843,261125,Jornalista,Ocupação
4844,261125,Jornalista exclusive empregador,Sinônimo
4845,377120,Judoca,Sinônimo
4846,111340,Juiz auditor estadual - justiça militar,Ocupação
4847,111335,Juiz auditor federal - justiça militar,Ocupação
4848,377235,Juiz auxiliar (karatê),Sinônimo
4849,111325,Juiz de alçada,Sinônimo
4850,111325,Juiz de direito,Ocupação
4851,111325,Juiz de direito de primeira instância,Sinônimo
4852,377240,Juiz de gol (poloaquático),Sinônimo
4853,377245,Juiz de linha (vôlei),Sinônimo
4854,111345,Juiz do trabalho,Ocupação
4855,263115,Juiz do tribunal eclesiástico,Sinônimo
4856,111320,Juiz do tribunal regional do trabalho,Sinônimo
4857,111330,Juiz do tribunal regional federal,Sinônimo
4858,111340,Juiz dos tribunais militares estaduais,Sinônimo
4859,111330,Juiz federal,Ocupação
4860,111320,Juiz federal de segunda instância,Sinônimo
4861,632325,Juntador - na extração da carnaúba,Sinônimo
4862,241040,Jurisconsulto,Sinônimo
4863,241040,Jurista,Sinônimo
4864,263110,Jushoku,Sinônimo
4865,612215,Juteiro - conta própria,Sinônimo
4866,612215,Juticultor - conta própria,Sinônimo
4867,263110,Kaikyôshi,Sinônimo
4868,263105,Kambondo pokó,Sinônimo
4869,263105,Kantoku (diretor de missão),Sinônimo
4870,415125,Kardexista,Ocupação
4871,263105,Kunhã-karaí,Sinônimo
4872,263105,Kyôshi (mestre),Sinônimo
4873,761306,Labirinteira (rendas e bordados),Sinônimo
4874,768205,Labirinteira bordadeira; a mão.,Sinônimo
4875,301110,Laboratorista (ensaios de areia),Sinônimo
4876,301110,Laboratorista (solos e materiais de construção),Sinônimo
4877,301105,Laboratorista - exclusive análises clínicas,Sinônimo
4878,311515,Laboratorista de água e controle ambiental,Sinônimo
4879,301110,Laboratorista de concreto,Sinônimo
4880,301110,Laboratorista de ensaios de areia de fundição,Sinônimo
4881,313215,Laboratorista de ensaios eletrônicos,Sinônimo
4882,301105,Laboratorista de ensaios mecânicos,Sinônimo
4883,301105,Laboratorista de ensaios químicos,Sinônimo
4884,766410,Laboratorista de filmes fotográficos; em preto e branco,Sinônimo
4885,301110,Laboratorista de materiais de construção,Sinônimo
4886,301110,Laboratorista de solos,Sinônimo
4887,766405,Laboratorista fotográfico,Ocupação
4888,301105,Laboratorista industrial,Sinônimo
4889,314605,Laboratorista metalográfico (soldagem),Sinônimo
4890,301105,Laboratorista químico,Sinônimo
4891,301105,Laboratorista têxtil,Sinônimo
4892,8181,LABORATORISTAS INDUSTRIAIS AUXILIARES,Família
4893,724605,Laceiro de cabos de aço,Sinônimo
4894,784110,Lacrador de embalagens; a máquina,Sinônimo
4895,841448,Lagareiro,Ocupação
4896,631015,Lagosteiro,Sinônimo
4897,263105,Lama budista tibetano,Sinônimo
4898,263110,Lama tibetano,Sinônimo
4899,773105,Laminador de madeira,Sinônimo
4900,841810,Laminador de massas alimentícias,Sinônimo
4901,821320,Laminador de metais não-ferrosos,Sinônimo
4902,751120,Laminador de metais preciosos,Sinônimo
4903,751120,Laminador de metais preciosos a mão,Ocupação
4904,751105,Laminador de metais preciosos; à máquina,Sinônimo
4905,751120,Laminador de ouro,Sinônimo
4906,811745,Laminador de plástico,Ocupação
4907,751120,Laminador de prata,Sinônimo
4908,766310,Laminador gráfico,Sinônimo
4909,991305,Lanterneiro de automóveis (reparação),Sinônimo
4910,519945,Lanterninha,Sinônimo
4911,751020,Lapidador (jóias),Ocupação
4912,752235,Lapidador de cristais de ótica,Sinônimo
4913,751020,Lapidador de diamantes,Sinônimo
4914,751020,Lapidador de pedras preciosas,Sinônimo
4915,751020,Lapidador de pedras semi-preciosas,Sinônimo
4916,752410,Lapidador de vidros (acabamento),Sinônimo
4917,752230,Lapidador de vidros e cristais,Ocupação
4918,751020,Lapidário,Sinônimo
4919,751020,Lapidário de diamantes,Sinônimo
4920,751020,Lapidário de pedras semi-preciosas,Sinônimo
4921,775115,Laqueador de madeira,Sinônimo
4922,775115,Laqueador de móveis,Sinônimo
4923,632325,Lasteiro - na extração da carnaúba,Sinônimo
4924,991305,Latoeiro de veículos (reparação),Sinônimo
4925,516305,Lavadeiro; em geral,Ocupação
4926,516315,Lavador de artefatos de tapeçaria,Ocupação
4927,519935,Lavador de automóveis,Sinônimo
4928,519935,Lavador de carros,Sinônimo
4929,514305,Lavador de fachadas,Sinônimo
4930,761110,Lavador de fibras na indústria têxtil,Sinônimo
4931,519930,Lavador de garrafas; vidros e outros utensílios,Ocupação
4932,761110,Lavador de lã,Ocupação
4933,519935,Lavador de ônibus,Sinônimo
4934,992120,Lavador de peças,Ocupação
4935,513505,Lavador de pratos,Sinônimo
4936,516405,Lavador de roupa a seco,Sinônimo
4937,516310,Lavador de roupa hospitalar,Sinônimo
4938,516405,Lavador de roupas,Ocupação
4939,516310,Lavador de roupas a maquina,Ocupação
4940,516310,Lavador de roupas à maquina industrial,Sinônimo
4941,516315,Lavador de tapetes,Sinônimo
4942,519935,Lavador de veículos,Ocupação
4943,514305,Lavador de vidros,Sinônimo
4944,5164,LAVADORES E PASSADORES DE ROUPA; A MÃO,Família
4945,612115,Lavoureiro na produção de cereais de inverno,Sinônimo
4946,612125,Lavoureiro na produção de milho e sorgo,Sinônimo
4947,622020,Lavrador - na cultura - exclusive conta própria e empregador,Sinônimo
4948,622805,Lavrador da cultura de especiarias,Sinônimo
4949,622020,Lavrador de cultura permanente - exclusive conta própria e empregador,Sinônimo
4950,622020,Lavrador de cultura temporária - exclusive conta própria e empregador,Sinônimo
4951,622020,Lavrador na horticultura e na floricultura - exclusive conta própria e empregador   Sinônimo,
4952,1111,LEGISLADORES,Família
4953,225106,Legista,Sinônimo
4954,318710,Leiautista de circuitos impressos,Sinônimo
4955,263115,Leigo consagrado,Sinônimo
4956,354405,Leiloeiro,Ocupação
4957,3544,LEILOEIROS E AVALIADORES,Família
4958,524305,Leiteiro (comércio ambulante),Sinônimo
4959,613115,Leiteiro - na criação de gado bovino - empregador,Sinônimo
4960,519940,Leitor de hidrômetro,Sinônimo
4961,519940,Leitor de medidores de água; gás e energia elétrica,Sinônimo
4962,516805,Leitor de oráculos,Sinônimo
4963,519940,Leiturista,Ocupação
4964,141410,Lenheiro ( comércio varejista),Sinônimo
4965,261525,Letrista,Sinônimo
4966,261515,Letrista (música),Sinônimo
4967,711410,Levantador de sal,Sinônimo
4968,261415,Lexicógrafo,Sinônimo
4969,261415,Lexicólogo,Sinônimo
4970,841720,Licorista,Sinônimo
4971,720220,Líder (construção de fornos),Sinônimo
4972,720210,Líder (indústria de automotores e de material de transporte),Sinônimo
4973,630110,Líder da área florestal,Sinônimo
4974,821245,Líder de área de corrida,Sinônimo
4975,510305,Líder de bombeiros,Sinônimo
4976,113010,Líder de comunidade caiçara,Ocupação
4977,910905,Líder de conservação de vias permanentes,Sinônimo
4978,821255,Líder de convertedor,Sinônimo
4979,721105,Líder de ferramentaria,Sinônimo
4980,821440,Líder de linhas de tesoura de tiras a quente e a frio,Sinônimo
4981,821440,Líder de linhas de tesoura; no acabamento de chapas e metais (tiras a frio),Sinônimo
4982,910910,Líder de lubrificação de vias permanentes,Sinônimo
4983,911305,Líder de manutenção mecânica,Sinônimo
4984,821405,Líder de produção; no acabamento de chapas e metais,Sinônimo
4985,821240,Líder de recebimento de gusa,Sinônimo
4986,420125,Líder de recepção,Sinônimo
4987,114105,Líder partidário,Sinônimo
4988,950205,Líder produtivo de manutenção eletroeletrônica veicular,Sinônimo
4989,113015,Líder quilombola,Sinônimo
4990,732135,Ligador de linhas telefônicas,Ocupação
4991,516320,Limpador a seco; à máquina,Ocupação
4992,848525,Limpador de aves,Sinônimo
4993,519935,Limpador de aviões; bondes; coletivos; ônibus e trens,Sinônimo
4994,848525,Limpador de carne,Sinônimo
4995,514315,Limpador de fachadas com jato,Sinônimo
4996,841420,Limpador de frutas e legumes para conserva,Sinônimo
4997,514305,Limpador de janelas,Sinônimo
4998,821450,Limpador de metais,Sinônimo
4999,621005,Limpador de pasto - na agropecuária,Sinônimo
5000,632365,Limpador de piaçava,Sinônimo
5001,514330,Limpador de piscinas,Ocupação
5002,516410,Limpador de roupas a seco; à mão,Ocupação
5003,848525,Limpador de tripas,Sinônimo
5004,514305,Limpador de vidros,Ocupação
5005,722210,Lingotador,Ocupação
5006,848115,Lingüiceiros na conservação de alimentos,Sinônimo
5007,261415,Lingüista,Ocupação
5008,261415,Lingüista dicionarista,Sinônimo
5009,768610,Linotipista,Ocupação
5010,141410,Livreiro (comércio varejista),Sinônimo
5011,764120,Lixador de calçados,Sinônimo
5012,762315,Lixador de couros e peles,Ocupação
5013,721325,Lixador de móveis metálicos,Sinônimo
5014,721325,Lixador de peças de metal,Sinônimo
5015,764120,Lixador de saltos de calçados,Sinônimo
5016,764120,Lixador de solas na confecção de calçados,Sinônimo
5017,514205,Lixeiro,Sinônimo
5018,141410,Locador (serviços de diversões),Sinônimo
5019,141410,Locador de animais para lazer,Sinônimo
5020,141410,Locador de bicicletas para lazer,Sinônimo
5021,141410,Locador de bóia para lazer,Sinônimo
5022,141410,Locador de cadeira de praia,Sinônimo
5023,141410,Locador de cadeira para festa,Sinônimo
5024,141410,Locador de caiaque para lazer,Sinônimo
5025,141410,Locador de eletrodomésticos,Sinônimo
5026,141410,Locador de mesas para festa,Sinônimo
5027,141410,Locador de móveis,Sinônimo
5028,141410,Locador de patins para lazer,Sinônimo
5029,141410,Locador de pedalinho para lazer,Sinônimo
5030,141410,Locador de televisão,Sinônimo
5031,421315,Localizador (cobrador),Ocupação
5032,421315,Localizador externo,Sinônimo
5033,261720,Locutor anunciador,Sinônimo
5034,261720,Locutor comercial,Sinônimo
5035,261715,Locutor de chamadas (promocionais e institucionais),Sinônimo
5036,261715,Locutor de notícias,Sinônimo
5037,261715,Locutor de rádio e televisão,Ocupação
5038,376310,Locutor de rodeio,Sinônimo
5039,261715,Locutor de telejornal,Sinônimo
5040,261715,Locutor esportivo,Sinônimo
5041,261715,Locutor noticiarista,Sinônimo
5042,261720,Locutor publicitário de rádio e televisão,Ocupação
5043,261715,Locutor-operador,Sinônimo
5044,2617,LOCUTORES; COMENTARISTAS E REPÓRTERES DE RÁDIO E TELEVISÃO   Família,
5045,141410,Lojista (comércio varejista),Sinônimo
5046,848520,Lombador em matadouro,Sinônimo
5047,141205,Lombilheiro - empregador,Sinônimo
5048,919105,Lubrificador auxiliar mecânico,Sinônimo
5049,919110,Lubrificador de automóveis,Sinônimo
5050,919115,Lubrificador de embarcações,Ocupação
5051,919105,Lubrificador de máquinas,Sinônimo
5052,919110,Lubrificador de máquinas de terraplenagem,Sinônimo
5053,919110,Lubrificador de veículos automotores (exceto embarcações),Ocupação
5054,919105,Lubrificador industrial,Ocupação
5055,919115,Lubrificador naval,Sinônimo
5056,9191,LUBRIFICADORES,Família
5057,224110,Ludomotricista,Ocupação
5058,519915,Lustrador - engraxate,Sinônimo
5059,775115,Lustrador de madeira,Sinônimo
5060,775115,Lustrador de móveis,Sinônimo
5061,775115,Lustrador de peças de madeira,Ocupação
5062,716520,Lustrador de piso,Ocupação
5063,764305,Lustrador no acabamento de calçados,Sinônimo
5064,377120,Lutador de aikidô,Sinônimo
5065,377120,Lutador de capoeira,Sinônimo
5066,377120,Lutador de fullcontact,Sinônimo
5067,377120,Lutador de hapkidô,Sinônimo
5068,377120,Lutador de karatê,Sinônimo
5069,377120,Lutador de kendô,Sinônimo
5070,377120,Lutador de taekwondô,Sinônimo
5071,377145,Lutador profissional de boxe,Sinônimo
5072,742115,Luthier (confeccionador),Sinônimo
5073,915215,Luthier (restauração de cordas arcadas),Ocupação
5074,711115,Macaqueiro - na extração de pedras,Sinônimo
5075,632210,Maçarandubeiro,Sinônimo
5076,711230,Maçariqueiro,Sinônimo
5077,711110,Maçariqueiro - na mineração,Sinônimo
5078,761240,Maçaroqueiro,Sinônimo
5079,848315,Macarroneiro,Sinônimo
5080,722310,Macheiro; a máquina,Ocupação
5081,722305,Macheiro; a mão,Ocupação
5082,141405,Madeireiro (comércio atacadista),Sinônimo
5083,141410,Madeireiro (comércio varejista),Sinônimo
5084,711125,Madeireiro de subsolo - na mineração,Sinônimo
5085,263105,Madre superiora,Sinônimo
5086,263105,Madrinha de umbanda,Sinônimo
5087,782815,Madrinheiro,Sinônimo
5088,516215,Mãe crecheira,Sinônimo
5089,516215,Mãe social,Ocupação
5090,516215,Mãe substituta,Sinônimo
5091,262615,Maestro,Sinônimo
5092,262615,Maestro correpetidor,Sinônimo
5093,262615,Maestro de banda,Sinônimo
5094,848520,Magarefe,Ocupação
5095,376235,Mágico,Ocupação
5096,1113,MAGISTRADOS,Família
5097,510135,Maître,Ocupação
5098,510135,Maître - no serviço de alimentação,Sinônimo
5099,262830,Maître de ballet,Sinônimo
5100,510135,Maître de bar,Sinônimo
5101,510135,Maître de boate,Sinônimo
5102,510135,Maître de hotel,Sinônimo
5103,510135,Maître de restaurante,Sinônimo
5104,510135,Maître executivo,Sinônimo
5105,030110,Major bombeiro militar,Ocupação
5106,010205,Major da aeronáutica,Sinônimo
5107,020115,Major da polícia militar,Ocupação
5108,030110,Major do corpo de bombeiros militar,Sinônimo
5109,010210,Major do exército,Sinônimo
5110,010105,Major-brigadeiro,Sinônimo
5111,376240,Malabarista,Ocupação
5112,141410,Maleiro (comércio varejista ),Sinônimo
5113,841725,Malteiro (germinação),Ocupação
5114,263105,Mameto ndenge,Sinônimo
5115,263105,Mameto nkisi,Sinônimo
5116,768120,Mamucabeira,Sinônimo
5117,376250,Mamulengueiro,Sinônimo
5118,721215,Mandrilador,Sinônimo
5119,721415,Mandrilador cnc,Sinônimo
5120,516120,Manicure,Ocupação
5121,516120,Manicuro,Sinônimo
5122,828105,Manilheiro - na fabricação,Sinônimo
5123,376235,Manipulador,Sinônimo
5124,376250,Manipulador de bonecos,Sinônimo
5125,415210,Manipulador de correspondências (correios e telégrafos),Sinônimo
5126,842105,Manipulador de essência e melado (fumo),Sinônimo
5127,862150,Manipulador de máquinas fixas,Sinônimo
5128,841720,Manipulador de misturas (vinhos),Sinônimo
5129,823230,Manipulador de moldados (abrasivos),Sinônimo
5130,811810,Manipulador de seção de comprimidos e drágeas,Sinônimo
5131,325110,Manipulador em laboratório de farmácia,Sinônimo
5132,415210,Manipulador postal,Sinônimo
5133,783110,Manobrador,Ocupação
5134,783110,Manobrador de ferrovia,Sinônimo
5135,783110,Manobrador de trem,Sinônimo
5136,783110,Manobreiro de ferrovia,Sinônimo
5137,783110,Manobreiro de trem,Sinônimo
5138,514110,Manobrista,Sinônimo
5139,783110,Manobrista de ferrovia,Sinônimo
5140,783110,Manobrista de trem,Sinônimo
5141,782510,Manobrista de veículos pesados sobre rodas,Sinônimo
5142,623015,Manoseador,Sinônimo
5143,848110,Manteador na conservação de alimentos,Sinônimo
5144,848215,Manteigueiro na fabricação de laticínio,Ocupação
5145,951310,Mantenedor de sistemas eletroeletrônicos de segurança,Ocupação
5146,811005,Mantenedor operacional de processos químicos e petroquímicos,Sinônimo
5147,9912,MANTENEDORES DE EQUIPAMENTOS DE PARQUES DE DIVERSÕES E SIMILARES,Família
5148,515110,Maqueiro de hospital,Sinônimo
5149,515110,Maqueiro hospitalar,Sinônimo
5150,771115,Maquetista na marcenaria,Ocupação
5151,516125,Maquiador,Ocupação
5152,516130,Maquiador artístico,Sinônimo
5153,516130,Maquiador de caracterização,Ocupação
5154,516130,Maquiador de cinema; teatro e tv,Sinônimo
5155,516125,Maquiador social,Sinônimo
5156,516125,Maquilador,Sinônimo
5157,374215,Maquinista de cenário,Sinônimo
5158,374210,Maquinista de cinema e vídeo,Ocupação
5159,761225,Maquinista de conicaleira,Sinônimo
5160,862110,Maquinista de embarcações,Ocupação
5161,761230,Maquinista de filatório,Sinônimo
5162,722220,Maquinista de fundição (centrífuga),Sinônimo
5163,782610,Maquinista de locomotiva,Sinônimo
5164,783110,Maquinista de manobras,Sinônimo
5165,862150,Maquinista de máquina fixa,Sinônimo
5166,766215,Maquinista de ofsete,Sinônimo
5167,711320,Maquinista de perfuradora de subsolo,Sinônimo
5168,374215,Maquinista de teatro e espetáculos,Ocupação
5169,782610,Maquinista de trem,Ocupação
5170,861115,Maquinista de usina termoelétrica,Sinônimo
5171,782120,Maquinista ferroviário,Sinônimo
5172,862105,Maquinista foguista,Sinônimo
5173,711405,Maraqueiro - no garimpo,Sinônimo
5174,377140,Maratonista,Sinônimo
5175,632105,Marcador de árvores,Sinônimo
5176,784115,Marcador de caixas,Sinônimo
5177,724415,Marcador de chapas,Sinônimo
5178,784115,Marcador de embalagem,Sinônimo
5179,784115,Marcador de fardos,Sinônimo
5180,763315,Marcador de peças confeccionadas para bordar,Ocupação
5181,784115,Marcador de preços,Sinônimo
5182,821415,Marcador de produtos (siderúrgico e metalúrgico),Ocupação
5183,764120,Marcador de sola na confecção de calçados,Sinônimo
5184,632105,Marcador de toras,Sinônimo
5185,771105,Marceneiro,Ocupação
5186,771120,Marceneiro adueleiro,Sinônimo
5187,771120,Marceneiro barriqueiro,Sinônimo
5188,771120,Marceneiro boteiro,Sinônimo
5189,771105,Marceneiro de móveis,Sinônimo
5190,771110,Marceneiro modelista,Sinônimo
5191,777110,Marceneiro naval,Sinônimo
5192,771120,Marceneiro pipeiro,Sinônimo
5193,7711,MARCENEIROS E AFINS,Família
5194,848505,Marchante,Sinônimo
5195,775120,Marcheteiro,Ocupação
5196,010110,Marechal,Sinônimo
5197,010105,Marechal-do-ar,Sinônimo
5198,514215,Margarida,Sinônimo
5199,766325,Margeador gráfico de corte e vinco,Sinônimo
5200,010315,Marinheiro,Sinônimo
5201,782730,Marinheiro auxiliar de convés (marítimo e aquaviario),Ocupação
5202,782735,Marinheiro auxiliar de máquinas (marítimo e aquaviário),Ocupação
5203,782705,Marinheiro de convés,Sinônimo
5204,782705,Marinheiro de convés (marítimo e fluviário),Ocupação
5205,782725,Marinheiro de esporte e recreio,Ocupação
5206,782710,Marinheiro de máquinas,Ocupação
5207,782715,Marinheiro fluvial de convés,Sinônimo
5208,782720,Marinheiro fluvial de máquinas,Sinônimo
5209,376250,Marionetistas,Sinônimo
5210,631010,Mariscador,Sinônimo
5211,631010,Marisqueiro,Sinônimo
5212,716525,Marmorista (construção),Ocupação
5213,712205,Marmorista - exclusive empregador em marmoraria,Sinônimo
5214,141205,Marmorista - exclusive na extração - empregador,Sinônimo
5215,141205,Marmorista - na extração - empregador,Sinônimo
5216,711410,Marnoteiro,Sinônimo
5217,828110,Marombeiro,Sinônimo
5218,711110,Marqueiro - na mineração,Sinônimo
5219,848505,Marreteiro (indústria alimentar),Sinônimo
5220,848505,Marreteiro em matadouro,Sinônimo
5221,711115,Marroeiro,Sinônimo
5222,311725,Marroquineiro,Sinônimo
5223,722110,Marteleiro (forjaria),Sinônimo
5224,722110,Marteleiro (metalúrgica),Sinônimo
5225,711115,Marteleiro - na extração de pedras,Sinônimo
5226,722110,Marteleiro a carga de fogo,Sinônimo
5227,722110,Marteleiro de cutelaria,Sinônimo
5228,717010,Marteleteiro,Sinônimo
5229,717010,Marteleteiro - na construção civil,Sinônimo
5230,711225,Marteleteiro de rocha,Sinônimo
5231,711225,Marteleteiro detonador,Sinônimo
5232,322120,Massagista,Sinônimo
5233,848315,Masseiro (massas alimentícias),Ocupação
5234,848305,Masseiro (padeiro),Sinônimo
5235,848315,Masseiro de biscoito; macarrão e pão,Sinônimo
5236,322120,Massoprevencionista,Sinônimo
5237,322120,Massoterapeuta,Ocupação
5238,225255,Mastologista,Sinônimo
5239,848505,Matador (magarefe),Sinônimo
5240,622020,Matador de formiga - na cultura,Sinônimo
5241,612615,Mateicultor - empregador,Sinônimo
5242,632115,Mateiro,Sinônimo
5243,632115,Mateiro (inventário de florestas),Sinônimo
5244,632005,Mateiro - guia,Sinônimo
5245,211115,Matemático,Ocupação
5246,211120,Matemático aplicado,Ocupação
5247,211120,Matemático computacional,Sinônimo
5248,211120,Matemático industrial,Sinônimo
5249,762320,Matizador de couros e peles,Ocupação
5250,721105,Matrizeiro,Sinônimo
5251,766145,Matrizeiro - na indústrias gráfica,Sinônimo
5252,613310,Matrizeiro de coelho,Sinônimo
5253,919205,Mecânico,Sinônimo
5254,721315,Mecânico afiador,Sinônimo
5255,725010,Mecânico ajustador,Sinônimo
5256,914105,Mecânico de aeronaves,Sinônimo
5257,911120,Mecânico de afinação de motores diesel (exceto de veículos automotores),Sinônimo
5258,914405,Mecânico de amortecedores,Sinônimo
5259,741105,Mecânico de aparelhos de precisão,Sinônimo
5260,954205,Mecânico de aparelhos domésticos,Sinônimo
5261,911205,Mecânico de ar-condicionado e refrigeração,Sinônimo
5262,914405,Mecânico de auto em geral,Sinônimo
5263,914425,Mecânico de automóveis e caminhões,Sinônimo
5264,914405,Mecânico de automóvel,Sinônimo
5265,725020,Mecânico de bancada,Sinônimo
5266,919310,Mecânico de bicicletas,Sinônimo
5267,911105,Mecânico de bomba injetora (exceto de veículos automotores),Sinônimo
5268,911105,Mecânico de bombas diesel (exceto de veículos automotores),Sinônimo
5269,911110,Mecânico de bombas hidráulicas,Sinônimo
5270,911305,Mecânico de caldeiras,Sinônimo
5271,914405,Mecânico de câmbio,Sinônimo
5272,913115,Mecânico de campo,Sinônimo
5273,914405,Mecânico de chassis,Sinônimo
5274,914425,Mecânico de diesel e eletricidade,Sinônimo
5275,914405,Mecânico de direção e freios de automóveis,Sinônimo
5276,914410,Mecânico de empilhadeira,Sinônimo
5277,913120,Mecânico de equipamento pesado,Sinônimo
5278,911305,Mecânico de equipamento pneumático,Sinônimo
5279,911305,Mecânico de equipamentos industriais,Sinônimo
5280,913120,Mecânico de escavadeira,Sinônimo
5281,911320,Mecânico de estamparia (máquinas têxteis),Sinônimo
5282,913105,Mecânico de estiva,Sinônimo
5283,954205,Mecânico de fogão,Sinônimo
5284,914405,Mecânico de freios de automóveis,Sinônimo
5285,911305,Mecânico de fundição (manutenção),Sinônimo
5286,911305,Mecânico de gerador,Sinônimo
5287,914405,Mecânico de injeção eletrônica,Sinônimo
5288,914405,Mecânico de instalação de freios,Sinônimo
5289,911305,Mecânico de instalações industriais (manutenção),Sinônimo
5290,741105,Mecânico de instrumentos de precisão,Sinônimo
5291,911305,Mecânico de laminação (manutenção),Sinônimo
5292,954205,Mecânico de lavadora e secadora,Sinônimo
5293,914305,Mecânico de locomotivas e vagões,Sinônimo
5294,911320,Mecânico de malharia (máquinas),Sinônimo
5295,954120,Mecânico de manutenção (equipamento de edifícios),Sinônimo
5296,911305,Mecânico de manutenção (máquinas hidráulicas),Sinônimo
5297,725605,Mecânico de manutenção aeronáutica,Sinônimo
5298,914105,Mecânico de manutenção de aeronaves; em geral,Ocupação
5299,913105,Mecânico de manutenção de aparelhos de levantamento,Ocupação
5300,911205,Mecânico de manutenção de aparelhos de refrigeração,Sinônimo
5301,919305,Mecânico de manutenção de aparelhos esportivos e de ginástica,Ocupação
5302,911205,Mecânico de manutenção de ar condicionado,Sinônimo
5303,914405,Mecânico de manutenção de automóveis,Sinônimo
5304,914405,Mecânico de manutenção de automóveis; motocicletas e veículos similares,Ocupação
5305,914105,Mecânico de manutenção de aviões,Sinônimo
5306,919310,Mecânico de manutenção de bicicletas,Sinônimo
5307,919310,Mecânico de manutenção de bicicletas e veículos similares,Ocupação
5308,911320,Mecânico de manutenção de bobinadeira (indústria têxtil),Sinônimo
5309,911105,Mecânico de manutenção de bomba injetora (exceto de veículos automotores)   Ocupação,
5310,911110,Mecânico de manutenção de bombas,Ocupação
5311,911110,Mecânico de manutenção de bombas centrífugas,Sinônimo
5312,911305,Mecânico de manutenção de bombas de refrigeração e hidráulicas,Sinônimo
5313,911110,Mecânico de manutenção de bombas hidráulicas,Sinônimo
5314,913110,Mecânico de manutenção de britagem,Sinônimo
5315,914425,Mecânico de manutenção de caminhão a diesel,Sinônimo
5316,911320,Mecânico de manutenção de cardas,Sinônimo
5317,911115,Mecânico de manutenção de compressores de ar,Ocupação
5318,913105,Mecânico de manutenção de empilhadeiras,Sinônimo
5319,914410,Mecânico de manutenção de empilhadeiras e outros veículos de cargas leves   Ocupação,
5320,911305,Mecânico de manutenção de equipamentos hidropneumáticos,Sinônimo
5321,911320,Mecânico de manutenção de espuladeira,Sinônimo
5322,913105,Mecânico de manutenção de guindaste,Sinônimo
5323,914105,Mecânico de manutenção de helicópteros,Sinônimo
5324,913115,Mecânico de manutenção de implementos agrícolas,Sinônimo
5325,954120,Mecânico de manutenção de instalações mecânicas de edifícios,Ocupação
5326,914305,Mecânico de manutenção de locomotiva,Sinônimo
5327,911305,Mecânico de manutenção de máquina de calçado,Sinônimo
5328,911305,Mecânico de manutenção de máquina de curtume,Sinônimo
5329,911305,Mecânico de manutenção de máquina de embalagem,Sinônimo
5330,911305,Mecânico de manutenção de máquina de rotular,Sinônimo
5331,911305,Mecânico de manutenção de máquina industrial,Sinônimo
5332,913115,Mecânico de manutenção de máquinas agrícolas,Ocupação
5333,914410,Mecânico de manutenção de máquinas agrícolas (tratores),Sinônimo
5334,919205,Mecânico de manutenção de máquinas cortadoras de grama; roçadeiras; motosserras e similares   Ocupação,
5335,911305,Mecânico de manutenção de máquinas de acondicionar,Sinônimo
5336,913120,Mecânico de manutenção de máquinas de construção civil,Sinônimo
5337,913120,Mecânico de manutenção de máquinas de construção e terraplenagem,Ocupação
5338,911320,Mecânico de manutenção de máquinas de costura,Sinônimo
5339,911305,Mecânico de manutenção de máquinas de embalagem,Sinônimo
5340,911325,Mecânico de manutenção de máquinas de fundição (usinagem de metais),Sinônimo
5341,911310,Mecânico de manutenção de máquinas gráficas,Ocupação
5342,911305,Mecânico de manutenção de máquinas industriais,Sinônimo
5343,911320,Mecânico de manutenção de máquinas maçaroqueiras,Sinônimo
5344,911325,Mecânico de manutenção de máquinas operatrizes,Sinônimo
5345,911320,Mecânico de manutenção de máquinas têxteis,Ocupação
5346,911305,Mecânico de manutenção de máquinas; em geral,Ocupação
5347,911325,Mecânico de manutenção de máquinas-ferramentas (usinagem de metais),Ocupação
5348,914415,Mecânico de manutenção de motocicletas,Ocupação
5349,914405,Mecânico de manutenção de motores a álcool,Sinônimo
5350,911120,Mecânico de manutenção de motores diesel (exceto de veículos automotores),Ocupação
5351,914205,Mecânico de manutenção de motores e equipamentos navais,Ocupação
5352,914425,Mecânico de manutenção de ônibus,Sinônimo
5353,991205,Mecânico de manutenção de parques de diversões,Sinônimo
5354,913105,Mecânico de manutenção de pontes-rolantes,Sinônimo
5355,911125,Mecânico de manutenção de redutores,Ocupação
5356,911205,Mecânico de manutenção de refrigerador,Sinônimo
5357,919205,Mecânico de manutenção de roçadeiras; motosserras e similares,Sinônimo
5358,914110,Mecânico de manutenção de sistema hidráulico de aeronaves (serviços de pista e hangar)   Ocupação,
5359,911320,Mecânico de manutenção de teares,Sinônimo
5360,911125,Mecânico de manutenção de transmissão,Sinônimo
5361,914420,Mecânico de manutenção de tratores,Ocupação
5362,911130,Mecânico de manutenção de turbinas (exceto de aeronaves),Ocupação
5363,911135,Mecânico de manutenção de turbocompressores,Ocupação
5364,914305,Mecânico de manutenção de veículos ferroviários,Ocupação
5365,954125,Mecânico de manutenção e eletricista,Sinônimo
5366,911205,Mecânico de manutenção e instalação de aparelhos de climatização e refrigeração,Ocupação
5367,911305,Mecânico de manutenção e instalação elétrica,Sinônimo
5368,911305,Mecânico de manutenção hidráulica,Sinônimo
5369,914205,Mecânico de manutenção mariner,Sinônimo
5370,911205,Mecânico de máquina de ventilação,Sinônimo
5371,913110,Mecânico de máquina para trabalho de minas,Sinônimo
5372,954305,Mecânico de máquinas de escrever,Sinônimo
5373,954305,Mecânico de máquinas de escrever e calcular,Sinônimo
5374,911320,Mecânico de máquinas de fiação,Sinônimo
5375,911305,Mecânico de máquinas de pasteurização,Sinônimo
5376,915405,Mecânico de máquinas fotográficas,Sinônimo
5377,911305,Mecânico de máquinas operatrizes (manutenção),Sinônimo
5378,913120,Mecânico de máquinas pesadas (manutenção),Sinônimo
5379,913110,Mecânico de mineração,Sinônimo
5380,725205,Mecânico de montagem de máquinas,Sinônimo
5381,914415,Mecânico de motocicletas,Sinônimo
5382,914415,Mecânico de motonetas,Sinônimo
5383,914425,Mecânico de motor a diesel,Sinônimo
5384,914405,Mecânico de motor a gasolina,Sinônimo
5385,914405,Mecânico de motor de explosão,Sinônimo
5386,913115,Mecânico de motores agrícolas,Sinônimo
5387,725410,Mecânico de motores marítimos,Sinônimo
5388,725420,Mecânico de motores turboalimentadores,Sinônimo
5389,919205,Mecânico de motosserra,Sinônimo
5390,911320,Mecânico de penteadeiras (máquinas têxteis),Sinônimo
5391,913120,Mecânico de perfuratrizes,Sinônimo
5392,913105,Mecânico de ponte-rolante,Sinônimo
5393,911325,Mecânico de prensas,Sinônimo
5394,914405,Mecânico de radiadores,Sinônimo
5395,725705,Mecânico de refrigeração,Ocupação
5396,954205,Mecânico de refrigeração doméstica,Sinônimo
5397,911120,Mecânico de regulagem de motores diesel (exceto de veículos automotores),Sinônimo
5398,911310,Mecânico de rotativa (indústria gráfica),Sinônimo
5399,914405,Mecânico de socorro,Sinônimo
5400,914405,Mecânico de suspensão,Sinônimo
5401,914405,Mecânico de testes de automotores,Sinônimo
5402,911130,Mecânico de turbinas e caldeiras,Sinônimo
5403,911130,Mecânico de turbinas exclusive de avião,Sinônimo
5404,911320,Mecânico de urdideira e engomadeira,Sinônimo
5405,911325,Mecânico de usinagem (manutenção),Sinônimo
5406,914405,Mecânico de veículos,Sinônimo
5407,914425,Mecânico de veículos automotores a diesel (exceto tratores),Ocupação
5408,341115,Mecânico de vôo,Ocupação
5409,911120,Mecânico diesel (exceto de veículos automotores),Sinônimo
5410,953115,Mecânico eletricista de automóveis,Sinônimo
5411,953105,Mecânico eletricista de aviões,Sinônimo
5412,914425,Mecânico eletricista de diesel (veículos automotores),Sinônimo
5413,953115,Mecânico eletricista de veículos automotores,Sinônimo
5414,914105,Mecânico encarregado de manutenção de aeronave,Sinônimo
5415,914305,Mecânico ferroviário,Sinônimo
5416,919115,Mecânico lubrificador (embarcações),Sinônimo
5417,919105,Mecânico lubrificador de manutenção industrial,Sinônimo
5418,919105,Mecânico lubrificador industrial,Sinônimo
5419,725205,Mecânico montador,Sinônimo
5420,725405,Mecânico montador de motores de aeronaves,Ocupação
5421,725410,Mecânico montador de motores de embarcações,Ocupação
5422,725415,Mecânico montador de motores de explosão e diesel,Ocupação
5423,725420,Mecânico montador de motores turboalimentadores,Sinônimo
5424,725420,Mecânico montador de turbinas,Sinônimo
5425,725420,Mecânico montador de turboalimentadores,Ocupação
5426,725415,Mecânico montador especializado em motores de explosão e diesel,Sinônimo
5427,914205,Mecânico naval,Sinônimo
5428,911110,Mecânico reparador de bombas hidráulicas,Sinônimo
5429,911305,Mecânico reparador de máquinas,Sinônimo
5430,914305,Mecânico reparador de vagões,Sinônimo
5431,725420,Mecânico turboalimentador,Sinônimo
5432,842135,Mecânico-operador (cigarros),Sinônimo
5433,7411,MECÂNICOS DE INSTRUMENTOS DE PRECISÃO,Família
5434,9141,MECÂNICOS DE MANUTENÇÃO AERONÁUTICA,Família
5435,9193,MECÂNICOS DE MANUTENÇÃO DE BICICLETAS E EQUIPAMENTOS ESPORTIVOS E DE GINÁSTICA,Família
5436,9111,MECÂNICOS DE MANUTENÇÃO DE BOMBAS; MOTORES; COMPRESSORES E EQUIPAMENTOS DE TRANSMISSÃO,
5437,9113,MECÂNICOS DE MANUTENÇÃO DE MÁQUINAS INDUSTRIAIS,Família
5438,9131,MECÂNICOS DE MANUTENÇÃO DE MÁQUINAS PESADAS E EQUIPAMENTOS AGRÍCOLAS,Família
5439,9142,MECÂNICOS DE MANUTENÇÃO DE MOTORES E EQUIPAMENTOS NAVAIS,Família
5440,9144,MECÂNICOS DE MANUTENÇÃO DE VEÍCULOS AUTOMOTORES,Família
5441,9112,MECÂNICOS DE MANUTENÇÃO E INSTALAÇÃO DE APARELHOS DE CLIMATIZAÇÃO E REFRIGERAÇÃO,Família
5442,9143,MECÂNICOS DE MANUTENÇÃO METROFERROVIÁRIA,Família
5443,911130,Mecânicos de turbinas a vapor e gás,Sinônimo
5444,914405,Mecânicos de veículos automotores,Sinônimo
5445,954305,Mecanógrafo (mecânico de máquina de escrever),Sinônimo
5446,251205,Mediador econômico,Sinônimo
5447,225105,Médico acupunturista,Ocupação
5448,225110,Médico alergista,Sinônimo
5449,225110,Médico alergista e imunologista,Ocupação
5450,225170,Médico alopata,Sinônimo
5451,225148,Médico anatomopatologista,Ocupação
5452,225325,Médico anatomopatologista,Sinônimo
5453,225151,Médico anestesiologista,Ocupação
5454,225151,Médico anestesista,Sinônimo
5455,225115,Médico angiologista,Ocupação
5456,225154,Médico antroposófico,Ocupação
5457,225310,Médico broncoesofagologista,Sinônimo
5458,225310,Médico broncoscopista,Sinônimo
5459,225121,Médico cancerologista (clínico),Sinônimo
5460,225290,Médico cancerologista cirurgíco,Ocupação
5461,225122,Médico cancerologista pediátrico,Ocupação
5462,225120,Médico cardiologista,Ocupação
5463,225225,Médico cirurgião,Sinônimo
5464,225210,Médico cirurgião cardiovascular,Ocupação
5465,225295,Médico cirurgião da mão,Ocupação
5466,225215,Médico cirurgião de cabeça e pescoço,Ocupação
5467,225220,Médico cirurgião do aparelho digestivo,Ocupação
5468,225225,Médico cirurgião geral,Ocupação
5469,225230,Médico cirurgião pediátrico,Ocupação
5470,225240,Médico cirurgião torácico,Ocupação
5471,225305,Médico citopatologista,Ocupação
5472,225125,Médico clínico,Ocupação
5473,225125,Médico clínico geral,Sinônimo
5474,225280,Médico coloproctologista,Ocupação
5475,225130,Médico comunitário,Sinônimo
5476,225142,Médico da estratégia de saúde da família,Ocupação
5477,225124,Médico de criança,Sinônimo
5478,225103,Médico de doenças infecciosas e parasitárias,Sinônimo
5479,225130,Médico de família,Sinônimo
5480,225130,Médico de família e comunidade,Ocupação
5481,225250,Médico de mulheres,Sinônimo
5482,225139,Médico de saúde pública,Sinônimo
5483,225135,Médico dermatologista,Ocupação
5484,225120,Médico do coração,Sinônimo
5485,225140,Médico do trabalho,Ocupação
5486,225145,Médico do tráfego,Sinônimo
5487,225203,Médico em cirurgia vascular,Ocupação
5488,225310,Médico em endoscopia,Ocupação
5489,225340,Médico em hemoterapia,Sinônimo
5490,225145,Médico em medicina de tráfego,Ocupação
5491,225345,Médico em medicina hiperbárica,Sinônimo
5492,225150,Médico em medicina intensiva,Ocupação
5493,225170,Médico em medicina interna,Sinônimo
5494,225335,Médico em medicina laboratorial,Sinônimo
5495,225330,Médico em radio-oncologia,Sinônimo
5496,225320,Médico em radiologia e diagnóstico por imagem,Ocupação
5497,225330,Médico em radioterapia,Sinônimo
5498,225155,Médico endocrinologista,Sinônimo
5499,225155,Médico endocrinologista e metabologista,Ocupação
5500,225310,Médico endoscopista,Sinônimo
5501,225139,Médico epidemiologista,Sinônimo
5502,225125,Médico especialista em clínica médica,Sinônimo
5503,225125,Médico especialista em medicina interna,Sinônimo
5504,225160,Médico fisiatra,Ocupação
5505,225275,Médico foniatra,Sinônimo
5506,225165,Médico gastroenterologista,Ocupação
5507,225170,Médico generalista,Ocupação
5508,225175,Médico geneticista,Ocupação
5509,225180,Médico geriatra,Ocupação
5510,225250,Médico ginecologista,Sinônimo
5511,225250,Médico ginecologista e obstetra,Ocupação
5512,225185,Médico hematologista,Ocupação
5513,225340,Médico hemoterapeuta,Ocupação
5514,225139,Médico higienista,Sinônimo
5515,225345,Médico hiperbaricista,Sinônimo
5516,225345,Médico hiperbárico,Sinônimo
5517,225345,Médico hiperbarista,Ocupação
5518,225195,Médico homeopata,Ocupação
5519,225110,Médico imunologista,Sinônimo
5520,225125,Médico internista,Sinônimo
5521,225335,Médico laboratorista,Sinônimo
5522,225106,Médico legista,Ocupação
5523,225255,Médico mastologista,Ocupação
5524,225155,Médico metabolista,Sinônimo
5525,225170,Médico militar,Sinônimo
5526,225109,Médico nefrologista,Ocupação
5527,225260,Médico neurocirurgião,Ocupação
5528,225260,Médico neurocirurgião pediátrico,Sinônimo
5529,225350,Médico neurofisiologista,Sinônimo
5530,225350,Médico neurofisiologista clínico,Ocupação
5531,225112,Médico neurologista,Ocupação
5532,225112,Médico neuropediatra,Sinônimo
5533,225315,Médico nuclear,Sinônimo
5534,225118,Médico nutrologista,Ocupação
5535,225118,Médico nutrólogo,Sinônimo
5536,225250,Médico obstetra,Sinônimo
5537,225265,Médico oftalmologista,Ocupação
5538,225290,Médico oncologista cirúrgico,Sinônimo
5539,225121,Médico oncologista clínico,Ocupação
5540,225270,Médico ortopedista,Sinônimo
5541,225270,Médico ortopedista e traumatologista,Ocupação
5542,225275,Médico otorrinolaringologista,Ocupação
5543,225325,Médico patologista,Ocupação
5544,225335,Médico patologista clínico,Sinônimo
5545,225124,Médico pediatra,Ocupação
5546,225127,Médico pneumologista,Ocupação
5547,225127,Médico pneumotisiologista,Sinônimo
5548,225280,Médico proctologista,Sinônimo
5549,225133,Médico psicanalista,Sinônimo
5550,225133,Médico psicoterapeuta,Sinônimo
5551,225133,Médico psiquiatra,Ocupação
5552,225320,Médico radiologista,Sinônimo
5553,225330,Médico radioterapeuta,Ocupação
5554,225136,Médico reumatologista,Ocupação
5555,225139,Médico sanitarista,Ocupação
5556,225270,Médico traumatologista,Sinônimo
5557,225285,Médico urologista,Ocupação
5558,223305,Médico veterinário,Ocupação
5559,223305,Médico veterinário de saúde pública,Sinônimo
5560,223305,Médico veterinário sanitarista,Sinônimo
5561,2251,MÉDICOS CLÍNICOS,Família
5562,2252,MÉDICOS EM ESPECIALIDADES CIRÚRGICAS,Família
5563,2253,MÉDICOS EM MEDICINA DIAGNÓSTICA E TERAPÊUTICA,Família
5564,621005,Meeiro - na agropecuária - exclusive conta própria e empregador,Sinônimo
5565,611005,Meeiro na agropecuária - conta própria,Sinônimo
5566,612005,Meeiro polivalente,Sinônimo
5567,717020,Meia-colher,Sinônimo
5568,711405,Meia-praça (garimpo),Sinônimo
5569,377110,Meio campista no futebol,Sinônimo
5570,911205,Meio oficial mecânico de ar condicionado,Sinônimo
5571,263105,Mejitó,Sinônimo
5572,842105,Melaceador (cultura do fumo),Sinônimo
5573,613405,Meleiro,Sinônimo
5574,113015,Membro de liderança quilombola,Ocupação
5575,111225,Membro superior do poder executivo,Ocupação
5576,2422,MEMBROS DO MINISTÉRIO PÚBLICO,Família
5577,261515,Memorialista de ficção,Sinônimo
5578,261520,Memorialista de não-ficção,Sinônimo
5579,421210,Mensageira,Sinônimo
5580,412205,Mensageiro,Sinônimo
5581,415205,Mensageiro (correios e telégrafos),Sinônimo
5582,412205,Mensageiro externo,Sinônimo
5583,412205,Mensageiro interno,Sinônimo
5584,263105,Meôncia,Sinônimo
5585,141410,Merceeiro,Sinônimo
5586,761425,Mercerizador de fios e tecidos,Sinônimo
5587,513205,Merendeiro,Sinônimo
5588,519805,Meretriz,Sinônimo
5589,781705,Mergulhador,Sinônimo
5590,631015,Mergulhador - pescador de lagosta,Sinônimo
5591,781705,Mergulhador profissional (raso e profundo),Ocupação
5592,519805,Messalina,Sinônimo
5593,720105,Mestre (afiador de ferramentas),Ocupação
5594,710205,Mestre (construção civil),Ocupação
5595,750105,Mestre (fabricação de artigos de ourivesaria e joalheria),Sinônimo
5596,720210,Mestre (indústria de automotores e material de transportes),Ocupação
5597,810205,Mestre (indústria de borracha e plástico),Ocupação
5598,760405,Mestre (indústria de calçados e artefatos de couro),Sinônimo
5599,830105,Mestre (indústria de celulose; papel e papelão),Ocupação
5600,770105,Mestre (indústria de madeira e mobiliário),Ocupação
5601,720215,Mestre (indústria de máquinas e outros equipamentos mecânicos),Ocupação
5602,810105,Mestre (indústria petroquímica e carboquímica),Ocupação
5603,760125,Mestre (indústria têxtil e de confecções),Ocupação
5604,750105,Mestre (lapidação de pedras preciosas),Sinônimo
5605,720145,Mestre acabador de produtos extrusados,Sinônimo
5606,720110,Mestre caldeireiro,Sinônimo
5607,770110,Mestre carpinteiro,Ocupação
5608,840110,Mestre cervejeiro,Sinônimo
5609,840105,Mestre chocolateiro,Sinônimo
5610,840110,Mestre da indústria de bebidas,Sinônimo
5611,840115,Mestre da indústria de fumo,Sinônimo
5612,730105,Mestre da indústria de material elétrico e eletrônico,Sinônimo
5613,750205,Mestre da indústria de minerais não metálicos (exceto os derivados de petróleo e carvão)   Sinônimo,
5614,840105,Mestre da indústria de produtos alimentícios,Sinônimo
5615,760605,Mestre das artes gráficas (indústria editorial e gráfica),Sinônimo
5616,760125,Mestre de acabamento de fios,Sinônimo
5617,810205,Mestre de acabamento de peças (plástico e borracha),Sinônimo
5618,760125,Mestre de acabamento em confecção,Sinônimo
5619,820110,Mestre de aciaria,Ocupação
5620,720150,Mestre de ajustagem e usinagem,Sinônimo
5621,820115,Mestre de alto-forno,Ocupação
5622,760125,Mestre de alvejamento de tecidos,Sinônimo
5623,720130,Mestre de anodização,Sinônimo
5624,262615,Mestre de banda,Sinônimo
5625,262615,Mestre de bateria,Sinônimo
5626,760125,Mestre de bobinadeira têxtil,Sinônimo
5627,341210,Mestre de cabotagem,Ocupação
5628,720110,Mestre de caldeiraria,Ocupação
5629,376330,Mestre de cerimonias,Ocupação
5630,760125,Mestre de cerzideira,Sinônimo
5631,840105,Mestre de conservas,Sinônimo
5632,710205,Mestre de construção civil,Sinônimo
5633,720115,Mestre de construção de ferramentas e dispositivos,Sinônimo
5634,720220,Mestre de construção de fornos,Ocupação
5635,720115,Mestre de construção de matrizes,Sinônimo
5636,720115,Mestre de correção de ferramentas,Sinônimo
5637,720130,Mestre de cromação e lapidação de anéis,Sinônimo
5638,840110,Mestre de engarrafamento (bebidas),Sinônimo
5639,760125,Mestre de espularia,Sinônimo
5640,760125,Mestre de estampagem,Sinônimo
5641,720130,Mestre de estanhamento,Sinônimo
5642,830105,Mestre de fabricação e montagem de caixas (papelão),Sinônimo
5643,720115,Mestre de ferramentaria,Ocupação
5644,720115,Mestre de ferramentas,Sinônimo
5645,760125,Mestre de fiação de algodão,Sinônimo
5646,760125,Mestre de fiação de juta,Sinônimo
5647,760125,Mestre de fiação de lã,Sinônimo
5648,760125,Mestre de fiação de linho,Sinônimo
5649,760125,Mestre de fiação de tecelagem,Sinônimo
5650,760125,Mestre de fiação e tecelagem de rami,Sinônimo
5651,720120,Mestre de forjaria,Ocupação
5652,820120,Mestre de forno de resistência,Sinônimo
5653,820120,Mestre de forno elétrico,Ocupação
5654,720125,Mestre de forno fundição,Sinônimo
5655,760605,Mestre de fotogravuras,Sinônimo
5656,760605,Mestre de fotolito,Sinônimo
5657,720125,Mestre de fundição,Ocupação
5658,720125,Mestre de fundição de alumínio,Sinônimo
5659,720125,Mestre de fundição de materiais,Sinônimo
5660,720130,Mestre de galvanização,Sinônimo
5661,720130,Mestre de galvanoplastia,Ocupação
5662,760605,Mestre de gravação (indústria gráfica),Sinônimo
5663,760125,Mestre de indústria têxtil,Sinônimo
5664,720135,Mestre de inspeção de pinturas (tratamento de superfícies),Sinônimo
5665,710205,Mestre de instalações mecânicas de edifícios,Sinônimo
5666,820125,Mestre de laminação,Ocupação
5667,720125,Mestre de lingotamento,Sinônimo
5668,720125,Mestre de lingoteiras,Sinônimo
5669,720210,Mestre de linha de montagem (indústria automobilística),Sinônimo
5670,710210,Mestre de linhas (ferrovias),Ocupação
5671,720125,Mestre de macharia,Sinônimo
5672,760125,Mestre de malharia,Sinônimo
5673,911305,Mestre de manutenção de equipamento de solda,Sinônimo
5674,910125,Mestre de manutenção de máquinas de cardas,Sinônimo
5675,910125,Mestre de manutenção de máquinas de estampar tecidos,Sinônimo
5676,910125,Mestre de manutenção de máquinas de fiação,Sinônimo
5677,910105,Mestre de manutenção de máquinas de sistemas operacionais,Sinônimo
5678,910130,Mestre de manutenção de máquinas operatrizes,Sinônimo
5679,710205,Mestre de manutenção de obras civis,Sinônimo
5680,710205,Mestre de manutenção de prédios,Sinônimo
5681,910125,Mestre de manutenção de tecelagem,Sinônimo
5682,730105,Mestre de manutenção elétrica,Sinônimo
5683,950105,Mestre de manutenção elétrica (alta tensão),Sinônimo
5684,950105,Mestre de manutenção elétrica e equipamentos,Sinônimo
5685,950110,Mestre de manutenção eletromecânica,Sinônimo
5686,950110,Mestre de manutenção eletromecânica de equipamentos,Sinônimo
5687,730105,Mestre de manutenção eletrônica,Sinônimo
5688,910105,Mestre de manutenção industrial de máquinas,Sinônimo
5689,910105,Mestre de manutenção mecânica de sistemas operacionais,Sinônimo
5690,840105,Mestre de massas alimentícias,Sinônimo
5691,720125,Mestre de molde manual,Sinônimo
5692,730105,Mestre de montagem de motores elétricos,Sinônimo
5693,720130,Mestre de niquelagem,Sinônimo
5694,710205,Mestre de obras,Sinônimo
5695,341210,Mestre de pequena cabotagem,Sinônimo
5696,720135,Mestre de pintura (tratamento de superfícies),Ocupação
5697,720130,Mestre de pintura galvanoplástica,Sinônimo
5698,720130,Mestre de polimento e banho (metais),Sinônimo
5699,840115,Mestre de preparação de fumo,Sinônimo
5700,760125,Mestre de preparação de tear,Sinônimo
5701,760125,Mestre de preparação de tecelagem,Sinônimo
5702,760125,Mestre de preparação e revisão de bordados,Sinônimo
5703,720215,Mestre de produção (indústria de máquinas e outros equipamentos mecânicos)   Sinônimo,
5704,760605,Mestre de produção (indústria gráfica),Sinônimo
5705,720125,Mestre de produção de fundição de alumínio,Sinônimo
5706,810305,Mestre de produção farmacêutica,Ocupação
5707,810110,Mestre de produção química,Ocupação
5708,760125,Mestre de retorcedeira,Sinônimo
5709,720110,Mestre de seção de caldeiraria,Sinônimo
5710,720110,Mestre de seção de caldeiraria leve,Sinônimo
5711,720110,Mestre de seção de caldeiraria pesada,Sinônimo
5712,720120,Mestre de seção de forjaria (fornos),Sinônimo
5713,720125,Mestre de seção de fundição,Sinônimo
5714,720150,Mestre de seção de usinagem,Sinônimo
5715,760605,Mestre de serviços gráficos,Sinônimo
5716,820105,Mestre de siderurgia,Ocupação
5717,720140,Mestre de solda e corte,Sinônimo
5718,720140,Mestre de soldagem,Ocupação
5719,710210,Mestre de supervisão de linhas (ferrovias),Sinônimo
5720,760125,Mestre de tecelagem,Sinônimo
5721,760125,Mestre de tecelagem de juta,Sinônimo
5722,760125,Mestre de tecelagem de malhas,Sinônimo
5723,760125,Mestre de tecelagem de máquina circular,Sinônimo
5724,760125,Mestre de tecelagem de rendas,Sinônimo
5725,760125,Mestre de tecelagem de telas,Sinônimo
5726,760125,Mestre de texturização de fios,Sinônimo
5727,760125,Mestre de tingimento (indústria têxtil e de confecções),Sinônimo
5728,760125,Mestre de torção de fios,Sinônimo
5729,720145,Mestre de trefilação (metal),Sinônimo
5730,720145,Mestre de trefilação de metais,Ocupação
5731,760125,Mestre de urdimento,Sinônimo
5732,720150,Mestre de usinagem,Ocupação
5733,720150,Mestre de usinagem e montagem,Sinônimo
5734,720130,Mestre de zincagem,Sinônimo
5735,840120,Mestre doceiro,Sinônimo
5736,860105,Mestre e contramestre de manutenção de serviço de esgoto,Sinônimo
5737,860115,Mestre e contramestre de produção e distribuição de água,Sinônimo
5738,730105,Mestre eletricista de bobinas estacionárias,Sinônimo
5739,950105,Mestre eletricista de manutenção,Sinônimo
5740,730105,Mestre eletricista enrolador de bobinas,Sinônimo
5741,750105,Mestre em artigos de ourivesaria e joalheria,Sinônimo
5742,720120,Mestre ferreiro,Sinônimo
5743,341215,Mestre fluvial,Ocupação
5744,720125,Mestre fundidor a pressão,Sinônimo
5745,760605,Mestre gravador de clichê,Sinônimo
5746,760125,Mestre gravador têxtil,Sinônimo
5747,760605,Mestre impressor,Sinônimo
5748,760605,Mestre impressor calcográfico,Sinônimo
5749,760605,Mestre impressor de off-set,Sinônimo
5750,760605,Mestre litográfico,Sinônimo
5751,910125,Mestre mecânico de conicaleira,Sinônimo
5752,720145,Mestre mecânico de extrusão de alumínio,Sinônimo
5753,720130,Mestre niquelador,Sinônimo
5754,840105,Mestre padeiro,Sinônimo
5755,760405,Mestre sapateiro,Sinônimo
5756,720155,Mestre serralheiro,Ocupação
5757,720155,Mestre serralheiro de alumínio,Sinônimo
5758,720155,Mestre serralheiro de estamparia,Sinônimo
5759,760605,Mestre tipógrafo,Sinônimo
5760,752105,Mestre vidreiro,Sinônimo
5761,225155,Metabolista,Sinônimo
5762,225155,Metabologista,Sinônimo
5763,723225,Metalizador (banho quente),Ocupação
5764,723220,Metalizador a pistola,Ocupação
5765,314620,Metalógrafo (técnico),Sinônimo
5766,213315,Meteorologista,Ocupação
5767,352305,Metrologista,Ocupação
5768,352305,Metrologista auxiliar,Sinônimo
5769,201210,Metrologista de calibrações,Sinônimo
5770,263105,Metropolita,Sinônimo
5771,519805,Michê,Sinônimo
5772,221105,Microbiologista,Sinônimo
5773,374140,Microfonista,Ocupação
5774,262505,Mímico,Sinônimo
5775,711130,Mineiro,Ocupação
5776,711130,Minerador,Sinônimo
5777,711405,Minerador - no garimpo,Sinônimo
5778,613415,Minhocultor,Ocupação
5779,613415,Minhoqueiro,Sinônimo
5780,623415,Minhoqueiro - exclusive conta própria e empregador,Sinônimo
5781,752105,Miniaturista (artesão de vidros),Sinônimo
5782,111405,Ministro (diplomacia),Sinônimo
5783,263105,Ministro da eucaristia,Sinônimo
5784,263105,Ministro das ezéquias,Sinônimo
5785,263105,Ministro de culto religioso,Ocupação
5786,111215,Ministro de estado,Ocupação
5787,111320,Ministro do superior tribunal do trabalho,Ocupação
5788,111315,Ministro do superior tribunal militar,Ocupação
5789,111310,Ministro do superior tribunal de justiça,Ocupação
5790,111305,Ministro do supremo tribunal federal,Ocupação
5791,2631,MINISTROS DE CULTO; MISSIONÁRIOS; TEÓLOGOS E PROFISSIONAIS ASSEMELHADOS   Família,
5792,263110,Missionário,Ocupação
5793,263110,Missionário leigo,Sinônimo
5794,263110,Missionário religioso,Sinônimo
5795,722325,Misturador de areias - em fundição,Sinônimo
5796,841605,Misturador de café,Ocupação
5797,841630,Misturador de chá ou mate,Ocupação
5798,842105,Misturador de essência (fumo),Sinônimo
5799,823210,Misturador de fios de fibras de vidro,Sinônimo
5800,841810,Misturador de massas alimentícias,Sinônimo
5801,811130,Misturador de tintas,Sinônimo
5802,841740,Misturador de vinagre,Sinônimo
5803,841720,Misturador de vinhos,Sinônimo
5804,631315,Mitilicutor,Sinônimo
5805,848525,Miudeiro em matadouro,Sinônimo
5806,374130,Mixador,Sinônimo
5807,841115,Moageiro,Sinônimo
5808,782715,Moço de convés,Sinônimo
5809,782715,Moço de convés (marítimo e fluviário),Ocupação
5810,782720,Moço de máquinas,Sinônimo
5811,782720,Moço de máquinas (marítimo e fluviário),Ocupação
5812,848525,Mocotozeiro em matadouro,Sinônimo
5813,811750,Modador-prensista (borracha),Sinônimo
5814,752320,Modelador ceramista,Sinônimo
5815,765010,Modelador de chapéus,Sinônimo
5816,721115,Modelador de ferramentaria,Sinônimo
5817,771110,Modelador de fundição (madeira),Sinônimo
5818,771110,Modelador de madeira,Ocupação
5819,721115,Modelador de metais (fundição),Ocupação
5820,752320,Modelador de porcelana,Sinônimo
5821,752320,Modelador em cerâmica,Sinônimo
5822,763010,Modelista,Sinônimo
5823,318815,Modelista de calçados,Ocupação
5824,771110,Modelista de madeira,Sinônimo
5825,318810,Modelista de roupas,Ocupação
5826,752320,Modelista em cerâmica,Sinônimo
5827,376410,"Modelo ""fashion""",Sinônimo
5828,376405,Modelo artístico,Ocupação
5829,376415,Modelo comercial,Sinônimo
5830,376415,Modelo de detalhes,Sinônimo
5831,376415,Modelo de editorial de moda,Sinônimo
5832,376410,Modelo de modas,Ocupação
5833,376410,Modelo de passarela,Sinônimo
5834,376415,Modelo fotográfico,Sinônimo
5835,376405,Modelo fotográfico de nu artístico,Sinônimo
5836,376415,Modelo fotográfico de workshop,Sinônimo
5837,376415,Modelo publicitário,Ocupação
5838,376405,Modelo vivo,Sinônimo
5839,3764,MODELOS,Família
5840,841615,Moedor de café,Ocupação
5841,841110,Moedor de condimento,Sinônimo
5842,841110,Moedor de especiarias,Sinônimo
5843,841115,Moedor de farinha,Sinônimo
5844,841205,Moedor de sal,Ocupação
5845,841105,Moendeiro (farinheiro),Sinônimo
5846,632310,Moezeiro - na exploração do babaçu,Sinônimo
5847,752110,Moldador (vidros),Ocupação
5848,823230,Moldador de abrasivos na fabricação de cerâmica; vidro e porcelana,Ocupação
5849,722320,Moldador de bloco - na fundição,Sinônimo
5850,811750,Moldador de borracha,Sinônimo
5851,811750,Moldador de borracha por compressão,Ocupação
5852,752325,Moldador de cerâmica,Sinônimo
5853,768125,Moldador de chapéus de palha,Sinônimo
5854,715310,Moldador de corpos de prova em usinas de concreto,Ocupação
5855,722320,Moldador de fundição (metais),Sinônimo
5856,752110,Moldador de lentes,Sinônimo
5857,722305,Moldador de machos (manual),Sinônimo
5858,722320,Moldador de metal,Sinônimo
5859,811735,Moldador de parafinas,Sinônimo
5860,811760,Moldador de plástico,Sinônimo
5861,811760,Moldador de plástico por compressão,Ocupação
5862,811770,Moldador de plástico por injeção,Ocupação
5863,318810,Moldador de roupas,Sinônimo
5864,722315,Moldador em areia,Sinônimo
5865,752325,Moldador em barbotina,Sinônimo
5866,752325,Moldador em cerâmica,Sinônimo
5867,722305,Moldador macheiro (manual),Sinônimo
5868,811750,Moldador prensista (borracha),Sinônimo
5869,722315,Moldador; a mão,Ocupação
5870,848210,Moldeador de queijo,Sinônimo
5871,811105,Moleiro (tratamentos químicos e afins),Ocupação
5872,841105,Moleiro de cereais (exceto arroz),Ocupação
5873,841110,Moleiro de especiarias,Ocupação
5874,712105,Moleiro de minérios,Ocupação
5875,263105,Monge,Sinônimo
5876,263105,Monge budista,Sinônimo
5877,263105,Monge oficial responsável por templo budista (Jushoku),Sinônimo
5878,620105,Monitor agrícola,Sinônimo
5879,371405,Monitor de acampamento,Sinônimo
5880,371405,Monitor de acantonamento,Sinônimo
5881,334110,Monitor de alunos,Sinônimo
5882,422215,Monitor de apoio ao teleatendimento,Sinônimo
5883,239225,Monitor de braile,Sinônimo
5884,421310,Monitor de cobrança,Sinônimo
5885,515315,Monitor de dependente químico,Ocupação
5886,371410,Monitor de entretenimento,Sinônimo
5887,371410,Monitor de esportes e lazer,Sinônimo
5888,331305,Monitor de nível médio no ensino profissionalizante,Sinônimo
5889,517425,Monitor de prevenção de perdas,Sinônimo
5890,371410,Monitor de recreação,Sinônimo
5891,951320,Monitor de sistemas eletrônicos de segurança externo,Ocupação
5892,951315,Monitor de sistemas eletrônicos de segurança interno,Ocupação
5893,422215,Monitor de teleatendimento,Ocupação
5894,334115,Monitor de transporte escolar,Ocupação
5895,371410,Monitor infantil,Sinônimo
5896,951315,Monitor interno de alarmes,Sinônimo
5897,317210,Monitorador de sistemas e suporte ao usuário,Sinônimo
5898,768615,Monotipista,Ocupação
5899,263105,Monsenhor,Sinônimo
5900,374420,Montador,Sinônimo
5901,374420,Montador cinematográfico,Sinônimo
5902,725105,Montador de acessórios,Sinônimo
5903,715515,Montador de andaimes (cenários),Sinônimo
5904,715545,Montador de andaimes (edificações),Ocupação
5905,731135,Montador de aparelhos elétricos,Sinônimo
5906,731150,Montador de aparelhos eletroeletrônicos,Sinônimo
5907,731150,Montador de aparelhos eletrônicos,Sinônimo
5908,766120,Montador de arte final,Sinônimo
5909,765315,Montador de artefatos de couro (exceto roupas e calçados),Ocupação
5910,774105,Montador de artefatos de madeira,Sinônimo
5911,725505,Montador de automóveis,Sinônimo
5912,919315,Montador de bicicletas,Ocupação
5913,731170,Montador de bobinas,Sinônimo
5914,765215,Montador de brinquedos de pano,Sinônimo
5915,784105,Montador de caixa de papelão,Sinônimo
5916,774105,Montador de caixas de madeira,Sinônimo
5917,774105,Montador de caixotes de madeira,Sinônimo
5918,764210,Montador de calçados,Ocupação
5919,764115,Montador de calçados (parte superior),Sinônimo
5920,775110,Montador de capas trabalhadas,Sinônimo
5921,725505,Montador de carroceria,Sinônimo
5922,731125,Montador de centrais elétricas,Sinônimo
5923,731305,Montador de centrais telefônicas,Sinônimo
5924,725505,Montador de chassi,Sinônimo
5925,766145,Montador de clichês,Sinônimo
5926,766145,Montador de clichês sobre suportes,Sinônimo
5927,731140,Montador de comandos e sinalização,Sinônimo
5928,731110,Montador de computadores e equipamentos auxiliares,Sinônimo
5929,731130,Montador de dínamos,Sinônimo
5930,731120,Montador de eletrodomésticos,Sinônimo
5931,731155,Montador de elevadores e similares,Sinônimo
5932,784105,Montador de embalagens,Sinônimo
5933,774105,Montador de engradados de madeira,Sinônimo
5934,725105,Montador de equipamento de escritório,Sinônimo
5935,725305,Montador de equipamento de levantamento,Ocupação
5936,725305,Montador de equipamentos de levantamento e movimentação,Sinônimo
5937,731205,Montador de equipamentos de radar,Sinônimo
5938,731205,Montador de equipamentos de telecomunicações,Sinônimo
5939,731135,Montador de equipamentos elétricos,Ocupação
5940,731120,Montador de equipamentos elétricos (aparelhos eletrodomésticos),Ocupação
5941,731125,Montador de equipamentos elétricos (centrais elétricas),Ocupação
5942,731155,Montador de equipamentos elétricos (elevadores e equipamentos similares)   Ocupação,
5943,731115,Montador de equipamentos elétricos (instrumentos de medição),Ocupação
5944,731130,Montador de equipamentos elétricos (motores e dínamos),Ocupação
5945,731150,Montador de equipamentos eletrônicos,Ocupação
5946,731105,Montador de equipamentos eletrônicos (aparelhos médicos),Ocupação
5947,731110,Montador de equipamentos eletrônicos (computadores e equipamentos auxiliares),Ocupação
5948,731205,Montador de equipamentos eletrônicos (estação de rádio; tv e equipamentos de radar)   Ocupação,
5949,731140,Montador de equipamentos eletrônicos (instalações de sinalização),Ocupação
5950,731145,Montador de equipamentos eletrônicos (máquinas industriais),Ocupação
5951,731205,Montador de equipamentos eletrônicos (rádio e tv ),Sinônimo
5952,715510,Montador de esquadrias de madeira,Sinônimo
5953,724205,Montador de estruturas de aço,Sinônimo
5954,725605,Montador de estruturas de aeronaves,Ocupação
5955,724205,Montador de estruturas metálicas,Ocupação
5956,724210,Montador de estruturas metálicas de embarcações,Ocupação
5957,724210,Montador de estruturas navais,Sinônimo
5958,523115,Montador de fechaduras,Sinônimo
5959,374420,Montador de filmes,Ocupação
5960,374420,Montador de filmes de cinema,Sinônimo
5961,766125,Montador de fotocomposição,Sinônimo
5962,766125,Montador de fotolito (analógico e digital),Ocupação
5963,766125,Montador de fotolito em cores,Sinônimo
5964,725705,Montador de instalação de calefação; ventilação e refrigeração,Sinônimo
5965,731115,Montador de instrumentos elétricos de medição,Sinônimo
5966,742115,Montador de instrumentos de corda,Sinônimo
5967,741110,Montador de instrumentos de óptica,Ocupação
5968,741115,Montador de instrumentos de precisão,Ocupação
5969,775110,Montador de lâminas,Sinônimo
5970,725105,Montador de máquina de escrever,Sinônimo
5971,725205,Montador de máquinas,Ocupação
5972,725105,Montador de máquinas (montagem em série),Sinônimo
5973,725310,Montador de máquinas agrícolas,Ocupação
5974,725315,Montador de máquinas de extração e beneficiamento de minérios,Sinônimo
5975,725220,Montador de máquinas de fiação,Sinônimo
5976,725315,Montador de máquinas de minas e pedreiras,Ocupação
5977,725320,Montador de máquinas de terraplenagem,Ocupação
5978,725210,Montador de máquinas gráficas,Ocupação
5979,725215,Montador de máquinas operatrizes para madeira,Ocupação
5980,725220,Montador de máquinas têxteis,Ocupação
5981,725105,Montador de máquinas; motores e acessórios (montagem em série),Ocupação
5982,725225,Montador de máquinas-ferramentas (usinagem de metais),Ocupação
5983,712205,Montador de mármore,Sinônimo
5984,725505,Montador de motores (grupo motopropulsor-gmp),Sinônimo
5985,725415,Montador de motores a diesel,Sinônimo
5986,725415,Montador de motores a explosão,Sinônimo
5987,725415,Montador de motores a gasolina,Sinônimo
5988,774105,Montador de móveis de madeira,Sinônimo
5989,774105,Montador de móveis e artefatos de madeira,Ocupação
5990,774105,Montador de paletes,Sinônimo
5991,992115,Montador de pneus,Sinônimo
5992,725305,Montador de pontes rolantes,Sinônimo
5993,768120,Montador de punho de rede,Sinônimo
5994,764120,Montador de saltos de calçados,Sinônimo
5995,725610,Montador de sistemas de combustível de aeronaves,Ocupação
5996,951305,Montador de sistemas eletroeletrônicos de segurança,Sinônimo
5997,768110,Montador de tapetes,Sinônimo
5998,771120,Montador de tonéis,Sinônimo
5999,731160,Montador de transformadores,Sinônimo
6000,725420,Montador de turbinas,Sinônimo
6001,725505,Montador de veículos (linha de montagem),Ocupação
6002,991310,Montador de veículos (reparação),Ocupação
6003,725505,Montador de veículos automotores (linha de montagem),Sinônimo
6004,716305,Montador de vidros,Sinônimo
6005,766325,Montador gráfico de corte e vinco,Sinônimo
6006,725105,Montador instalador de acessórios,Sinônimo
6007,725205,Montador mecânico (máquinas industriais),Sinônimo
6008,725310,Montador mecânico de máquinas agrícolas,Sinônimo
6009,725320,Montador mecânico de máquinas de terraplenagem,Sinônimo
6010,725310,Montador multifuncional em máquinas agrícolas,Sinônimo
6011,724210,Montador naval,Sinônimo
6012,724210,Montador naval (estruturas),Sinônimo
6013,724315,Montador soldador,Sinônimo
6014,725105,Montador; a mão,Sinônimo
6015,7312,MONTADORES DE APARELHOS DE TELECOMUNICAÇÕES,Família
6016,7311,MONTADORES DE EQUIPAMENTOS ELETROELETRÔNICOS,Família
6017,7153,MONTADORES DE ESTRUTURAS DE CONCRETO ARMADO,Família
6018,7252,MONTADORES DE MÁQUINAS INDUSTRIAIS,Família
6019,7253,MONTADORES DE MÁQUINAS PESADAS E EQUIPAMENTOS AGRÍCOLAS,Família
6020,7741,MONTADORES DE MÓVEIS E ARTEFATOS DE MADEIRA,Família
6021,7256,MONTADORES DE SISTEMAS E ESTRUTURAS DE AERONAVES,Família
6022,7255,MONTADORES DE VEÍCULOS AUTOMOTORES (LINHA DE MONTAGEM),Família
6023,513110,Mordomo de hotelaria,Ocupação
6024,513105,Mordomo de residência,Ocupação
6025,5131,MORDOMOS E GOVERNANTAS,Família
6026,113005,Morubixaba,Sinônimo
6027,716530,Mosaísta,Ocupação
6028,263105,Mosoyoyó,Sinônimo
6029,5191,MOTOCICLISTAS E CICLISTAS DE ENTREGAS RÁPIDAS,Família
6030,519110,Motofretista,Ocupação
6031,782305,Motorista no serviço doméstico,Sinônimo
6032,782310,Motorista auxiliar,Sinônimo
6033,782310,Motorista auxiliar de tráfego,Sinônimo
6034,782510,Motorista carreteiro,Sinônimo
6035,782320,Motorista de ambulância,Sinônimo
6036,782305,Motorista de automóveis,Sinônimo
6037,782510,Motorista de basculante,Sinônimo
6038,782510,Motorista de caminhão,Sinônimo
6039,782510,Motorista de caminhão (rotas regionais e internacionais),Ocupação
6040,782510,Motorista de caminhão leve,Sinônimo
6041,782510,Motorista de caminhão-basculante,Sinônimo
6042,782510,Motorista de caminhão-betoneira,Sinônimo
6043,782515,Motorista de caminhão-guincho leve,Sinônimo
6044,782515,Motorista de caminhão-guincho médio,Sinônimo
6045,782515,Motorista de caminhão-guincho pesado com munk,Sinônimo
6046,782515,Motorista de caminhão-guindaste,Sinônimo
6047,782510,Motorista de caminhão-pipa,Sinônimo
6048,782510,Motorista de caminhão-tanque,Sinônimo
6049,782310,Motorista de carga a frete,Sinônimo
6050,782305,Motorista de carro de passeio,Ocupação
6051,782310,Motorista de carro forte,Sinônimo
6052,782220,Motorista de empilhadeira,Sinônimo
6053,782310,Motorista de furgão,Sinônimo
6054,782310,Motorista de furgão ou veículo similar,Ocupação
6055,782310,Motorista de kombi,Sinônimo
6056,782405,Motorista de ônibus rodoviário,Ocupação
6057,782410,Motorista de ônibus urbano,Ocupação
6058,782310,Motorista de perua,Sinônimo
6059,782315,Motorista de praça,Sinônimo
6060,782315,Motorista de táxi,Ocupação
6061,782415,Motorista de trólebus,Ocupação
6062,782310,Motorista entregador,Sinônimo
6063,782310,Motorista manipulador,Sinônimo
6064,782515,Motorista operacional de guincho,Ocupação
6065,715405,Motorista operador de betoneira,Sinônimo
6066,715410,Motorista operador de bomba de concreto,Sinônimo
6067,782510,Motorista operador de caminhão-betoneira,Sinônimo
6068,782305,Motorista particular,Sinônimo
6069,782305,Motorista segurança,Sinônimo
6070,7824,MOTORISTAS DE ÔNIBUS URBANOS; METROPOLITANOS E RODOVIÁRIOS   Família,
6071,7825,MOTORISTAS DE VEÍCULOS DE CARGAS EM GERAL,Família
6072,7823,MOTORISTAS DE VEÍCULOS DE PEQUENO E MÉDIO PORTE,Família
6073,782620,Motorneiro,Ocupação
6074,519115,Mototaxista,Ocupação
6075,771105,Moveleiro - exclusive empregador,Sinônimo
6076,263105,Muézin,Sinônimo
6077,263115,Mufti,Sinônimo
6078,782810,Muladeiro,Sinônimo
6079,141410,Muladeiro (comércio varejista),Sinônimo
6080,141410,Mulandeiro,Sinônimo
6081,519805,Mulher da vida,Sinônimo
6082,261310,Museólogo,Ocupação
6083,262610,Músico arranjador,Ocupação
6084,262705,Músico intérprete cantor,Ocupação
6085,262705,Músico intérprete cantor erudito,Sinônimo
6086,262705,Músico intérprete cantor popular,Sinônimo
6087,262710,Músico intérprete instrumentista,Ocupação
6088,262710,Músico intérprete instrumentista erudito,Sinônimo
6089,262710,Músico intérprete instrumentista popular,Sinônimo
6090,262615,Músico regente,Ocupação
6091,262620,Musicólogo,Ocupação
6092,2626,MÚSICOS COMPOSITORES; ARRANJADORES; REGENTES E MUSICÓLOGOS   Família,
6093,2627,MÚSICOS INTÉRPRETES,Família
6094,226305,Musicoterapeuta,Ocupação
6095,261725,Narrador em programas de rádio e televisão,Ocupação
6096,261725,Narrador esportivo,Sinônimo
6097,226320,Naturólogo,Ocupação
6098,322125,Naturopata,Sinônimo
6099,225109,Nefrologista,Sinônimo
6100,141405,Negociante (comércio atacadista ),Sinônimo
6101,141410,Negociante (comércio varejista - empregador),Sinônimo
6102,141410,Negociante (comércio varejista),Sinônimo
6103,225124,Neonatologista,Sinônimo
6104,225260,Neurocirurgião,Sinônimo
6105,225260,Neurocirurgião pediátrico,Sinônimo
6106,225350,Neurofisiologista clínico,Sinônimo
6107,225112,Neurologista,Sinônimo
6108,225112,Neuropediatra,Sinônimo
6109,251545,Neuropsicólogo,Ocupação
6110,225133,Neuropsiquiatra,Sinônimo
6111,263105,Nhanderú arandú,Sinônimo
6112,723225,Niquelador,Sinônimo
6113,263105,Nisosan,Sinônimo
6114,263105,Nochê,Sinônimo
6115,723110,Normalizador de metais e de compósitos,Ocupação
6116,241335,Notário,Sinônimo
6117,421315,Notificador,Sinônimo
6118,261515,Novelista (escritor),Sinônimo
6119,263105,Noviço,Sinônimo
6120,371205,Numismata,Sinônimo
6121,223710,Nutricionista,Ocupação
6122,223710,Nutricionista (saúde pública),Sinônimo
6123,2237,NUTRICIONISTAS,Família
6124,225118,Nutrologista,Sinônimo
6125,263115,Obá,Sinônimo
6126,263105,Oboosan,Sinônimo
6127,263110,Obreiro bíblico,Sinônimo
6128,377220,Observador (futebol),Sinônimo
6129,225250,Obstetra,Sinônimo
6130,213440,Oceanógrafo,Ocupação
6131,213440,Oceanólogo,Sinônimo
6132,225265,Oculista,Sinônimo
6133,223276,Odontologia ocupacional,Sinônimo
6134,223208,Odontologista,Sinônimo
6135,223272,Odontologista social,Sinônimo
6136,223208,Odontólogo,Sinônimo
6137,223268,Odontólogo (cirurgia e traumatologia bucomaxilofacial),Sinônimo
6138,223272,Odontólogo de saúde coletiva,Sinônimo
6139,223272,Odontólogo de saúde pública,Sinônimo
6140,223256,Odontólogo protesista,Sinônimo
6141,223212,Odontólogo-endodontista,Sinônimo
6142,223236,Odontopediatra,Sinônimo
6143,223260,Odontoradiologista,Sinônimo
6144,412205,Office-boy,Sinônimo
6145,0102,OFICIAIS DAS FORÇAS ARMADAS,Família
6146,2151,OFICIAIS DE CONVÉS E AFINS,Família
6147,2152,OFICIAIS DE MÁQUINAS DA MARINHA MERCANTE,Família
6148,0101,OFICIAIS GENERAIS DAS FORÇAS ARMADAS,Família
6149,0302,OFICIAIS INTERMEDIÁRIOS DO CORPO DE BOMBEIROS MILITAR,Família
6150,0201,OFICIAIS SUPERIORES DA POLÍCIA MILITAR,Família
6151,0301,OFICIAIS SUPERIORES DO CORPO DE BOMBEIROS MILITAR,Família
6152,715505,Oficial carpinteiro,Sinônimo
6153,010205,Oficial da aeronáutica,Ocupação
6154,010215,Oficial da marinha,Ocupação
6155,377225,Oficial de arbitragem (futebol de salão),Sinônimo
6156,377240,Oficial de arbitragem (poloaquático),Sinônimo
6157,242905,Oficial de inteligência,Ocupação
6158,351425,Oficial de justiça,Ocupação
6159,514325,Oficial de manutenção,Sinônimo
6160,715725,Oficial de manutenção civil,Sinônimo
6161,514325,Oficial de manutenção predial,Sinônimo
6162,377215,Oficial de mesa (basquete),Sinônimo
6163,377230,Oficial de mesa (judô),Sinônimo
6164,516610,Oficial de obras - sepultador,Sinônimo
6165,377215,Oficial de quadra (basquete),Sinônimo
6166,215140,Oficial de quarto de navegação da marinha mercante,Ocupação
6167,351415,Oficial de registro,Sinônimo
6168,241305,Oficial de registro de contratos marítimos,Ocupação
6169,773340,Oficial de serra,Sinônimo
6170,514325,Oficial de serviços gerais na manutenção de edificações,Sinônimo
6171,010210,Oficial do exército,Ocupação
6172,241310,Oficial do registro civil de pessoas jurídicas,Ocupação
6173,241315,Oficial do registro civil de pessoas naturais,Ocupação
6174,241320,Oficial do registro de distribuições,Ocupação
6175,241325,Oficial do registro de imóveis,Ocupação
6176,241330,Oficial do registro de títulos e documentos,Ocupação
6177,377210,Oficial encarregado de painel de advertência,Sinônimo
6178,010105,Oficial general da aeronáutica,Ocupação
6179,010115,Oficial general da marinha,Ocupação
6180,010110,Oficial general do exército,Ocupação
6181,351425,Oficial judiciário,Sinônimo
6182,351425,Oficial legislativo,Sinônimo
6183,351405,Oficial maior,Sinônimo
6184,914405,Oficial mecânico de veículos,Sinônimo
6185,030305,Oficial subalterno do corpo de bombeiros militar,Sinônimo
6186,215205,Oficial superior de máquinas da marinha mercante,Ocupação
6187,242910,Oficial técnico de inteligência,Ocupação
6188,203010,Ofiologista,Sinônimo
6189,225265,Oftalmologista,Sinônimo
6190,828105,Oleiro (fabricação de telhas),Ocupação
6191,828110,Oleiro (fabricação de tijolos),Ocupação
6192,752310,Oleiro em torno de pedal,Sinônimo
6193,612310,Olericultor,Sinônimo
6194,612320,Olericultor de frutos e sementes,Sinônimo
6195,612315,Olericultor de talos; folhas e flores,Sinônimo
6196,263105,Olorixá,Sinônimo
6197,142340,Ombudsman,Sinônimo
6198,225121,Oncologista (clínico),Sinônimo
6199,225290,Oncologista cirúrgico,Sinônimo
6200,752425,Opacador,Sinônimo
6201,773510,Operador de seccionadora,Sinônimo
6202,811410,Operador auxiliar de destilação,Sinônimo
6203,761205,Operador batedor de fibras,Sinônimo
6204,422210,Operador bilíngüe (telefonia),Sinônimo
6205,841210,Operador braçal do refino de sal,Sinônimo
6206,712120,Operador britador,Sinônimo
6207,374305,Operador cinematográfico,Sinônimo
6208,253305,Operador de mercadorias e derivativos,Sinônimo
6209,862160,Operador de abastecimento de combustível de aeronave,Ocupação
6210,848505,Operador de abate em matadouro,Sinônimo
6211,761205,Operador de abertura (fiação),Ocupação
6212,761205,Operador de abridor de fibras,Sinônimo
6213,766315,Operador de acabamento (indústria gráfica),Ocupação
6214,722215,Operador de acabamento de peças fundidas,Ocupação
6215,821230,Operador de aciaria (basculamento de convertedor),Ocupação
6216,821235,Operador de aciaria (dessulfuração de gusa),Ocupação
6217,821240,Operador de aciaria (recebimento de gusa),Ocupação
6218,841715,Operador de adegas,Sinônimo
6219,641015,Operador de adubadeira,Sinônimo
6220,821205,Operador de alto-forno,Sinônimo
6221,712110,Operador de aparelho de flotação,Ocupação
6222,712115,Operador de aparelho de precipitação (minas de ouro ou prata),Ocupação
6223,811420,Operador de aparelho de reação e conversão (produtos químicos; exceto petróleo),Ocupação
6224,711315,Operador de aparelho de sonda por rotação (poço de petróleo),Sinônimo
6225,766125,Operador de aparelhos de preparação,Sinônimo
6226,821245,Operador de área de corrida,Ocupação
6227,342535,Operador de atendimento aeroviário,Ocupação
6228,422315,Operador de atendimento receptivo (telemarketing),Sinônimo
6229,823135,Operador de atomizador,Ocupação
6230,373205,Operador de áudio (estúdio de tv ),Sinônimo
6231,373105,Operador de aúdio (rádio),Sinônimo
6232,373105,Operador de áudio de continuidade (rádio),Ocupação
6233,373105,Operador de áudio de estúdio,Sinônimo
6234,373205,Operador de áudio externo na produção para televisão e produtora de vídeo,Sinônimo
6235,841440,Operador de autoclave (conservação de alimentos),Sinônimo
6236,782620,Operador de automotriz,Sinônimo
6237,715415,Operador de balança (concreto),Sinônimo
6238,414115,Operador de balanças rodoviárias,Sinônimo
6239,514315,Operador de balancim,Sinônimo
6240,764105,Operador de balancim na confecção de calçados,Sinônimo
6241,764105,Operador de balancim no corte de couro,Sinônimo
6242,811705,Operador de bambury,Sinônimo
6243,724315,Operador de banho de solda,Sinônimo
6244,823235,Operador de banho metálico de vidro por flutuação,Ocupação
6245,821230,Operador de basculamento de convertedor,Sinônimo
6246,715105,Operador de bate-estacas,Ocupação
6247,848215,Operador de batedeira na fabricação de laticínio,Sinônimo
6248,622210,Operador de batedor de fibras,Sinônimo
6249,862115,Operador de bateria de gás de hulha,Ocupação
6250,712110,Operador de beneficiamento de minérios,Sinônimo
6251,715405,Operador de betoneira,Ocupação
6252,761210,Operador de binadeira,Ocupação
6253,761215,Operador de bobinadeira,Ocupação
6254,821420,Operador de bobinadeira de tiras a quente; no acabamento de chapas e metais   Ocupação,
6255,253305,Operador de bolsa - pregão,Sinônimo
6256,253305,Operador de bolsa de mercadorias e futuros,Sinônimo
6257,811510,Operador de bomba (refinação de petróleo),Sinônimo
6258,715410,Operador de bomba de concreto,Ocupação
6259,862140,Operador de bombas (estação de bombeamento),Sinônimo
6260,862305,Operador de bombas no tratamento de água e efluentes,Sinônimo
6261,782620,Operador de bonde,Sinônimo
6262,831110,Operador de branqueador de pasta para fabricação de papel,Ocupação
6263,811115,Operador de britadeira (tratamentos químicos e afins),Ocupação
6264,811605,Operador de britador de coque,Ocupação
6265,712120,Operador de britador de mandíbulas,Ocupação
6266,374305,Operador de cabine cinematográfica,Sinônimo
6267,821425,Operador de cabine de laminação (fio-máquina),Ocupação
6268,373205,Operador de cabo na produção para televisão e produtora de vídeo,Sinônimo
6269,318010,Operador de cad (copista),Sinônimo
6270,421205,Operador de caixa lotérico,Sinônimo
6271,813110,Operador de calandra (química; petroquímica e afins),Ocupação
6272,724505,Operador de calandra (siderurgia),Sinônimo
6273,761415,Operador de calandras (tecidos),Ocupação
6274,811205,Operador de calcinação (tratamento químico e afins),Ocupação
6275,862120,Operador de caldeira,Ocupação
6276,862120,Operador de caldeira a vapor,Sinônimo
6277,841310,Operador de caleadeira na refinação de açúcar,Sinônimo
6278,841456,Operador de câmaras frias,Ocupação
6279,841456,Operador de câmaras frigoríficas,Sinônimo
6280,253305,Operador de câmbio/comércio exterior,Sinônimo
6281,372115,Operador de câmera,Sinônimo
6282,373205,Operador de câmera (estúdio de tv ),Sinônimo
6283,372115,Operador de câmera de televisão,Ocupação
6284,372115,Operador de câmera de vídeo,Sinônimo
6285,711205,Operador de caminhão (minas e pedreiras),Ocupação
6286,711205,Operador de caminhão fora de estrada,Sinônimo
6287,373205,Operador de caracteres na produção para televisão e produtora de vídeo,Sinônimo
6288,811615,Operador de carboquímico,Sinônimo
6289,761220,Operador de cardas,Ocupação
6290,821315,Operador de cardas de chapas grossas,Sinônimo
6291,783220,Operador de carga e descarga,Sinônimo
6292,711210,Operador de carregadeira,Ocupação
6293,821205,Operador de carregamento de alto-forno,Sinônimo
6294,374210,Operador de carrinho (travelling),Sinônimo
6295,821440,Operador de carro de aparas,Sinônimo
6296,722210,Operador de carro de lingotes,Sinônimo
6297,253305,Operador de carteiras internacionais,Sinônimo
6298,862140,Operador de casa de bomba,Sinônimo
6299,862150,Operador de casa de máquinas - exceto embarcações,Sinônimo
6300,992215,Operador de ceifadeira na conservação de vias permanentes,Ocupação
6301,712110,Operador de célula (aparelho de flotação),Sinônimo
6302,811115,Operador de central de britagem (tratamentos químicos e afins),Sinônimo
6303,715415,Operador de central de concreto,Ocupação
6304,373110,Operador de central de rádio,Ocupação
6305,862505,Operador de central de refrigeração,Sinônimo
6306,861105,Operador de central hidrelétrica,Ocupação
6307,861115,Operador de central termoelétrica,Ocupação
6308,861120,Operador de central termonuclear,Sinônimo
6309,811305,Operador de centrífuga (tratamentos químicos e afins),Sinônimo
6310,516310,Operador de centrífuga de roupas,Sinônimo
6311,811305,Operador de centrifugadora (tratamentos químicos e afins),Ocupação
6312,821105,Operador de centro de controle,Ocupação
6313,342410,Operador de centro de controle (ferrovia e metrô),Ocupação
6314,821205,Operador de centro de controle de alto-forno,Sinônimo
6315,821105,Operador de centro de controle de sinterização e pátios,Sinônimo
6316,821105,Operador de centro de controle e equipamentos da sinterização,Sinônimo
6317,821105,Operador de centro de controle e matéria-prima para sinterizar,Sinônimo
6318,317205,Operador de centro de processamento de dados,Sinônimo
6319,721405,Operador de centro de usinagem com comando numérico,Ocupação
6320,422205,Operador de centro telefônico,Sinônimo
6321,823250,Operador de cerâmica (fundição de vidro),Sinônimo
6322,761420,Operador de chamuscadeira de tecidos,Ocupação
6323,761420,Operador de chamuscadeira/desengomagem de tecidos,Sinônimo
6324,773125,Operador de circular automática (madeira),Sinônimo
6325,862310,Operador de co-processamento de resíduos,Sinônimo
6326,421310,Operador de cobrança,Sinônimo
6327,413230,Operador de cobrança bancária,Ocupação
6328,723215,Operador de cobreamento,Sinônimo
6329,642005,Operador de colhedor florestal,Ocupação
6330,641005,Operador de colheitadeira,Ocupação
6331,712110,Operador de coluna de flotação,Sinônimo
6332,715110,Operador de compactadora de solos,Ocupação
6333,711315,Operador de compressor - na extração de petróleo e gás,Sinônimo
6334,862130,Operador de compressor de ar,Ocupação
6335,862505,Operador de compressor de refrigeração,Sinônimo
6336,317205,Operador de computador (inclusive microcomputador),Ocupação
6337,811120,Operador de concentração,Ocupação
6338,712130,Operador de cone de separação (minas),Sinônimo
6339,761225,Operador de conicaleira,Ocupação
6340,842110,Operador de conjunto de secador de fumo,Sinônimo
6341,821245,Operador de conservação de canais,Sinônimo
6342,373105,Operador de console (rádio),Sinônimo
6343,811635,Operador de controle de produção de carboquímico,Sinônimo
6344,373205,Operador de controle geral de equipamentos na produção para televisão e produtora de vídeo   Sinônimo,
6345,373210,Operador de controle mestre na exibição de televisão,Sinônimo
6346,811635,Operador de controle térmico,Sinônimo
6347,766320,Operador de corta-riscadeira de papel,Sinônimo
6348,832110,Operador de cortadeira de papel,Ocupação
6349,841310,Operador de cozedor a vácuo na refinação de açúcar,Sinônimo
6350,841305,Operador de cristalização na refinação de açucar,Ocupação
6351,842110,Operador de debulhador de fumo,Sinônimo
6352,841310,Operador de decantador na refinação de açúcar,Sinônimo
6353,821420,Operador de desbobinadeira da linha de decapagem,Sinônimo
6354,821420,Operador de desbobinadeiras de tiras a quente e a frio,Sinônimo
6355,632125,Operador de descascador de madeira,Sinônimo
6356,724515,Operador de desempenadeira (conformação de metais),Sinônimo
6357,773305,Operador de desempenadeira na usinagem convencional de madeira,Ocupação
6358,821250,Operador de desgaseificação,Ocupação
6359,711115,Operador de desintegrador de pedras,Sinônimo
6360,711115,Operador de desmineralizadora,Sinônimo
6361,841505,Operador de desnatadeira (fabricação de laticínios e afins),Sinônimo
6362,821235,Operador de dessulfurador de gusa,Sinônimo
6363,811410,Operador de destilação (produtos químicos),Sinônimo
6364,811615,Operador de destilação de amônia,Sinônimo
6365,811615,Operador de destilação de enxofre,Sinônimo
6366,811615,Operador de destilação e subprodutos de coque,Ocupação
6367,831115,Operador de digestor de pasta para fabricação de papel,Ocupação
6368,766310,Operador de dobradeira na indústria gráfica,Sinônimo
6369,782210,Operador de docagem,Ocupação
6370,861205,Operador de eclusa,Sinônimo
6371,324110,Operador de eletrocardiógrafo,Sinônimo
6372,324105,Operador de eletroencefalógrafo,Sinônimo
6373,721205,Operador de eletroerosão a fio,Sinônimo
6374,721205,Operador de eletroerosão por penetração,Sinônimo
6375,721325,Operador de eletropolimento,Sinônimo
6376,514105,Operador de elevador,Sinônimo
6377,784110,Operador de embalagem; a máquina,Sinônimo
6378,373115,Operador de emissora de rádio (equipamentos móveis),Sinônimo
6379,782220,Operador de empilhadeira,Ocupação
6380,782220,Operador de empilhadeira elétrica,Sinônimo
6381,811620,Operador de enfornamento e desenfornamento de coque,Ocupação
6382,621005,Operador de engenho,Sinônimo
6383,761348,Operador de engomadeira de urdume,Ocupação
6384,201215,Operador de ensaios na metrologia,Sinônimo
6385,773310,Operador de entalhadeira (usinagem de madeira),Ocupação
6386,841310,Operador de enxofreira na refinação de açúcar,Sinônimo
6387,762205,Operador de enxugador (couros),Sinônimo
6388,862130,Operador de equipamento de compressor de ar,Sinônimo
6389,811425,Operador de equipamento de destilação de álcool,Ocupação
6390,782105,Operador de equipamento de dragagem,Sinônimo
6391,715115,Operador de equipamento de escavadeira,Sinônimo
6392,712110,Operador de equipamento de flotação,Sinônimo
6393,715130,Operador de equipamento de motoniveladora,Sinônimo
6394,723305,Operador de equipamento de secagem de pintura,Ocupação
6395,842135,Operador de equipamentos (cigarros),Sinônimo
6396,811310,Operador de equipamentos (exploração de petróleo),Sinônimo
6397,811330,Operador de equipamentos (filtro-prensa para tratamentos químicos),Sinônimo
6398,811305,Operador de equipamentos de centrifugar,Sinônimo
6399,412110,Operador de equipamentos de entrada de dados,Sinônimo
6400,811335,Operador de equipamentos de parafinar,Sinônimo
6401,712115,Operador de equipamentos de precipitação,Sinônimo
6402,722325,Operador de equipamentos de preparação de areia,Ocupação
6403,841310,Operador de equipamentos de refinação de açúcar (processo contínuo),Ocupação
6404,811315,Operador de equipamentos de secagem (mineração),Sinônimo
6405,373115,Operador de equipamentos de transmissão (móveis),Sinônimo
6406,954125,Operador de equipamentos elétricos,Sinônimo
6407,711130,Operador de equipamentos pesados e móveis - na mineração,Sinônimo
6408,725510,Operador de equipe de montagem (veiculos automotores),Sinônimo
6409,766150,Operador de escâner (pré-impressão gráfica),Sinônimo
6410,715115,Operador de escavadeira,Ocupação
6411,821430,Operador de escória e sucata,Ocupação
6412,752420,Operador de esmaltadeira,Ocupação
6413,821450,Operador de esmeril e serra de disco; no acabamento de metal,Sinônimo
6414,821450,Operador de esmeril fixo; no rebarbamento de metal,Sinônimo
6415,821450,Operador de esmeril; no rebarbamento de metal,Sinônimo
6416,821450,Operador de esmerilador de trilhos; no acabamento de metais,Sinônimo
6417,752425,Operador de espelhamento,Ocupação
6418,712125,Operador de espessador,Ocupação
6419,761351,Operador de espuladeira,Ocupação
6420,862140,Operador de estação de bombeamento,Ocupação
6421,862205,Operador de estação de captação; tratamento e distribuição de água,Ocupação
6422,811330,Operador de estação de filtragem (filtro-prensa),Sinônimo
6423,811110,Operador de estação de mistura (tratamentos químicos e afins),Sinônimo
6424,862305,Operador de estação de tratamento de água,Sinônimo
6425,862305,Operador de estação de tratamento de água e efluentes,Ocupação
6426,862305,Operador de estação de tratamento de esgoto,Sinônimo
6427,862305,Operador de estação de tratamento de esgotos e resíduos industriais,Sinônimo
6428,862305,Operador de estação de tratamento de resíduos industriais,Sinônimo
6429,862305,Operador de estação elevatória,Sinônimo
6430,722410,Operador de esticadeira (metal sem costura),Sinônimo
6431,374105,Operador de estúdio (gravação de áudio),Sinônimo
6432,373105,Operador de estúdio (rádio),Sinônimo
6433,373120,Operador de estúdio de gravação de áudio,Sinônimo
6434,723320,Operador de estufa de pintura,Sinônimo
6435,841735,Operador de estufa de secagem de malte,Sinônimo
6436,641010,Operador de estufas mecânicas,Sinônimo
6437,811430,Operador de evaporador na destilação,Ocupação
6438,841305,Operador de evaporador para concentração do xarope na refinação de açúcar,Sinônimo
6439,811625,Operador de exaustor (coqueria),Ocupação
6440,811310,Operador de exploração de petróleo,Ocupação
6441,373115,Operador de externa (rádio),Ocupação
6442,373205,Operador de externa em operação de equipamentos de produção para televisão e produtoras de vídeo   Sinônimo,
6443,711315,Operador de extração (petróleo),Sinônimo
6444,841620,Operador de extração de café solúvel,Ocupação
6445,766310,Operador de extrusora (arte gráfica),Sinônimo
6446,813115,Operador de extrusora (química; petroquímica e afins),Ocupação
6447,823210,Operador de extrusora (vidro),Sinônimo
6448,811775,Operador de extrusora de borracha e plástico,Sinônimo
6449,841210,Operador de fábrica de refino de sal,Sinônimo
6450,841468,Operador de fábrica de rações,Sinônimo
6451,811130,Operador de fabricação de tintas,Sinônimo
6452,811125,Operador de fabricação de tintas e vernizes,Sinônimo
6453,761230,Operador de filatório,Ocupação
6454,811310,Operador de filtragem (exploração de petróleo),Sinônimo
6455,811320,Operador de filtragem (filtro de tambor rotativo),Sinônimo
6456,811315,Operador de filtragem (mineração),Sinônimo
6457,811335,Operador de filtragem de parafina,Sinônimo
6458,841710,Operador de filtro (cerveja),Sinônimo
6459,811315,Operador de filtro de secagem (mineração),Ocupação
6460,811320,Operador de filtro de tambor rotativo (tratamentos químicos e afins),Ocupação
6461,841310,Operador de filtro na refinação de açúcar,Sinônimo
6462,811320,Operador de filtro rotativo,Sinônimo
6463,811325,Operador de filtro-esteira (mineração),Ocupação
6464,811330,Operador de filtro-prensa,Sinônimo
6465,811330,Operador de filtro-prensa (tratamentos químicos e afins),Ocupação
6466,811335,Operador de filtros de parafina (tratamentos químicos e afins),Ocupação
6467,773415,Operador de fingirjoint,Sinônimo
6468,712110,Operador de flotação,Sinônimo
6469,841310,Operador de flotador na refinação de açúcar,Sinônimo
6470,821210,Operador de forno (conversor a oxigênio),Sinônimo
6471,841805,Operador de forno (fabricação de pães; biscoitos e similares),Ocupação
6472,823215,Operador de forno (fundição de vidro),Sinônimo
6473,821220,Operador de forno (refino de metais não-ferrosos),Sinônimo
6474,516605,Operador de forno (serviços funerários),Ocupação
6475,822105,Operador de forno cubilô,Sinônimo
6476,811205,Operador de forno de calcinação,Sinônimo
6477,823315,Operador de forno de cerâmica (materiais de construção),Sinônimo
6478,822125,Operador de forno de espera,Sinônimo
6479,862310,Operador de forno de incineração no tratamento de água; efluentes e resíduos industriais   Ocupação,
6480,821215,Operador de forno de indução elétrica,Sinônimo
6481,823220,Operador de forno de recozimento (vidro),Sinônimo
6482,841735,Operador de forno de secagem (malte),Sinônimo
6483,821110,Operador de forno de sinterizar,Sinônimo
6484,822120,Operador de forno de tratamento térmico,Sinônimo
6485,723120,Operador de forno de tratamento térmico de metais,Ocupação
6486,821215,Operador de forno de tratamento térmico elétrico,Sinônimo
6487,821215,Operador de forno elétrico,Sinônimo
6488,822115,Operador de forno metalúrgico,Sinônimo
6489,811205,Operador de forno termoelétrico para elétrodos de grafite,Sinônimo
6490,822110,Operador de forno-poço,Sinônimo
6491,766145,Operador de fotocomposição,Sinônimo
6492,773315,Operador de fresadora (usinagem de madeira),Ocupação
6493,721410,Operador de fresadora com comando numérico,Ocupação
6494,762205,Operador de fulão,Sinônimo
6495,723215,Operador de galvanização,Sinônimo
6496,862405,Operador de gás,Sinônimo
6497,862115,Operador de gaseificação de carvão,Sinônimo
6498,841725,Operador de germinação,Sinônimo
6499,862405,Operador de glp,Sinônimo
6500,711110,Operador de granitadeira,Sinônimo
6501,374105,Operador de gravação (trilha sonora para filmes),Sinônimo
6502,373120,Operador de gravação de rádio,Ocupação
6503,373120,Operador de gravadora (rádio),Sinônimo
6504,374210,Operador de grua,Sinônimo
6505,782115,Operador de grua (móvel),Sinônimo
6506,766320,Operador de guilhotina (corte de papel),Ocupação
6507,782205,Operador de guincho,Sinônimo
6508,782110,Operador de guindaste (fixo),Ocupação
6509,782110,Operador de guindaste fixo sobre vagões de plataformas flutuantes,Sinônimo
6510,782115,Operador de guindaste móvel,Ocupação
6511,715710,Operador de gunite,Sinônimo
6512,861105,Operador de hidrelétrica e subestações,Sinônimo
6513,841444,Operador de hidrogenação,Sinônimo
6514,862205,Operador de hidrogenação e cloroficação da água,Sinônimo
6515,761425,Operador de impermeabilizador de tecidos,Ocupação
6516,641015,Operador de implementos agrícolas,Sinônimo
6517,766210,Operador de impressão de valores,Sinônimo
6518,766225,Operador de impressora de rotogravura,Sinônimo
6519,766215,Operador de impressora ofsete,Sinônimo
6520,862310,Operador de incinerador,Sinônimo
6521,623315,Operador de incubadora,Ocupação
6522,773120,Operador de industrialização de madeiras,Sinônimo
6523,811770,Operador de injetora de plástico,Sinônimo
6524,821205,Operador de inspeção de alto-forno,Sinônimo
6525,391215,Operador de inspeção de qualidade,Ocupação
6526,862515,Operador de instalação de ar-condicionado,Ocupação
6527,712110,Operador de instalação de beneficiamento,Sinônimo
6528,862405,Operador de instalação de extração; processamento; envasamento e distribuição de gases   Ocupação,
6529,862310,Operador de instalação de incineração de resíduos,Sinônimo
6530,861105,Operador de instalação de produção de energia elétrica,Sinônimo
6531,862505,Operador de instalação de refrigeração,Ocupação
6532,862405,Operador de instalação de transferência de gases,Sinônimo
6533,862205,Operador de instalação de tratamento de água,Sinônimo
6534,841444,Operador de instalação para produção de resfriamento de banha,Sinônimo
6535,821435,Operador de jato abrasivo,Ocupação
6536,712130,Operador de jato de água - em minas,Sinônimo
6537,821435,Operador de jato de areia,Sinônimo
6538,821435,Operador de jato de granalha,Sinônimo
6539,711230,Operador de jet flame,Sinônimo
6540,712130,Operador de jig (minas),Ocupação
6541,724605,Operador de laços de cabos de aço,Ocupação
6542,821305,Operador de laminação,Sinônimo
6543,761235,Operador de laminadeira e reunideira,Ocupação
6544,821305,Operador de laminador,Ocupação
6545,821315,Operador de laminador de barras a quente,Ocupação
6546,821305,Operador de laminador de encruamento,Sinônimo
6547,821320,Operador de laminador de metais não-ferrosos,Ocupação
6548,821305,Operador de laminador de placas,Sinônimo
6549,821315,Operador de laminador de tiras a quente,Sinônimo
6550,821325,Operador de laminador de tubos,Ocupação
6551,519935,Operador de lavador de veículos,Sinônimo
6552,516315,Operador de lavadora de tapetes,Sinônimo
6553,831120,Operador de lavagem e depuração de pasta para fabricação de papel,Ocupação
6554,821315,Operador de leito de chapas grossas,Sinônimo
6555,722230,Operador de lingotamento,Sinônimo
6556,722210,Operador de lingoteira contínua,Sinônimo
6557,722235,Operador de lingoteiras,Sinônimo
6558,723205,Operador de linha de decapagem,Sinônimo
6559,731175,Operador de linha de montagem (aparelhos elétricos),Ocupação
6560,731180,Operador de linha de montagem (aparelhos eletrônicos),Ocupação
6561,842135,Operador de linha de produção de preparação de matéria prima para produção de cigarros   Sinônimo,
6562,773320,Operador de lixadeira (usinagem de madeira),Ocupação
6563,773415,Operador de lixadeira na usinagem de madeira,Sinônimo
6564,782610,Operador de locomotiva,Sinônimo
6565,782615,Operador de locomotiva (transporte metropolitano),Sinônimo
6566,724320,Operador de maçarico,Sinônimo
6567,724310,Operador de maçarico de corte,Sinônimo
6568,761240,Operador de maçaroqueira,Ocupação
6569,761327,Operador de malhas; a máquina,Sinônimo
6570,783110,Operador de manobras (auxiliar de ferrovias),Sinônimo
6571,813125,Operador de manufaturado (química; petroquímica e afins),Sinônimo
6572,954125,Operador de manutenção eletromecânica,Sinônimo
6573,782220,Operador de máquina empilhadeira,Sinônimo
6574,842125,Operador de máquina (fabricação de cigarros),Ocupação
6575,724610,Operador de máquina (pernas; fechamento; repassamento; alma),Sinônimo
6576,841428,Operador de máquina - na industrialização do pescado,Sinônimo
6577,711110,Operador de máquina a fio diamantado,Sinônimo
6578,784110,Operador de máquina a vácuo,Sinônimo
6579,641015,Operador de máquina agrícola,Sinônimo
6580,773405,Operador de máquina bordatriz,Ocupação
6581,722220,Operador de máquina centrifugadora de fundição,Ocupação
6582,752420,Operador de máquina cerâmica (pintor),Sinônimo
6583,761330,Operador de máquina circular de malharia,Sinônimo
6584,415130,Operador de máquina copiadora (exceto operador de gráfica rápida),Ocupação
6585,711215,Operador de máquina cortadora (minas e pedreiras),Ocupação
6586,715120,Operador de máquina de abrir valas,Ocupação
6587,311725,Operador de máquina de alvejar (couros),Sinônimo
6588,764210,Operador de máquina de apontar bico,Sinônimo
6589,813125,Operador de máquina de arame,Sinônimo
6590,722325,Operador de máquina de areia para fundição,Sinônimo
6591,763310,Operador de máquina de bordar,Sinônimo
6592,722405,Operador de máquina de cablear,Sinônimo
6593,833105,Operador de máquina de cartonagem,Sinônimo
6594,842125,Operador de máquina de cigarros,Sinônimo
6595,862130,Operador de máquina de compressão de ar,Sinônimo
6596,773415,Operador de máquina de confeccionar palitos,Sinônimo
6597,761354,Operador de máquina de cordoalha,Ocupação
6598,833120,Operador de máquina de cortar e dobrar papelão,Ocupação
6599,828110,Operador de máquina de cortar tijolos e telhas,Sinônimo
6600,833115,Operador de máquina de cortar; colar e dobrar celofane e similar,Sinônimo
6601,833110,Operador de máquina de cortar; colar e dobrar papel,Sinônimo
6602,752210,Operador de máquina de corte (vidros),Sinônimo
6603,821440,Operador de máquina de corte a gás,Sinônimo
6604,763110,Operador de máquina de corte de roupas,Sinônimo
6605,773410,Operador de máquina de cortina d´água (produção de móveis),Ocupação
6606,763320,Operador de máquina de costura de acabamento,Ocupação
6607,724510,Operador de máquina de curvar metais,Sinônimo
6608,712205,Operador de máquina de desdobramento de mármores,Sinônimo
6609,773120,Operador de máquina de desdobrar madeira,Sinônimo
6610,724510,Operador de máquina de dobrar chapas,Ocupação
6611,721205,Operador de máquina de eletroerosão,Ocupação
6612,784110,Operador de máquina de embalar,Sinônimo
6613,784110,Operador de máquina de embrulhar,Sinônimo
6614,784110,Operador de máquina de empacotar,Sinônimo
6615,842125,Operador de máquina de encarteiramento (cigarros),Sinônimo
6616,765205,Operador de máquina de encher colchões,Sinônimo
6617,776415,Operador de máquina de encher escovas; pincéis e vassouras,Sinônimo
6618,763115,Operador de máquina de enfestar,Sinônimo
6619,784120,Operador de máquina de engarrafamento,Sinônimo
6620,784120,Operador de máquina de envasar líquidos,Ocupação
6621,848515,Operador de máquina de escarnar,Sinônimo
6622,412105,Operador de máquina de escrever,Sinônimo
6623,752420,Operador de máquina de esmaltação cerâmica,Sinônimo
6624,823245,Operador de máquina de esticar varetas ou tubos de vidro,Sinônimo
6625,752110,Operador de máquina de estirar vidro,Sinônimo
6626,784115,Operador de máquina de etiquetar,Ocupação
6627,711220,Operador de máquina de extração contínua (minas de carvão),Ocupação
6628,811815,Operador de máquina de fabricação de cosméticos,Ocupação
6629,811820,Operador de máquina de fabricação de produtos de higiene e limpeza (sabão; sabonete; detergente;   Ocupação,
6630,842210,Operador de máquina de fabricar charutos e cigarrilhas,Ocupação
6631,842125,Operador de máquina de fabricar cigarros,Sinônimo
6632,862505,Operador de máquina de fabricar gelo,Sinônimo
6633,722310,Operador de máquina de fabricar machos (ar comprimido),Sinônimo
6634,832125,Operador de máquina de fabricar papel,Sinônimo
6635,832115,Operador de máquina de fabricar papel (fase úmida),Ocupação
6636,832120,Operador de máquina de fabricar papel (fase seca),Ocupação
6637,832125,Operador de máquina de fabricar papel e papelão,Ocupação
6638,811320,Operador de máquina de filtro rotativo (tratamentos químicos),Sinônimo
6639,842125,Operador de máquina de filtros (cigarros),Sinônimo
6640,722225,Operador de máquina de fundir sob pressão,Ocupação
6641,821315,Operador de máquina de laminação (a quente),Sinônimo
6642,841505,Operador de máquina de laticínios,Sinônimo
6643,761110,Operador de máquina de lavanderia de lã,Sinônimo
6644,761430,Operador de máquina de lavar fios e tecidos,Ocupação
6645,722310,Operador de máquina de machos,Sinônimo
6646,848215,Operador de máquina de manteiga,Sinônimo
6647,722330,Operador de máquina de moldar automatizada,Ocupação
6648,722205,Operador de máquina de moldar lingoteira,Sinônimo
6649,823250,Operador de máquina de moldar vidro,Sinônimo
6650,848205,Operador de máquina de pasteurizar,Sinônimo
6651,711225,Operador de máquina de perfurar (minas e pedreiras),Sinônimo
6652,723330,Operador de máquina de pintar contínua,Sinônimo
6653,842135,Operador de máquina de preparação de matéria prima para produção de cigarros   Ocupação,
6654,773415,Operador de máquina de produção na usinagem de madeira,Sinônimo
6655,811805,Operador de máquina de produtos farmacêuticos,Ocupação
6656,784115,Operador de máquina de rotular,Sinônimo
6657,831125,Operador de máquina de secar celulose,Ocupação
6658,773110,Operador de máquina de serrar,Sinônimo
6659,773120,Operador de máquina de serrar madeira,Sinônimo
6660,773120,Operador de máquina de serraria,Sinônimo
6661,821110,Operador de máquina de sinterizar,Ocupação
6662,724315,Operador de máquina de solda a ultrassom,Sinônimo
6663,724325,Operador de máquina de solda elétrica,Sinônimo
6664,724315,Operador de máquina de solda eletrônica,Sinônimo
6665,724315,Operador de máquina de soldar,Sinônimo
6666,724315,Operador de máquina de soldar automática,Sinônimo
6667,823240,Operador de máquina de soprar vidro,Ocupação
6668,715125,Operador de máquina de terraplenagem,Sinônimo
6669,841625,Operador de máquina de torrefação de cacau,Sinônimo
6670,773325,Operador de máquina de usinagem madeira; em geral,Ocupação
6671,752110,Operador de máquina de vidraria,Sinônimo
6672,724510,Operador de máquina de virar chapas,Sinônimo
6673,721420,Operador de máquina eletroerosão; à fio; com comando numérico,Ocupação
6674,823245,Operador de máquina extrusora de fibra de vidro,Sinônimo
6675,823245,Operador de máquina extrusora de varetas e tubos de vidro,Ocupação
6676,823245,Operador de máquina extrusora de vidro,Sinônimo
6677,773205,Operador de máquina intercaladora e placas (compensados),Ocupação
6678,811110,Operador de máquina misturadeira (tratamentos químicos e afins),Ocupação
6679,823320,Operador de máquina na fabricação de artefatos de cimento,Sinônimo
6680,841810,Operador de máquina na fabricação de macarrão.,Sinônimo
6681,766215,Operador de máquina ofsete,Sinônimo
6682,711225,Operador de máquina perfuradora (minas e pedreiras),Ocupação
6683,711130,Operador de máquina perfuradora - na mineração,Sinônimo
6684,711230,Operador de máquina perfuratriz,Ocupação
6685,711230,Operador de máquina perfuratriz a fio diamantado,Sinônimo
6686,784110,Operador de máquina pneumática,Sinônimo
6687,723230,Operador de máquina recobridora de arame,Ocupação
6688,415130,Operador de máquina reprográfica,Sinônimo
6689,761333,Operador de máquina retilínea de malharia,Sinônimo
6690,782120,Operador de máquina rodoferroviária,Ocupação
6691,715125,Operador de máquina rodoviária,Sinônimo
6692,632125,Operador de máquina transportadora (madeira),Sinônimo
6693,811115,Operador de máquina trituradora (tratamentos químicos e afins),Sinônimo
6694,782205,Operador de máquina-elevador,Sinônimo
6695,641010,Operador de máquinas agrícolas,Sinônimo
6696,641010,Operador de máquinas de beneficiamento de produtos agrícolas,Ocupação
6697,811305,Operador de máquinas de centrifugar (tratamentos químicos e afins),Sinônimo
6698,773415,Operador de máquinas de confeccionar fósforo,Sinônimo
6699,715125,Operador de máquinas de construção civil e mineração,Ocupação
6700,761405,Operador de máquinas de cozinhamento e alvejamento de fibras soltas; fios e tecidos,Sinônimo
6701,841210,Operador de máquinas de embalagem de sal,Sinônimo
6702,841815,Operador de máquinas de fabricação de chocolates e achocolatados,Ocupação
6703,841810,Operador de máquinas de fabricação de doces; salgados e massas alimentícias,Ocupação
6704,761415,Operador de máquinas de flanelar (peletizar; lixar) tecidos,Sinônimo
6705,761425,Operador de máquinas de impermeabilizar tecidos,Sinônimo
6706,761430,Operador de máquinas de lavar fibras soltas; fios; tecidos e peças confeccionadas,Sinônimo
6707,731180,Operador de máquinas de linha de montagem (aparelhos eletrônicos),Sinônimo
6708,761425,Operador de máquinas de mercerizar fios e tecidos,Sinônimo
6709,711130,Operador de máquinas de mineração,Sinônimo
6710,773510,Operador de máquinas de usinar madeira (cnc),Ocupação
6711,762325,Operador de máquinas do acabamento de couros e peles,Ocupação
6712,782120,Operador de máquinas e equipamentos rodoferroviários,Sinônimo
6713,991115,Operador de máquinas e veículos especiais na conservação de vias permanentes (trilhos)   Sinônimo,
6714,991115,Operador de máquinas especiais em conservação de via permanente (trilhos),Ocupação
6715,862150,Operador de máquinas fixas; em geral,Ocupação
6716,642005,Operador de máquinas florestais (colheitadeira),Sinônimo
6717,642015,Operador de máquinas florestais (tratores),Sinônimo
6718,642010,Operador de máquinas florestais estáticas,Ocupação
6719,721210,Operador de máquinas operatrizes,Ocupação
6720,712135,Operador de maracá - no garimpo,Sinônimo
6721,828110,Operador de maromba,Sinônimo
6722,717010,Operador de martelete,Ocupação
6723,412115,Operador de mensagens de telecomunicações (correios),Ocupação
6724,373105,Operador de mesa (rádio),Sinônimo
6725,253305,Operador de mesa bolsa de valores,Sinônimo
6726,724440,Operador de mesa de corte (serralharia),Sinônimo
6727,373205,Operador de mesa de efeitos especiais na produção para televisão e produtoras de vídeo   Sinônimo,
6728,722210,Operador de mesa de recebimento de lingotes,Sinônimo
6729,422205,Operador de mesa telefônica,Sinônimo
6730,841310,Operador de mexedeira na refinação de açúcar,Sinônimo
6731,412110,Operador de microcomputador,Sinônimo
6732,374125,Operador de microfone (boom man),Sinônimo
6733,373205,Operador de microfone para produção para televisão e produtoras de vídeo,Sinônimo
6734,373205,Operador de microondas na produção para televisão e produtoras de vídeo,Sinônimo
6735,766405,Operador de mini-lab,Sinônimo
6736,811110,Operador de mistura (tratamentos químicos e afins),Sinônimo
6737,722325,Operador de misturador de areia para fundição,Sinônimo
6738,841315,Operador de moenda na fabricação de açúcar,Ocupação
6739,712105,Operador de moinho (beneficiamento de minérios),Sinônimo
6740,841115,Operador de moinho (processo de moagem),Sinônimo
6741,811105,Operador de moinho (tratamentos químicos e afins),Sinônimo
6742,712105,Operador de moinho de bolas (minério),Sinônimo
6743,841110,Operador de moinho de especiarias,Sinônimo
6744,841105,Operador de moinho de farinha crua,Sinônimo
6745,823115,Operador de moinhos (argila),Sinônimo
6746,773330,Operador de molduradora (usinagem de madeira),Ocupação
6747,782125,Operador de monta-cargas (construção civil),Ocupação
6748,821330,Operador de montagem de cilindros e mancais,Ocupação
6749,641010,Operador de motobomba,Sinônimo
6750,715130,Operador de motoniveladora,Ocupação
6751,711235,Operador de motoniveladora (extração de minerais sólidos),Ocupação
6752,632120,Operador de motosserra,Ocupação
6753,414110,Operador de movimentação e armazenagem de cargas,Sinônimo
6754,253225,Operador de negócios,Ocupação
6755,715130,Operador de niveladora e de scraper,Sinônimo
6756,862140,Operador de oleoduto,Sinônimo
6757,832125,Operador de onduladora de papel,Sinônimo
6758,761245,Operador de open-end,Ocupação
6759,623115,Operador de ordenhadeira,Sinônimo
6760,724310,Operador de oxicorte,Sinônimo
6761,715135,Operador de pá carregadeira,Ocupação
6762,715135,Operador de pá carregadeira de esteira,Sinônimo
6763,715135,Operador de pá carregadeira de pneu,Sinônimo
6764,715135,Operador de pá carregadeira e tratores,Sinônimo
6765,715135,Operador de pá mecânica,Sinônimo
6766,715135,Operador de pá mecânica em subsolo,Sinônimo
6767,422205,Operador de pabx,Sinônimo
6768,811630,Operador de painel de controle,Ocupação
6769,811505,Operador de painel de controle (refinação de petróleo),Ocupação
6770,761250,Operador de passador (fiação),Ocupação
6771,841505,Operador de pasteurizador,Sinônimo
6772,715130,Operador de patrol (niveladora),Sinônimo
6773,711235,Operador de patrola,Sinônimo
6774,715140,Operador de pavimentadora (asfalto; concreto e materiais similares),Ocupação
6775,711115,Operador de pedreira,Sinônimo
6776,712135,Operador de pelotização,Sinônimo
6777,712135,Operador de peneiras hidráulicas,Ocupação
6778,712135,Operador de peneiras vibratórias,Sinônimo
6779,761255,Operador de penteadeira,Ocupação
6780,773415,Operador de perfiladeira,Sinônimo
6781,414115,Operador de pesagem de matéria prima,Sinônimo
6782,723330,Operador de pistola de pintura,Sinônimo
6783,723330,Operador de pistola rotativa,Sinônimo
6784,773335,Operador de plaina desengrossadeira,Ocupação
6785,711325,Operador de plataforma (petróleo),Sinônimo
6786,752235,Operador de polidora de cristais de ótica,Sinônimo
6787,752230,Operador de polidora de vidros e cristais,Sinônimo
6788,782130,Operador de ponte rolante,Ocupação
6789,782135,Operador de pórtico rolante,Ocupação
6790,712115,Operador de precipitador eletrostático,Sinônimo
6791,842110,Operador de prensa,Sinônimo
6792,722115,Operador de prensa (ferramentaria),Sinônimo
6793,775110,Operador de prensa (folha de recobrimento de móveis),Sinônimo
6794,828110,Operador de prensa - em olaria,Sinônimo
6795,773420,Operador de prensa de alta freqüência na usinagem de madeira,Ocupação
6796,722325,Operador de prensa de areia para fundição,Sinônimo
6797,773215,Operador de prensa de compensados,Sinônimo
6798,833125,Operador de prensa de embutir papelão,Ocupação
6799,784125,Operador de prensa de enfardamento,Ocupação
6800,784125,Operador de prensa de fardos,Sinônimo
6801,519215,Operador de prensa de material reciclável,Ocupação
6802,823250,Operador de prensa de moldar vidro,Ocupação
6803,764105,Operador de prensa na indústria de calçados,Sinônimo
6804,841464,Operador de prensadora de frutas,Sinônimo
6805,841460,Operador de preparação de grãos vegetais (óleos e gorduras),Ocupação
6806,841810,Operador de preparo de massas (alimentícias),Sinônimo
6807,811635,Operador de preservação de área carboquímicos,Sinônimo
6808,811635,Operador de preservação e controle térmico,Ocupação
6809,811510,Operador de processamento (transferência e estocagem de petróleo),Sinônimo
6810,317205,Operador de processamento de dados,Sinônimo
6811,811505,Operador de processo (petróleo),Sinônimo
6812,813120,Operador de processo (química; petroquímica e afins),Ocupação
6813,813120,Operador de processo de golfragem,Sinônimo
6814,841115,Operador de processo de moagem,Ocupação
6815,784205,Operador de processo de produção,Sinônimo
6816,766150,Operador de processo de tratamento de imagem,Ocupação
6817,723235,Operador de processo de zincagem,Sinônimo
6818,811310,Operador de processos (exploração de petróleo),Sinônimo
6819,781105,Operador de processos automatizados de pintura,Sinônimo
6820,811005,Operador de processos químicos e petroquímicos,Ocupação
6821,813125,Operador de produção (química; petroquímica e afins),Ocupação
6822,811425,Operador de produção de álcool,Sinônimo
6823,914305,Operador de produção metroferroviária,Sinônimo
6824,342410,Operador de programação (ferrovia),Sinônimo
6825,374305,Operador de projetor cinematográfico,Ocupação
6826,374305,Operador de projetor cinematográfico e áudio,Sinônimo
6827,861110,Operador de quadro de alimentação (subestação de distribuição de energia elétrica)   Sinônimo,
6828,861110,Operador de quadro de distribuição de energia elétrica,Ocupação
6829,848210,Operador de queijeira,Sinônimo
6830,422220,Operador de rádio,Sinônimo
6831,373115,Operador de rádio (equipamentos móveis),Sinônimo
6832,422220,Operador de rádio-chamada,Ocupação
6833,422220,Operador de radiotelefonia,Sinônimo
6834,372210,Operador de radiotelégrafo,Sinônimo
6835,324115,Operador de raio-x,Sinônimo
6836,761435,Operador de rameuse,Ocupação
6837,712125,Operador de reagentes,Sinônimo
6838,811420,Operador de reator (produtos químicos exceto petróleo),Sinônimo
6839,811640,Operador de reator de coque de petróleo,Ocupação
6840,861120,Operador de reator nuclear,Ocupação
6841,811125,Operador de reatores (fabricação de vernizes e resinas),Sinônimo
6842,832135,Operador de rebobinadeira na fabricação de papel e papelão,Ocupação
6843,821240,Operador de recebimento de gusa,Sinônimo
6844,372205,Operador de rede de teleprocessamento,Ocupação
6845,841210,Operador de refinaria de sal,Sinônimo
6846,811645,Operador de refrigeração (coqueria),Ocupação
6847,862510,Operador de refrigeração com amônia,Ocupação
6848,253305,Operador de renda fixa,Sinônimo
6849,253305,Operador de renda variável,Sinônimo
6850,724610,Operador de repassadeira,Sinônimo
6851,721425,Operador de retificadora com comando numérico,Ocupação
6852,761260,Operador de retorcedeira,Ocupação
6853,715115,Operador de retro-escavadeira,Sinônimo
6854,822125,Operador de revérbero,Sinônimo
6855,781105,Operador de robô de pintura,Sinônimo
6856,781110,Operador de robô de soldagem,Sinônimo
6857,715705,Operador de rolo (impermeabilização),Sinônimo
6858,715110,Operador de rolo compactador,Sinônimo
6859,715110,Operador de rolo compressor,Sinônimo
6860,711130,Operador de rompedor,Sinônimo
6861,781305,Operador de rov,Sinônimo
6862,841730,Operador de sala de brassagem,Sinônimo
6863,711130,Operador de sala de controle - na mineração,Sinônimo
6864,811010,Operador de sala de controle de instalações químicas; petroquímicas e afins   Ocupação,
6865,862110,Operador de sala de máquinas (embarcações),Sinônimo
6866,711410,Operador de salina (sal marinho),Ocupação
6867,711240,Operador de schutthecar,Ocupação
6868,831110,Operador de sdcd,Sinônimo
6869,641010,Operador de secadeiras no beneficiamento de produtos agrícolas,Sinônimo
6870,828110,Operador de secador da fabricação cerâmica,Sinônimo
6871,722325,Operador de secador de areia para fundição,Sinônimo
6872,841630,Operador de secador de mate,Sinônimo
6873,641010,Operador de secador de resíduos,Sinônimo
6874,841315,Operador de secador na fabricação de açúcar,Sinônimo
6875,841305,Operador de secador na fabricação e refino de açúcar,Sinônimo
6876,516310,Operador de secadora de roupas,Sinônimo
6877,773415,Operador de seccionadeira na usinagem de madeira,Sinônimo
6878,766205,Operador de serigrafia,Sinônimo
6879,773120,Operador de serra automática,Sinônimo
6880,773125,Operador de serra circular,Sinônimo
6881,773125,Operador de serra circular automática,Sinônimo
6882,773125,Operador de serra circular múltipla,Sinônimo
6883,773120,Operador de serra de disco,Sinônimo
6884,773130,Operador de serra de fita,Sinônimo
6885,773110,Operador de serra elétrica,Sinônimo
6886,773110,Operador de serra esquadrejadeira,Sinônimo
6887,773110,Operador de serra manual,Sinônimo
6888,773110,Operador de serra mecânica,Sinônimo
6889,773110,Operador de serra vertical automática,Sinônimo
6890,773120,Operador de serra-cinta,Sinônimo
6891,632120,Operador de serras (exploração florestal),Sinônimo
6892,773340,Operador de serras (usinagem de madeira),Ocupação
6893,773110,Operador de serras no desdobramento de madeira,Ocupação
6894,848505,Operador de setor de matanças de gado,Sinônimo
6895,766205,Operador de silkscreen,Sinônimo
6896,821110,Operador de sinterização,Sinônimo
6897,862130,Operador de sistema de ar comprimido,Sinônimo
6898,722325,Operador de sistema de areia para fundição,Sinônimo
6899,811205,Operador de sistema de calcinação,Sinônimo
6900,862515,Operador de sistema de climatização,Sinônimo
6901,317205,Operador de sistema de computador,Sinônimo
6902,862405,Operador de sistema de gás,Sinônimo
6903,712115,Operador de sistema de precipitação,Sinônimo
6904,862505,Operador de sistema de refrigeração,Sinônimo
6905,811650,Operador de sistema de reversão (coqueria),Ocupação
6906,317205,Operador de sistemas computacionais em rede,Sinônimo
6907,862205,Operador de sistemas de água,Sinônimo
6908,373210,Operador de sistemas de equipamentos em exibição de televisão,Sinônimo
6909,373210,Operador de sistemas de exibição em televisão,Sinônimo
6910,372205,Operador de sistemas de informática (teleprocessamento),Sinônimo
6911,766145,Operador de sistemas de prova (analógico e digital),Ocupação
6912,373215,Operador de sistemas de transmissão e recepção de televisão,Sinônimo
6913,711305,Operador de sonda de percussão,Ocupação
6914,711320,Operador de sonda manual,Sinônimo
6915,711320,Operador de sonda pesada,Sinônimo
6916,711310,Operador de sonda rotativa,Ocupação
6917,821255,Operador de sopragem,Sinônimo
6918,841630,Operador de soque,Sinônimo
6919,861205,Operador de subestação,Ocupação
6920,723210,Operador de superfosfato,Sinônimo
6921,422320,Operador de suporte técnico (telemarketing),Sinônimo
6922,782140,Operador de talha elétrica,Ocupação
6923,811320,Operador de tambor rotativo,Sinônimo
6924,761312,Operador de tear de jacquard,Sinônimo
6925,768105,Operador de tear manual,Sinônimo
6926,761315,Operador de tear mecânico de maquineta,Sinônimo
6927,761318,Operador de tear mecânico de xadrez,Sinônimo
6928,761321,Operador de tear mecânico liso,Sinônimo
6929,761324,Operador de tear mecânico; exceto jacquad,Sinônimo
6930,422305,Operador de teleatendimento ativo (telemarketing),Sinônimo
6931,422310,Operador de teleatendimento híbrido (telemarketing),Sinônimo
6932,421310,Operador de telecobrança,Sinônimo
6933,412115,Operador de telecomunicações de correios,Sinônimo
6934,782630,Operador de teleférico (passageiros),Ocupação
6935,422310,Operador de telemarketing (operações híbridas),Sinônimo
6936,422305,Operador de telemarketing ativo,Ocupação
6937,422310,Operador de telemarketing ativo e receptivo,Ocupação
6938,422320,Operador de telemarketing bilíngüe,Sinônimo
6939,422320,Operador de telemarketing especializado,Sinônimo
6940,422315,Operador de telemarketing receptivo,Ocupação
6941,422320,Operador de telemarketing técnico,Ocupação
6942,372205,Operador de teleprocessamento,Sinônimo
6943,373210,Operador de teletexto em exibição de televisão,Sinônimo
6944,421210,Operador de teleturfe,Sinônimo
6945,317205,Operador de terminal no processamento de dados,Sinônimo
6946,821440,Operador de tesoura desbastadora; no acabamento chapas e metais,Sinônimo
6947,821440,Operador de tesoura elétrica; no acabamento de chapas e metais,Sinônimo
6948,821440,Operador de tesoura mecânica e máquina de corte; no acabamento de chapas e metais   Ocupação,
6949,821440,Operador de tesoura pendular; no acabamento de chapas e metais,Sinônimo
6950,821440,Operador de tesoura rotativa; no acabamento de chapas e metais,Sinônimo
6951,821440,Operador de tesoura sucata,Sinônimo
6952,821440,Operador de tesoura transversal; no acabamento de chapas e metais,Sinônimo
6953,821440,Operador de tesoura volante e guilhotina; no acabamento de chapas e metais,Sinônimo
6954,725510,Operador de time de montagem,Ocupação
6955,773345,Operador de torno automático (usinagem de madeira),Ocupação
6956,721430,Operador de torno com comando numérico,Ocupação
6957,752315,Operador de torno semi-automático (cerâmica),Sinônimo
6958,711105,Operador de torre de amostragem - na mineração,Sinônimo
6959,342505,Operador de torre de controle (aéreo),Sinônimo
6960,517220,Operador de tráfego,Sinônimo
6961,811510,Operador de transferência e estocagem - na refinação do petróleo,Ocupação
6962,373125,Operador de transmissor,Sinônimo
6963,373215,Operador de transmissor (tv),Sinônimo
6964,373125,Operador de transmissor de rádio,Ocupação
6965,342110,Operador de transporte multimodal,Ocupação
6966,862305,Operador de tratamento de água e esgoto,Sinônimo
6967,841320,Operador de tratamento de calda na refinação de açúcar,Ocupação
6968,862305,Operador de tratamento de esgoto,Sinônimo
6969,811635,Operador de tratamento de gás,Sinônimo
6970,811215,Operador de tratamento químico de materiais radioativos,Ocupação
6971,811615,Operador de tratamento residual,Sinônimo
6972,723125,Operador de tratamento térmico,Sinônimo
6973,723125,Operador de tratamento termoelétrico,Sinônimo
6974,711245,Operador de trator (minas e pedreiras),Ocupação
6975,715145,Operador de trator - exclusive na agropecuária,Sinônimo
6976,715130,Operador de trator de esteira,Sinônimo
6977,715145,Operador de trator de lâmina,Ocupação
6978,642015,Operador de trator florestal,Ocupação
6979,715125,Operador de tratores diversos,Sinônimo
6980,722415,Operador de trefila,Sinônimo
6981,811775,Operador de trefila (borracha),Sinônimo
6982,782605,Operador de trem de metrô,Ocupação
6983,782615,Operador de trem metropolitano,Sinônimo
6984,415210,Operador de triagem e transbordo,Ocupação
6985,632125,Operador de triturador de toras,Sinônimo
6986,773350,Operador de tupia (usinagem de madeira),Ocupação
6987,841305,Operador de turbina a vapor na fabricação e refino de açúcar,Sinônimo
6988,841310,Operador de turbina a vapor na refinação de açúcar,Sinônimo
6989,861105,Operador de turbinas de central elétrica,Sinônimo
6990,354810,Operador de turismo,Ocupação
6991,842110,Operador de umidificação,Sinônimo
6992,373205,Operador de unidade portátil de produção para televisão e produtora de vídeo    Sinônimo,
6993,761357,Operador de urdideira,Ocupação
6994,768110,Operador de urdideira de tapetes,Sinônimo
6995,861105,Operador de usina hidrelétrica,Sinônimo
6996,861205,Operador de usina hidroelétrica,Sinônimo
6997,861205,Operador de usina nuclear,Sinônimo
6998,861115,Operador de usina térmica,Sinônimo
6999,861205,Operador de usina termoelétrica,Sinônimo
7000,861115,Operador de usina termogás,Sinônimo
7001,861120,Operador de usina termonuclear,Sinônimo
7002,721220,Operador de usinagem convencional por abrasão,Ocupação
7003,862155,Operador de utilidade (produção e distribuição de vapor; gás; óleo; combustível; energia; oxigênio)   Ocupação,
7004,811505,Operador de utilidades (petróleo),Sinônimo
7005,862305,Operador de utilidades no tratamento de água e efluentes,Sinônimo
7006,722230,Operador de vazamento (lingotamento),Ocupação
7007,991115,Operador de veículos especiais na conservação de vias permanentes (trilhos),Sinônimo
7008,781305,Operador de veículos subaquáticos controlados remotamente,Ocupação
7009,521110,Operador de vendas (lojas),Sinônimo
7010,717025,Operador de vibrador de concreto,Sinônimo
7011,374405,Operador de vídeo,Sinônimo
7012,373205,Operador de vídeo na produção para televisão e produtora de vídeo,Sinônimo
7013,724510,Operador de viradeira (aço),Sinônimo
7014,724510,Operador de viradeira de chapas,Sinônimo
7015,724510,Operador de viradeira de tubos,Sinônimo
7016,724510,Operador de viradeiras de fitas de aço,Sinônimo
7017,373205,Operador de vt (estúdio de vt ),Sinônimo
7018,373205,Operador de vt (externa),Sinônimo
7019,373210,Operador de vt de exibição em televisão,Sinônimo
7020,723235,Operador de zincagem,Sinônimo
7021,723235,Operador de zincagem (processo eletrolítico),Ocupação
7022,377215,Operador dos vinte e quatro segundos (basquete),Sinônimo
7023,954125,Operador eletromecânico,Ocupação
7024,813115,Operador especializado de extrusora,Sinônimo
7025,253305,Operador financeiro,Sinônimo
7026,766310,Operador gráfico de corte e vinco na impressão,Sinônimo
7027,813110,Operador industrial (química; petroquímica e afins),Sinônimo
7028,811505,Operador industrial especializado (petróleo),Sinônimo
7029,811010,Operador industrial nas instalações químicas; petroquímicas e afins,Sinônimo
7030,422210,Operador internacional (telefonia),Sinônimo
7031,842135,Operador junior (cigarros),Sinônimo
7032,842135,Operador malto (cigarros),Sinônimo
7033,862405,Operador mantanedor de compressores de gases,Sinônimo
7034,842135,Operador mecânico (cigarros),Sinônimo
7035,862405,Operador mecânico de gás,Sinônimo
7036,761205,Operador misturador de fibras,Sinônimo
7037,723125,Operador multifuncional de tratamento térmico,Sinônimo
7038,761250,Operador passadista (fiação),Sinônimo
7039,761250,Operador passadorista (fiação),Sinônimo
7040,715130,Operador patroleiro,Sinônimo
7041,761005,Operador polivalente da indústria têxtil,Ocupação
7042,374310,Operador-mantenedor de projetor cinematográfico,Ocupação
7043,7612,OPERADORES DA FIAÇÃO,Família
7044,8112,OPERADORES DE CALCINAÇÃO E DE TRATAMENTOS QUÍMICOS DE MATERIAIS RADIOATIVOS   Família,
7045,8116,OPERADORES DE EQUIPAMENTOS DE COQUEIFICAÇÃO,Família
7046,8114,OPERADORES DE EQUIPAMENTOS DE DESTILAÇÃO; EVAPORAÇÃO E REAÇÃO,Família
7047,4121,OPERADORES DE EQUIPAMENTOS DE ENTRADA E TRANSMISSÃO DE DADOS,Família
7048,8232,OPERADORES DE EQUIPAMENTOS DE FABRICAÇÃO E BENEFICIAMENTO DE CRISTAIS; VIDROS; CERÂMICAS;Família,
7049,8113,OPERADORES DE EQUIPAMENTOS DE FILTRAGEM E SEPARAÇÃO,Família
7050,8213,OPERADORES DE EQUIPAMENTOS DE LAMINAÇÃO,Família
7051,8111,OPERADORES DE EQUIPAMENTOS DE MOAGEM E MISTURA DE MATERIAIS (TRATAMENTOS QUÍMICOS E AFINS),
7052,7822,OPERADORES DE EQUIPAMENTOS DE MOVIMENTAÇÃO DE CARGAS,Família
7053,8115,OPERADORES DE EQUIPAMENTOS DE PRODUÇÃO E REFINO DE PETRÓLEO E GÁS,Família
7054,8418,OPERADORES DE EQUIPAMENTOS NA FABRICAÇÃO DE PÃES; MASSAS ALIMENTÍCIAS; DOCES; CHOCOLATESFamília,
7055,8212,OPERADORES DE FORNOS DE PRIMEIRA FUSÃO E ACIARIA,Família
7056,8623,OPERADORES DE INSTALAÇÕES DE CAPTAÇÃO E ESGOTOS,Família
7057,8622,OPERADORES DE INSTALAÇÕES DE CAPTAÇÃO; TRATAMENTO E DISTRIBUIÇÃO DE ÁGUA,Família
7058,8612,OPERADORES DE INSTALAÇÕES DE DISTRIBUIÇÃO DE ENERGIA ELÉTRICA,Família
7059,8624,OPERADORES DE INSTALAÇÕES DE EXTRAÇÃO; PROCESSAMENTO; ENVASAMENTO E DISTRIBUIÇÃO DE GASES,
7060,8611,OPERADORES DE INSTALAÇÕES DE GERAÇÃO E DISTRIBUIÇÃO DE ENERGIA ELÉTRICA; HIDRÁULICA; TÉRMICA,
7061,8625,OPERADORES DE INSTALAÇÕES DE REFRIGERAÇÃO E AR-CONDICIONADO,Família
7062,8211,OPERADORES DE INSTALAÇÕES DE SINTERIZAÇÃO,Família
7063,8233,OPERADORES DE INSTALAÇÕES E EQUIPAMENTOS DE FABRICAÇÃO DE MATERIAIS DE CONSTRUÇÃO,Família
7064,8117,OPERADORES DE INSTALAÇÕES E MÁQUINAS DE PRODUTOS PLÁSTICOS; DE BORRACHA E MOLDADORES DE,
7065,7734,OPERADORES DE MÁQUINA DE USINAR MADEIRA (PRODUÇÃO EM SÉRIE),Família
7066,8621,OPERADORES DE MÁQUINAS A VAPOR E UTILIDADES,Família
7067,7732,OPERADORES DE MÁQUINAS DE AGLOMERAÇÃO E PRENSAGEM DE CHAPAS,Família
7068,7245,OPERADORES DE MÁQUINAS DE CONFORMAÇÃO DE METAIS,Família
7069,7642,OPERADORES DE MÁQUINAS DE COSTURAR E MONTAR CALÇADOS,Família
7070,8321,OPERADORES DE MÁQUINAS DE FABRICAR PAPEL E PAPELÃO,Família
7071,7214,OPERADORES DE MÁQUINAS DE USINAGEM CNC,Família
7072,7735,OPERADORES DE MÁQUINAS DE USINAGEM DE MADEIRA CNC,Família
7073,7821,OPERADORES DE MÁQUINAS E EQUIPAMENTOS DE ELEVAÇÃO,Família
7074,8118,OPERADORES DE MÁQUINAS E INSTALAÇÕES DE PRODUTOS FARMACÊUTICOS; COSMÉTICOS E AFINS,Família
7075,7653,OPERADORES DE MÁQUINAS NA CONFECÇÃO DE ARTEFATOS DE COURO,Família
7076,8331,OPERADORES DE MÁQUINAS NA FABRICAÇÃO DE PRODUTOS DE PAPEL E PAPELÃO,Família
7077,7633,OPERADORES DE MÁQUINAS PARA BORDADO E ACABAMENTO DE ROUPAS,Família
7078,7632,OPERADORES DE MÁQUINAS PARA COSTURA DE PEÇAS DO VESTUÁRIO,Família
7079,8131,OPERADORES DE PROCESSOS DAS INDÚSTRIAS DE TRANSFORMAÇÃO DE PRODUTOS QUÍMICOS;,Família
7080,3722,OPERADORES DE REDE DE TELEPROCESSAMENTO E AFINS,Família
7081,7613,OPERADORES DE TEAR E MÁQUINAS SIMILARES,Família
7082,4222,OPERADORES DE TELEFONIA,Família
7083,4223,OPERADORES DE TELEMARKETING,Família
7084,862205,Operadores de tratamento e bombeamento de água,Sinônimo
7085,7733,OPERADORES DE USINAGEM CONVENCIONAL DE MADEIRA,Família
7086,7826,OPERADORES DE VEÍCULOS SOBRE TRILHOS E CABOS AÉREOS,Família
7087,7813,OPERADORES DE VEÍCULOS SUBAQUÁTICOS CONTROLADOS REMOTAMENTE,Família
7088,5211,OPERADORES DO COMÉRCIO EM LOJAS E MERCADOS,Família
7089,8231,OPERADORES NA PREPARAÇÃO DE MASSAS PARA ABRASIVO; VIDRO; CERÂMICA; PORCELANA E MATERIAISFamília,
7090,8110,OPERADORES POLIVALENTES DE EQUIPAMENTOS EM INDÚSTRIAS QUÍMICAS; PETROQUÍMICAS E AFINS    Família,
7091,322305,Óptico contatólogo,Sinônimo
7092,322305,Óptico oftálmico,Sinônimo
7093,322305,Óptico optometrista,Sinônimo
7094,322305,Óptico protesista,Sinônimo
7095,354820,Organizador de evento,Ocupação
7096,239410,Orientador de disciplina e área de estudo,Sinônimo
7097,239410,Orientador de ensino,Sinônimo
7098,620105,Orientador de plantio,Sinônimo
7099,519925,Orientador de tráfego para estacionamento,Sinônimo
7100,239410,Orientador educacional,Ocupação
7101,239410,Orientador escolar,Sinônimo
7102,224105,Orientador fisiocorporal,Sinônimo
7103,239410,Orientador profissional,Sinônimo
7104,515305,Orientador sócio educativo,Sinônimo
7105,239410,Orientador vocacional e profissional,Sinônimo
7106,612105,Orizicultor,Sinônimo
7107,712215,Ornamentador,Sinônimo
7108,375120,Ornamentador de eventos,Sinônimo
7109,712215,Ornamentista de pedra,Sinônimo
7110,203010,Ornitólogo,Sinônimo
7111,262610,Orquestrador,Sinônimo
7112,322505,Ortesista,Sinônimo
7113,223240,Ortodontista,Sinônimo
7114,223240,Ortodontólogo,Sinônimo
7115,225270,Ortopedista,Sinônimo
7116,223240,Ortopedista maxilar,Sinônimo
7117,223910,Ortoptista,Ocupação
7118,263105,Osho,Sinônimo
7119,226110,Osteopata,Ocupação
7120,631320,Ostreicultor,Sinônimo
7121,225275,Otorrino,Sinônimo
7122,225275,Otorrinolaringologista,Sinônimo
7123,751125,Ourives,Ocupação
7124,751125,Ourives de bijouteria,Sinônimo
7125,751125,Ourives montador,Sinônimo
7126,5199,OUTROS TRABALHADORES DOS SERVIÇOS,Família
7127,142340,Ouvidor,Ocupação
7128,613210,Ovinocultor - empregador,Sinônimo
7129,623210,Ovinocultor - exclusive conta própria,Sinônimo
7130,613210,Ovinocultor cabanheiro,Sinônimo
7131,613210,Ovinocultor matrizeiro,Sinônimo
7132,724310,Oxicortador,Sinônimo
7133,724310,Oxicortador a mão e a máquina,Ocupação
7134,723240,Oxidador,Ocupação
7135,848305,Padeiro,Ocupação
7136,848310,Padeiro confeiteiro,Sinônimo
7137,8483,PADEIROS; CONFEITEIROS E AFINS,Família
7138,515110,Padioleiro-enfermeiro,Sinônimo
7139,263105,Padre,Sinônimo
7140,263105,Padrinho de umbanda,Sinônimo
7141,765010,Padronista de chapéus,Sinônimo
7142,765225,Padronizador de velas de embarcações; toldos e barracas,Sinônimo
7143,263105,Pagé,Sinônimo
7144,768620,Paginador,Ocupação
7145,516205,Pajém (baby-sitter em início de carreira),Sinônimo
7146,762335,Palecionador de couros e peles,Ocupação
7147,251105,Paleetnólogo,Sinônimo
7148,213430,Paleontólogo,Ocupação
7149,376245,Palhaço,Ocupação
7150,612720,Palmicultor,Sinônimo
7151,632420,Palmiteiro,Sinônimo
7152,519905,Panfleteiro,Sinônimo
7153,848305,Panificador,Sinônimo
7154,613130,Pantaneiro,Sinônimo
7155,623125,Pantaneiro - exclusive conta própria e empregador,Sinônimo
7156,766145,Pantografista,Sinônimo
7157,141410,Papeleiro (comércio varejista),Sinônimo
7158,351815,Papiloscopista policial,Ocupação
7159,376230,Paradista,Sinônimo
7160,811335,Parafinador,Sinônimo
7161,811335,Parafineiro,Sinônimo
7162,763005,Paramenteiro - alfaite,Sinônimo
7163,516810,Paranormal,Ocupação
7164,516810,Parapsicólogo,Sinônimo
7165,613305,Parceiro - na criação de aves - empregador,Sinônimo
7166,613110,Parceiro - na criação de gado bovino - empregador,Sinônimo
7167,623420,Parceiro do bicho-da-seda,Sinônimo
7168,611005,Parceiro na agropecuária - conta própria,Sinônimo
7169,621005,Parceiro na agropecuária - exclusive conta própria e empregador,Sinônimo
7170,613005,Parceiro na pecuária,Sinônimo
7171,612005,Parceiro polivalente,Sinônimo
7172,263105,Pároco,Sinônimo
7173,841315,Parozeiro,Sinônimo
7174,515115,Parteira,Sinônimo
7175,515115,Parteira leiga,Ocupação
7176,515115,Parteira prática,Sinônimo
7177,351410,Partidor judicial,Sinônimo
7178,376215,Partner (circo),Sinônimo
7179,763325,Passadeira de peças confeccionadas,Ocupação
7180,516415,Passador - no serviço do vestuário,Sinônimo
7181,516415,Passador a ferro a vapor,Sinônimo
7182,516415,Passador de amostras de roupas,Sinônimo
7183,513405,Passador de guarnição,Sinônimo
7184,516415,Passador de roupas,Sinônimo
7185,516325,Passador de roupas à prensa,Sinônimo
7186,516325,Passador de roupas em calandra,Sinônimo
7187,516325,Passador de roupas em geral,Ocupação
7188,516325,Passador de roupas em manequim,Sinônimo
7189,516415,Passador de roupas; à mão,Ocupação
7190,516415,Passador de tecidos,Sinônimo
7191,761360,Passamaneiro a máquina,Ocupação
7192,848315,Pasteleiro,Sinônimo
7193,848205,Pasteurizador,Ocupação
7194,716515,Pastilheiro,Ocupação
7195,623210,Pastor - na pecuária,Sinônimo
7196,263105,Pastor evangélico,Sinônimo
7197,263110,Pastor evangelista,Sinônimo
7198,848315,Patisseiro,Sinônimo
7199,225325,Patologista,Sinônimo
7200,225335,Patologista clínico,Sinônimo
7201,341220,Patrão de pesca de alto-mar,Ocupação
7202,341225,Patrão de pesca na navegação interior,Ocupação
7203,715130,Patroleiro,Sinônimo
7204,715130,Patroleiro de pavimentação,Sinônimo
7205,715130,Patroleiro de terraplanagem,Sinônimo
7206,715140,Pavimentador,Sinônimo
7207,783230,Peador (trabalhador portuário),Sinônimo
7208,623105,Peão (asininos e muares),Sinônimo
7209,623120,Peão (bubalinos),Sinônimo
7210,623125,Peão (eqüinos),Sinônimo
7211,621005,Peão - na agropecuária,Sinônimo
7212,377105,Peão de boiadeiro,Sinônimo
7213,623015,Peão de cavalo,Sinônimo
7214,623015,Peão de estábulo,Sinônimo
7215,623110,Peão de pecuária,Sinônimo
7216,613110,Pecuário - na criação de gado bovino - empregador,Sinônimo
7217,613005,Pecuarista,Sinônimo
7218,613105,Pecuarista - na criação de asininos,Sinônimo
7219,613205,Pecuarista - na criação de caprinos - empregador,Sinônimo
7220,613110,Pecuarista - na criação de gado bovino - empregador,Sinônimo
7221,613105,Pecuarista - na criação de muares,Sinônimo
7222,613210,Pecuarista - na criação de ovinos,Sinônimo
7223,613215,Pecuarista - na criação de suínos empregador,Sinônimo
7224,613115,Pecuarista de leite,Sinônimo
7225,632405,Pecunheiro,Sinônimo
7226,239415,Pedagogo,Ocupação
7227,239225,Pedagogo em educação especial de cegos,Sinônimo
7228,239205,Pedagogo em educação especial de surdos,Sinônimo
7229,239210,Pedagogo especializado em deficiência física,Sinônimo
7230,239215,Pedagogo especializado em deficiência mental,Sinônimo
7231,239205,Pedagogo especializado em deficientes da áudio-comunicação,Sinônimo
7232,225124,Pediatra,Sinônimo
7233,516140,Pedicure,Ocupação
7234,516140,Pedicuro,Sinônimo
7235,715210,Pedreiro,Ocupação
7236,715215,Pedreiro (chaminés industriais),Ocupação
7237,715220,Pedreiro (material refratário),Ocupação
7238,715225,Pedreiro (mineração),Ocupação
7239,715210,Pedreiro de acabamento,Sinônimo
7240,715230,Pedreiro de alvenaria,Sinônimo
7241,715215,Pedreiro de chaminés,Sinônimo
7242,715210,Pedreiro de concreto,Sinônimo
7243,992220,Pedreiro de conservação de vias permanentes (exceto trilhos),Ocupação
7244,715230,Pedreiro de edificações,Ocupação
7245,715220,Pedreiro de forno,Sinônimo
7246,715210,Pedreiro de manutenção e conservação,Sinônimo
7247,715225,Pedreiro de mineração,Sinônimo
7248,715210,Pedreiro de reforma geral,Sinônimo
7249,621005,Pegador de animais - na agropecuária,Sinônimo
7250,519920,Pegador de bola,Sinônimo
7251,263105,Pegigan,Sinônimo
7252,141410,Peixeiro (comércio varejista),Sinônimo
7253,141410,Peleteiro (comércio varejista),Sinônimo
7254,241025,Penalista,Sinônimo
7255,621005,Peneirador - na agropecuária,Sinônimo
7256,632315,Peneirador de vinho de bacaba,Sinônimo
7257,722325,Peneireiro - na fundição,Sinônimo
7258,613005,Pequeno produtor rural,Sinônimo
7259,632360,Pequizeiro,Sinônimo
7260,325015,Perfumista,Ocupação
7261,761366,Perfurador de cartões jacquard,Sinônimo
7262,711320,Perfurador de poços artesianos,Sinônimo
7263,223570,Perfusionista,Ocupação
7264,223248,Periodontista,Sinônimo
7265,252215,Perito assistente (contador),Sinônimo
7266,354415,Perito avaliador de bens móveis,Sinônimo
7267,252215,Perito contábil,Ocupação
7268,252215,Perito contador,Sinônimo
7269,204105,Perito criminal,Ocupação
7270,204105,Perito criminalístico,Sinônimo
7271,204105,Perito criminalístico engenheiro,Sinônimo
7272,204105,Perito criminalístico químico,Sinônimo
7273,252215,Perito de balanço,Sinônimo
7274,251205,Perito econômico,Sinônimo
7275,351815,Perito em identificação,Sinônimo
7276,252215,Perito judicial contábil,Sinônimo
7277,252215,Perito liquidador (contador),Sinônimo
7278,204105,Perito oficial,Sinônimo
7279,351815,Perito papiloscopista,Sinônimo
7280,2041,PERITOS CRIMINAIS,Família
7281,224120,Personal treanning,Sinônimo
7282,414115,Pesador,Sinônimo
7283,631015,Pescador artesanal de lagostas com covos,Sinônimo
7284,631105,Pescador artesanal de água doce,Ocupação
7285,631020,Pescador artesanal de camarões,Sinônimo
7286,631015,Pescador artesanal de lagostas,Ocupação
7287,631015,Pescador artesanal de lagostas com gaiolas,Sinônimo
7288,631020,Pescador artesanal de peixes,Sinônimo
7289,631020,Pescador artesanal de peixes e camaões com rede de calão,Sinônimo
7290,631020,Pescador artesanal de peixes e camarões,Ocupação
7291,631020,Pescador artesanal de peixes e camarões com covos,Sinônimo
7292,631020,Pescador artesanal de peixes e camarões com espinhel,Sinônimo
7293,631020,Pescador artesanal de peixes e camarões com redes e linhas,Sinônimo
7294,631020,Pescador artesanal de peixes e camarões em currais,Sinônimo
7295,631020,Pescador de espinhel (embarcações de pesca),Sinônimo
7296,631015,Pescador de lagostas,Sinônimo
7297,631020,Pescador de linhas (embarcações de pesca),Sinônimo
7298,631020,Pescador de peixes e camarões com redes,Sinônimo
7299,631020,Pescador de peixes e camarões em embarcações de pequeno porte,Sinônimo
7300,631020,Pescador de tarrafa (peixes e camarões),Sinônimo
7301,631205,Pescador industrial,Ocupação
7302,631015,Pescador lagosteiro,Sinônimo
7303,631210,Pescador profissional,Ocupação
7304,6312,PESCADORES DE ÁGUA COSTEIRA E ALTO MAR,Família
7305,6310,PESCADORES POLIVALENTES,Família
7306,6311,PESCADORES PROFISSIONAIS ARTESANAIS DE ÁGUA DOCE,Família
7307,848520,Pescoceiro em matadouro,Sinônimo
7308,203025,Pesquisador botânico,Sinônimo
7309,203405,Pesquisador das ciências agrárias,Sinônimo
7310,203305,Pesquisador de clínica médica,Ocupação
7311,203205,Pesquisador de engenharia civil,Ocupação
7312,203210,Pesquisador de engenharia e tecnologia (outras áreas da engenharia),Ocupação
7313,203215,Pesquisador de engenharia elétrica e eletrônica,Ocupação
7314,203220,Pesquisador de engenharia mecânica,Ocupação
7315,203225,Pesquisador de engenharia metalúrgica; de minas e de materiais,Ocupação
7316,203230,Pesquisador de engenharia química,Ocupação
7317,261215,Pesquisador de informações de rede,Sinônimo
7318,203310,Pesquisador de medicina básica,Ocupação
7319,424120,Pesquisador de preços,Sinônimo
7320,203005,Pesquisador em biologia ambiental,Ocupação
7321,203010,Pesquisador em biologia animal,Ocupação
7322,203015,Pesquisador em biologia de microorganismos e parasitas,Ocupação
7323,203020,Pesquisador em biologia humana,Ocupação
7324,203025,Pesquisador em biologia vegetal,Ocupação
7325,203405,Pesquisador em ciências agronômicas,Ocupação
7326,203105,Pesquisador em ciências da computação e informática,Ocupação
7327,203515,Pesquisador em ciências da educação,Ocupação
7328,203410,Pesquisador em ciências da pesca e aqüicultura,Ocupação
7329,203110,Pesquisador em ciências da terra e meio ambiente,Ocupação
7330,203415,Pesquisador em ciências da zootecnia,Ocupação
7331,203420,Pesquisador em ciências florestais,Ocupação
7332,203505,Pesquisador em ciências sociais e humanas,Ocupação
7333,203510,Pesquisador em economia,Ocupação
7334,203115,Pesquisador em física,Ocupação
7335,203520,Pesquisador em história,Ocupação
7336,203120,Pesquisador em matemática,Ocupação
7337,203315,Pesquisador em medicina veterinária,Ocupação
7338,201205,Pesquisador em metrologia,Ocupação
7339,262620,Pesquisador em música,Sinônimo
7340,203525,Pesquisador em psicologia,Ocupação
7341,203125,Pesquisador em química,Ocupação
7342,203320,Pesquisador em saúde coletiva,Ocupação
7343,2030,PESQUISADORES DAS CIÊNCIAS BIOLÓGICAS,Família
7344,2034,PESQUISADORES DAS CIÊNCIAS DA AGRICULTURA,Família
7345,2031,PESQUISADORES DAS CIÊNCIAS NATURAIS E EXATAS,Família
7346,2035,PESQUISADORES DAS CIÊNCIAS SOCIAIS E HUMANAS,Família
7347,2032,PESQUISADORES DE ENGENHARIA E TECNOLOGIA,Família
7348,612505,Pessicultor,Sinônimo
7349,716605,Petintal (calafetação),Sinônimo
7350,213435,Petrógrafo,Ocupação
7351,632365,Piaçaveiro,Sinônimo
7352,848525,Picador de carne em matadouro,Sinônimo
7353,848510,Picador em açougue,Sinônimo
7354,724435,Picheleiro,Sinônimo
7355,761366,Picotador de cartões jacquard,Ocupação
7356,821440,Picotador de flandres,Sinônimo
7357,511510,Piloteiro de turismo de pesca,Sinônimo
7358,341120,Piloto agrícola,Ocupação
7359,341105,Piloto comercial,Sinônimo
7360,341105,Piloto comercial (exceto linhas aéreas),Ocupação
7361,341110,Piloto comercial de helicóptero (exceto linhas aéreas),Ocupação
7362,215305,Piloto de aeronaves,Ocupação
7363,215305,Piloto de avião,Sinônimo
7364,377135,Piloto de competição automobilística,Ocupação
7365,215310,Piloto de ensaios em vôo,Ocupação
7366,215305,Piloto de helicóptero,Sinônimo
7367,215305,Piloto de linha aérea regular,Sinônimo
7368,215310,Piloto de provas,Sinônimo
7369,781305,Piloto de rov,Sinônimo
7370,341230,Piloto fluvial,Ocupação
7371,3411,PILOTOS DE AVIAÇÃO COMERCIAL; MECÂNICOS DE VÔO E AFINS,Família
7372,761815,Pinçador (produção têxtil),Sinônimo
7373,262405,Pintor (artes visuais),Sinônimo
7374,723310,Pintor (retoques),Sinônimo
7375,723310,Pintor a pincel e rolo (exceto obras e estruturas metálicas),Ocupação
7376,723330,Pintor a revólver,Sinônimo
7377,723220,Pintor a revólver (pintura eletrostática),Sinônimo
7378,716610,Pintor de alvenaria,Sinônimo
7379,723320,Pintor de automóveis,Sinônimo
7380,723320,Pintor de aviões,Sinônimo
7381,723330,Pintor de brinquedos,Sinônimo
7382,723320,Pintor de carros,Sinônimo
7383,716610,Pintor de casas,Sinônimo
7384,752420,Pintor de cerâmica a pistola,Sinônimo
7385,752430,Pintor de cerâmica manual,Sinônimo
7386,752430,Pintor de cerâmica; a pincel,Ocupação
7387,716610,Pintor de construções cênicas,Sinônimo
7388,311725,Pintor de couros e peles à mão,Sinônimo
7389,311725,Pintor de couros e peles à pistola,Sinônimo
7390,716610,Pintor de decoração de fundo (cinema e teatro),Sinônimo
7391,716610,Pintor de edifícios,Sinônimo
7392,723315,Pintor de estruturas metálicas,Ocupação
7393,723330,Pintor de geladeira,Sinônimo
7394,768625,Pintor de letreiros,Ocupação
7395,723315,Pintor de metais a pistola,Sinônimo
7396,723320,Pintor de motos,Sinônimo
7397,723330,Pintor de móveis - a pistola,Sinônimo
7398,716610,Pintor de obras,Ocupação
7399,716610,Pintor de paredes,Sinônimo
7400,723320,Pintor de vagões tanques,Sinônimo
7401,723320,Pintor de veículos (fabricação),Ocupação
7402,991315,Pintor de veículos (reparação),Ocupação
7403,723325,Pintor especializado em pintura acrílica,Sinônimo
7404,723320,Pintor especializado em pintura acrílica (veículos),Sinônimo
7405,723315,Pintor industrial,Sinônimo
7406,723325,Pintor por imersão,Ocupação
7407,723330,Pintor por pulverização (exceto veículos),Sinônimo
7408,723330,Pintor; a pistola (exceto obras e estruturas metálicas),Ocupação
7409,7166,PINTORES DE OBRAS E REVESTIDORES DE INTERIORES (REVESTIMENTOS FLEXÍVEIS)   Família,
7410,524310,Pipoqueiro ambulante,Ocupação
7411,631105,Pirangueiro,Sinônimo
7412,511510,Pirangueiro de turismo de pesca,Sinônimo
7413,376215,Pirofagista,Sinônimo
7414,812105,Pirotécnico,Ocupação
7415,631325,Piscicultor,Sinônimo
7416,514330,Piscineiro,Sinônimo
7417,716525,Piseiro (mármore e granito),Sinônimo
7418,716515,Piseiro (pastilhas),Sinônimo
7419,752420,Pistoleiro (cerâmica),Sinônimo
7420,721215,Plainador de metais (plaina limadora),Sinônimo
7421,764305,Planchador de calçados,Sinônimo
7422,214910,Planejador de controle de qualidade,Sinônimo
7423,262905,Planejador de interiores,Sinônimo
7424,314205,Planejador de processos (fabricação de ferramentas),Sinônimo
7425,314210,Planejador de processos (manutenção de ferramentas),Sinônimo
7426,391125,Planejador de produção (técnico),Sinônimo
7427,122520,Planejador de turismo (turismólogo),Sinônimo
7428,214125,Planejador urbano,Sinônimo
7429,391120,Planejista,Ocupação
7430,622020,Plantador - exclusive conta própria e empregador,Sinônimo
7431,622615,Plantador da matecultura,Sinônimo
7432,612225,Plantador de agave,Sinônimo
7433,612205,Plantador de algodão,Sinônimo
7434,622205,Plantador de algodão - exclusive conta própria e empregador,Sinônimo
7435,622105,Plantador de arroz - conta própria,Sinônimo
7436,622105,Plantador de arroz - empregador,Sinônimo
7437,622315,Plantador de beterraba,Sinônimo
7438,622110,Plantador de cana-de-açúcar - conta própria,Sinônimo
7439,622110,Plantador de cana-de-açúcar - empregador,Sinônimo
7440,622020,Plantador de cultura permanente,Sinônimo
7441,622020,Plantador de cultura temporária,Sinônimo
7442,612210,Plantador de curauá,Sinônimo
7443,612215,Plantador de juta,Sinônimo
7444,632340,Plantador de malva,Sinônimo
7445,622115,Plantador de milho e sorgo - empregador,Sinônimo
7446,612220,Plantador de rami,Sinônimo
7447,612225,Plantador de sisal,Sinônimo
7448,622210,Plantador de sisal ou agave - exclusive conta própria e empregador,Sinônimo
7449,622120,Plantador de trigo - conta própria,Sinônimo
7450,622120,Plantador de trigo - empregador,Sinônimo
7451,519905,Plaqueiro,Sinônimo
7452,711325,Plataformista (petróleo),Ocupação
7453,723215,Platinador,Sinônimo
7454,225127,Pneumologista,Sinônimo
7455,225127,Pneumotisiologista,Sinônimo
7456,632520,Poaieiro,Sinônimo
7457,717015,Poceiro,Sinônimo
7458,717015,Poceiro (edificações),Ocupação
7459,622020,Podador agrícola,Sinônimo
7460,622605,Podador da cultura de cacau,Sinônimo
7461,992225,Podador de árvores na conservação de vias permanentes,Sinônimo
7462,622615,Podador de erva-mate,Sinônimo
7463,622625,Podador de guaraná,Sinônimo
7464,322110,Podólogo,Ocupação
7465,261525,Poeta,Ocupação
7466,352205,Polícia florestal e de mananciais,Sinônimo
7467,5172,POLICIAIS; GUARDAS-CIVIS MUNICIPAIS E AGENTES DE TRÂNSITO,Família
7468,517210,Policial rodoviário federal,Ocupação
7469,519915,Polidor de artefatos de couro,Sinônimo
7470,519915,Polidor de calçados,Sinônimo
7471,764305,Polidor de calçados (na fabricação),Sinônimo
7472,752235,Polidor de cristais,Sinônimo
7473,752235,Polidor de cristais de óptica; a máquina,Sinônimo
7474,721325,Polidor de ferramentas,Sinônimo
7475,721325,Polidor de fieiras,Sinônimo
7476,712220,Polidor de granito,Sinônimo
7477,752235,Polidor de lentes,Sinônimo
7478,712220,Polidor de mármore,Sinônimo
7479,716525,Polidor de mármore e granito (na construção),Sinônimo
7480,712220,Polidor de marmorite,Sinônimo
7481,721325,Polidor de matrizes,Sinônimo
7482,721325,Polidor de metais,Ocupação
7483,721325,Polidor de metais a mão,Sinônimo
7484,712220,Polidor de pedras,Ocupação
7485,712220,Polidor de pedras; a mão,Sinônimo
7486,712220,Polidor de pedras; a máquina,Sinônimo
7487,721325,Polidor de rodas dentadas a máquina,Sinônimo
7488,519935,Polidor de veículos,Sinônimo
7489,752230,Polidor de vidros,Sinônimo
7490,752230,Polidor de vidros e cristais,Sinônimo
7491,263105,Pontífice,Sinônimo
7492,263105,Pope,Sinônimo
7493,782145,Portaló nas operações de máquinas e equipamentos de elevação,Sinônimo
7494,517410,Porteiro,Sinônimo
7495,517410,Porteiro de edifícios,Ocupação
7496,517415,Porteiro de locais de diversão,Ocupação
7497,517410,Porteiro industrial,Sinônimo
7498,5174,PORTEIROS; VIGIAS E AFINS,Família
7499,783220,Portuário,Sinônimo
7500,374415,Pós-produtor de tv e vídeo,Sinônimo
7501,611005,Posseiro na agropecuária - conta própria,Sinônimo
7502,010305,Praça da aeronáutica,Ocupação
7503,010315,Praça da marinha,Ocupação
7504,010310,Praça do exército,Ocupação
7505,0103,PRAÇAS DAS FORÇAS ARMADAS,Família
7506,723215,Prateador,Sinônimo
7507,723235,Prateador (processo eletrolítico),Sinônimo
7508,752425,Prateador de espelho,Sinônimo
7509,215145,Prático de portos da marinha mercante,Ocupação
7510,111250,Prefeito,Ocupação
7511,354405,Pregoeiro,Sinônimo
7512,263105,Prelado,Sinônimo
7513,752330,Prensador cerâmico,Sinônimo
7514,762330,Prensador de couros e peles,Ocupação
7515,841464,Prensador de frutas (exceto oleaginosas),Ocupação
7516,784125,Prensador de sacos,Sinônimo
7517,841460,Prensador de sementes e frutas oleaginosas,Sinônimo
7518,519215,Prenseiro,Sinônimo
7519,519215,Prensista,Sinônimo
7520,773210,Prensista de aglomerado de madeira,Sinônimo
7521,773210,Prensista de aglomerados,Ocupação
7522,811750,Prensista de borracha,Sinônimo
7523,773215,Prensista de compensados,Ocupação
7524,773215,Prensista de lâmina de madeira,Sinônimo
7525,751125,Prensista de ourivesaria,Sinônimo
7526,811760,Prensista de plástico,Sinônimo
7527,823230,Prensista de rebolo de diamante,Sinônimo
7528,828110,Prensista de telhas e tijolos,Sinônimo
7529,823130,Preparador de aditivos,Ocupação
7530,823130,Preparador de aditivos e massas refratárias,Sinônimo
7531,711105,Preparador de aglomerados de minérios e rochas,Sinônimo
7532,773220,Preparador de aglomerantes,Ocupação
7533,711105,Preparador de amostras de minérios e rochas,Sinônimo
7534,811335,Preparador de anéis de parafina,Sinônimo
7535,821245,Preparador de área de corrida,Sinônimo
7536,722325,Preparador de areia - em fundição,Sinônimo
7537,823115,Preparador de argila,Sinônimo
7538,224115,Preparador de atleta,Ocupação
7539,823120,Preparador de barbotina,Ocupação
7540,764115,Preparador de calçados,Ocupação
7541,773220,Preparador de cola para madeira,Sinônimo
7542,823110,Preparador de composição de matéria-prima (vidro),Sinônimo
7543,762340,Preparador de couros curtidos,Ocupação
7544,513420,Preparador de drinques e bebidas,Sinônimo
7545,823125,Preparador de esmaltes (cerâmica),Ocupação
7546,842105,Preparador de essência de fumo,Sinônimo
7547,724220,Preparador de estruturas de aço,Sinônimo
7548,724220,Preparador de estruturas metálicas,Ocupação
7549,711120,Preparador de explosivos bombeados - detonador (blaster),Sinônimo
7550,721225,Preparador de ferramentas para máquinas-ferramenta,Sinônimo
7551,766125,Preparador de fotolitos,Sinônimo
7552,721225,Preparador de fresadora copiadora,Sinônimo
7553,721225,Preparador de fresadora de engrenagens,Sinônimo
7554,848605,Preparador de fumo,Sinônimo
7555,842205,Preparador de fumo na fabricação de charutos,Ocupação
7556,721225,Preparador de furadeira,Sinônimo
7557,773220,Preparador de goma para colagem de madeira,Sinônimo
7558,841408,Preparador de guarnições,Sinônimo
7559,841408,Preparador de ingredientes (conservação de alimentos),Sinônimo
7560,822125,Preparador de ligas na metalurgia,Sinônimo
7561,763105,Preparador de lotes e pacotes,Sinônimo
7562,721225,Preparador de máquina de tarraxar,Sinônimo
7563,721225,Preparador de máquina de transferência,Sinônimo
7564,722105,Preparador de máquinas de forjar,Sinônimo
7565,721225,Preparador de máquinas-ferramenta,Ocupação
7566,823105,Preparador de massa (fabricação de abrasivos),Ocupação
7567,823110,Preparador de massa (fabricação de vidro),Ocupação
7568,823105,Preparador de massa abrasiva,Sinônimo
7569,823120,Preparador de massa cerâmica,Sinônimo
7570,823115,Preparador de massa de argila em cerâmica,Sinônimo
7571,823115,Preparador de massa de argila em olaria,Sinônimo
7572,831105,Preparador de massa para fabricação de papel,Sinônimo
7573,823115,Preparador de massa refratária (revestimento de forno),Sinônimo
7574,841810,Preparador de massas alimentícias - na fabricação,Sinônimo
7575,766325,Preparador de matrizes de corte e vinco,Ocupação
7576,842105,Preparador de melado e essência de fumo,Ocupação
7577,823105,Preparador de mistura abrasiva,Sinônimo
7578,752325,Preparador de moldes (cerâmica),Sinônimo
7579,722320,Preparador de moldes de fundição; à máquina,Sinônimo
7580,764120,Preparador de palmilhas,Sinônimo
7581,722235,Preparador de panelas (lingotamento),Ocupação
7582,311715,Preparador de pastas (na fabricação de tintas),Sinônimo
7583,723205,Preparador de peça para decapagem,Sinônimo
7584,723205,Preparador de peça para imersão,Sinônimo
7585,721225,Preparador de prensa mecânica de metais,Sinônimo
7586,763315,Preparador de produção de peças para bordar,Sinônimo
7587,623015,Preparador de ração natural para gado,Sinônimo
7588,841468,Preparador de rações,Ocupação
7589,721225,Preparador de retificadora sem centro,Sinônimo
7590,764120,Preparador de saltos para calçados,Sinônimo
7591,764120,Preparador de solas e palmilhas,Ocupação
7592,821445,Preparador de sucata e aparas,Ocupação
7593,752410,Preparador de tela serigráfica de vidro,Sinônimo
7594,752405,Preparador de tela serigráfica para cerâmica,Sinônimo
7595,311720,Preparador de tintas (fábrica de tecidos),Ocupação
7596,721225,Preparador de torno automático,Sinônimo
7597,721225,Preparador de torno copiador,Sinônimo
7598,721225,Preparador de torno revólver,Sinônimo
7599,711330,Preparador e instalador de lodo para sondagem,Sinônimo
7600,224120,Preparador físico,Ocupação
7601,224120,Preparador fisiocorporal,Sinônimo
7602,8311,PREPARADORES DE PASTA PARA FABRICAÇÃO DE PAPEL,Família
7603,7212,PREPARADORES E OPERADORES DE MÁQUINAS-FERRAMENTA CONVENCIONAIS,Família
7604,354405,Preposto de leiloeiro,Sinônimo
7605,263105,Presbítero,Sinônimo
7606,111205,Presidente da república,Ocupação
7607,376235,Prestidigitador,Sinônimo
7608,263105,Primaz,Sinônimo
7609,860105,Primeiro oficial de manutenção eletromecânica (utilidades),Sinônimo
7610,860115,Primeiro oficial de manutenção na geração; transmissão e distribuição de energia elétrica   Sinônimo,
7611,215210,Primeiro oficial de máquinas da marinha mercante,Ocupação
7612,215140,Primeiro oficial de náutica,Sinônimo
7613,215115,Primeiro oficial de náutica (comandante),Sinônimo
7614,215125,Primeiro oficial de náutica (imediato),Sinônimo
7615,020305,Primeiro tenente de polícia militar,Ocupação
7616,010305,Primeiro-sargento da aeronáutica,Sinônimo
7617,010315,Primeiro-sargento da marinha,Sinônimo
7618,010310,Primeiro-sargento do exército,Sinônimo
7619,030305,Primeiro-tenente bombeiro militar,Sinônimo
7620,010215,Primeiro-tenente da marinha,Sinônimo
7621,030305,Primeiro-tenente do corpo de bombeiros,Sinônimo
7622,010210,Primeiro-tenente do exército,Sinônimo
7623,263105,Prior,Sinônimo
7624,263105,Prioressa,Sinônimo
7625,842110,Processador de fumo,Ocupação
7626,225280,Proctologista,Sinônimo
7627,241210,Procurador autárquico,Ocupação
7628,242410,Procurador da assistência judiciária,Ocupação
7629,241215,Procurador da fazenda nacional,Ocupação
7630,242205,Procurador da república,Ocupação
7631,241235,Procurador de fundação,Sinônimo
7632,242210,Procurador de justiça,Ocupação
7633,242215,Procurador de justiça militar,Ocupação
7634,241215,Procurador distrital,Sinônimo
7635,241220,Procurador do estado,Ocupação
7636,241225,Procurador do município,Ocupação
7637,242220,Procurador do trabalho,Ocupação
7638,241230,Procurador federal,Ocupação
7639,241235,Procurador fundacional,Ocupação
7640,241225,Procurador municipal,Sinônimo
7641,241215,Procurador na Justiça,Sinônimo
7642,242225,Procurador regional da república,Ocupação
7643,242230,Procurador regional do trabalho,Ocupação
7644,2412,PROCURADORES E ADVOGADOS PÚBLICOS,Família
7645,612005,Produtor agrícola polivalente,Ocupação
7646,611005,Produtor agropecuário; em geral,Ocupação
7647,262110,Produtor cinematográfico,Ocupação
7648,262105,Produtor cultural,Ocupação
7649,612705,Produtor da cultura de amendoim,Ocupação
7650,612710,Produtor da cultura de canola,Ocupação
7651,612715,Produtor da cultura de coco-da-baia,Ocupação
7652,612720,Produtor da cultura de dendê,Ocupação
7653,612725,Produtor da cultura de girassol,Ocupação
7654,612730,Produtor da cultura de linho,Ocupação
7655,612735,Produtor da cultura de mamona,Ocupação
7656,612720,Produtor da cultura de palma,Sinônimo
7657,612740,Produtor da cultura de soja,Ocupação
7658,612505,Produtor de abacate,Sinônimo
7659,612510,Produtor de abacaxi,Sinônimo
7660,612225,Produtor de agave,Sinônimo
7661,612205,Produtor de algodão,Ocupação
7662,612705,Produtor de amendoim,Sinônimo
7663,612105,Produtor de arroz,Ocupação
7664,612505,Produtor de árvores frutíferas,Ocupação
7665,612115,Produtor de aveia,Sinônimo
7666,612505,Produtor de banana,Sinônimo
7667,612610,Produtor de cacau,Ocupação
7668,612605,Produtor de café,Sinônimo
7669,612505,Produtor de caju,Sinônimo
7670,612710,Produtor de canola,Sinônimo
7671,612505,Produtor de caqui,Sinônimo
7672,612115,Produtor de centeio,Sinônimo
7673,612115,Produtor de cereais de inverno,Ocupação
7674,612115,Produtor de cevada,Sinônimo
7675,612715,Produtor de coco,Sinônimo
7676,612710,Produtor de colza,Sinônimo
7677,612210,Produtor de curauá,Ocupação
7678,612720,Produtor de dendê,Sinônimo
7679,612615,Produtor de erva-mate,Ocupação
7680,612805,Produtor de especiarias,Ocupação
7681,612510,Produtor de espécies frutíferas rasteiras,Ocupação
7682,612515,Produtor de espécies frutíferas trepadeiras,Ocupação
7683,612405,Produtor de flores de corte,Ocupação
7684,612410,Produtor de flores em vaso,Ocupação
7685,612415,Produtor de forrações,Ocupação
7686,612515,Produtor de framboesa,Sinônimo
7687,612620,Produtor de fumo,Ocupação
7688,612725,Produtor de girassol,Sinônimo
7689,612120,Produtor de gramíneas forrageiras,Ocupação
7690,612625,Produtor de guaraná,Ocupação
7691,613415,Produtor de húmus de minhoca,Sinônimo
7692,262110,Produtor de imagem (cinema),Sinônimo
7693,262125,Produtor de imagem (televisão),Sinônimo
7694,612215,Produtor de juta,Ocupação
7695,612505,Produtor de laranja,Sinônimo
7696,613115,Produtor de leite - na criação de gado bovino - empregador,Sinônimo
7697,612730,Produtor de linhaça,Sinônimo
7698,612730,Produtor de linho,Sinônimo
7699,612505,Produtor de maçã,Sinônimo
7700,612505,Produtor de mamão,Sinônimo
7701,612735,Produtor de mamona,Sinônimo
7702,612505,Produtor de manga,Sinônimo
7703,612515,Produtor de maracujá,Sinônimo
7704,612510,Produtor de melancia,Sinônimo
7705,612510,Produtor de melão,Sinônimo
7706,612125,Produtor de milho,Sinônimo
7707,612125,Produtor de milho e sorgo,Ocupação
7708,612510,Produtor de morango,Sinônimo
7709,632015,Produtor de mudas (florestas),Sinônimo
7710,612720,Produtor de palma,Sinônimo
7711,612505,Produtor de pêra,Sinônimo
7712,612505,Produtor de pêssego,Sinônimo
7713,613305,Produtor de pinto de corte,Sinônimo
7714,612810,Produtor de plantas aromáticas e medicinais,Ocupação
7715,612420,Produtor de plantas ornamentais,Ocupação
7716,262125,Produtor de programa,Sinônimo
7717,262115,Produtor de rádio,Ocupação
7718,612220,Produtor de rami,Ocupação
7719,612120,Produtor de sementes forrageiras,Sinônimo
7720,612740,Produtor de soja,Sinônimo
7721,262110,Produtor de som (cinema),Sinônimo
7722,262115,Produtor de som (rádio),Sinônimo
7723,262120,Produtor de som (teatro),Sinônimo
7724,262125,Produtor de som (televisão),Sinônimo
7725,612125,Produtor de sorgo,Sinônimo
7726,262120,Produtor de teatro,Ocupação
7727,262125,Produtor de televisão,Ocupação
7728,261130,Produtor de texto,Ocupação
7729,612115,Produtor de trigo,Sinônimo
7730,612115,Produtor de triticale,Sinônimo
7731,612515,Produtor de uva,Sinônimo
7732,373205,Produtor gráfico para televisão e produtoras de vídeo,Sinônimo
7733,612320,Produtor na olericultura de frutos e sementes,Ocupação
7734,612305,Produtor na olericultura de legumes,Ocupação
7735,612310,Produtor na olericultura de raízes; bulbos e tubérculos,Ocupação
7736,612315,Produtor na olericultura de talos; folhas e flores,Ocupação
7737,613110,Produtor rural de gado de corte,Sinônimo
7738,613005,Produtor rural em pecuária,Sinônimo
7739,611005,Produtor rural na agropecuária,Sinônimo
7740,612005,Produtor rural polivalente na agricultura - conta própria,Sinônimo
7741,612005,Produtor rural polivalente na agricultura - empregador,Sinônimo
7742,6121,PRODUTORES AGRÍCOLAS NA CULTURA DE GRAMÍNEAS,Família
7743,6126,PRODUTORES AGRÍCOLAS NA CULTURA DE PLANTAS ESTIMULANTES,Família
7744,6122,PRODUTORES AGRÍCOLAS NA CULTURA DE PLANTAS FIBROSAS,Família
7745,6125,PRODUTORES AGRÍCOLAS NA FRUTICULTURA,Família
7746,6123,PRODUTORES AGRÍCOLAS NA OLERICULTURA,Família
7747,6124,PRODUTORES AGRÍCOLAS NO CULTIVO DE FLORES E PLANTAS ORNAMENTAIS,Família
7748,6120,PRODUTORES AGRÍCOLAS POLIVALENTES,Família
7749,6110,PRODUTORES AGROPECUÁRIOS EM GERAL,Família
7750,2621,PRODUTORES ARTÍSTICOS E CULTURAIS,Família
7751,6133,PRODUTORES DA AVICULTURA E CUNICULTURA,Família
7752,6134,PRODUTORES DE ANIMAIS E INSETOS ÚTEIS,Família
7753,6128,PRODUTORES DE ESPECIARIAS E DE PLANTAS AROMÁTICAS E MEDICINAIS,Família
7754,6131,PRODUTORES EM PECUÁRIA DE ANIMAIS DE GRANDE PORTE,Família
7755,6132,PRODUTORES EM PECUÁRIA DE ANIMAIS DE MÉDIO PORTE,Família
7756,6130,PRODUTORES EM PECUÁRIA POLIVALENTE,Família
7757,631415,Proeiro,Ocupação
7758,332105,Professor assistente de regência de classe,Sinônimo
7759,231205,Professor da educação de jovens e adultos do ensino fundamental (primeira a quarta série)   Ocupação,
7760,233105,Professor da área de meio ambiente,Ocupação
7761,231210,Professor das séries iniciais,Sinônimo
7762,239205,Professor de língua portuguesa na modalidade escrita (ensino especial),Sinônimo
7763,234810,Professor de administração,Ocupação
7764,234810,Professor de administração financeira,Sinônimo
7765,234810,Professor de administração pública,Sinônimo
7766,234604,Professor de alemão,Sinônimo
7767,234110,Professor de álgebra linear (no ensino superior),Sinônimo
7768,239220,Professor de aluno surdo-cego,Sinônimo
7769,239205,Professor de alunos com deficiência auditiva e surdos,Ocupação
7770,239215,Professor de alunos com deficiência mental,Ocupação
7771,239220,Professor de alunos com deficiência múltipla,Ocupação
7772,239225,Professor de alunos com deficiência visual,Ocupação
7773,239215,Professor de alunos com deficiências mentais,Sinônimo
7774,239205,Professor de alunos com distúrbios da áudio-comunicação,Sinônimo
7775,234115,Professor de amostragem estatística (no ensino superior),Sinônimo
7776,234815,Professor de análise de custos,Sinônimo
7777,234705,Professor de antropologia do ensino superior,Ocupação
7778,234305,Professor de arquitetura,Ocupação
7779,234710,Professor de arquivologia do ensino superior,Ocupação
7780,234905,Professor de artes cênicas no ensino superior,Sinônimo
7781,231310,Professor de artes do ensino fundamental de de 5ª a 8ª série,Sinônimo
7782,234905,Professor de artes do espetáculo no ensino superior,Ocupação
7783,231310,Professor de artes na educação de jovens e adultos do ensino fundamental de 5ª a 8ª série   Sinônimo,
7784,232105,Professor de artes no ensino médio,Ocupação
7785,234910,Professor de artes visuais no ensino superior (artes plásticas e multimídia),Ocupação
7786,234215,Professor de astronomia (ensino superior),Ocupação
7787,234815,Professor de auditoria contábil,Sinônimo
7788,234715,Professor de biblioteconomia do ensino superior,Ocupação
7789,232110,Professor de biologia no ensino médio,Ocupação
7790,239225,Professor de braile,Sinônimo
7791,234105,Professor de cálculo numérico (no ensino superior),Sinônimo
7792,239225,Professor de cegos,Sinônimo
7793,234720,Professor de ciência política do ensino superior,Ocupação
7794,234405,Professor de ciências biológicas do ensino superior,Ocupação
7795,231305,Professor de ciências na educação de jovens e adultos do ensino fundamental de 5ª a 8ª série   Sinônimo,
7796,231305,Professor de ciências naturais no ensino fundamental de 5ª a 8ª série,Sinônimo
7797,234905,Professor de circo no ensino superior,Sinônimo
7798,234435,Professor de clínica cirúrgica (ensino superior),Sinônimo
7799,234435,Professor de clínica médica (ensino superior),Sinônimo
7800,234120,Professor de computação (no ensino superior),Ocupação
7801,234725,Professor de comunicação social do ensino superior,Ocupação
7802,234815,Professor de contabilidade,Ocupação
7803,234815,Professor de contabilidade bancária,Sinônimo
7804,234815,Professor de contabilidade financeira,Sinônimo
7805,234815,Professor de contabilidade industrial,Sinônimo
7806,234815,Professor de contabilidade internacional,Sinônimo
7807,234815,Professor de contabilidade pública,Sinônimo
7808,234815,Professor de contabilidade societária,Sinônimo
7809,231110,Professor de creche,Sinônimo
7810,234676,Professor de crítica textual,Sinônimo
7811,262830,Professor de dança,Ocupação
7812,234905,Professor de dança no ensino superior,Sinônimo
7813,233110,Professor de desenho técnico,Ocupação
7814,234805,Professor de desenvolvimento econômico,Sinônimo
7815,234505,Professor de didática (ensino superior),Sinônimo
7816,234730,Professor de direito do ensino superior,Ocupação
7817,232115,Professor de disciplinas pedagógicas no ensino médio,Ocupação
7818,234805,Professor de econometria,Sinônimo
7819,234805,Professor de economia,Ocupação
7820,234805,Professor de economia internacional,Sinônimo
7821,231310,Professor de educação artística do ensino fundamental,Ocupação
7822,231315,Professor de educação física do ensino fundamental,Ocupação
7823,231315,Professor de educação física na educação de jovens e adultos do ensino fundamental de 5ª a 8ª série   Sinônimo,
7824,232120,Professor de educação física no ensino médio,Ocupação
7825,234410,Professor de educação física no ensino superior,Ocupação
7826,234415,Professor de enfermagem do ensino superior,Ocupação
7827,234310,Professor de engenharia,Ocupação
7828,239220,Professor de ensino especial na área de deficiência múltipla,Sinônimo
7829,331205,Professor de ensino fundamental - séries iniciais,Sinônimo
7830,331205,Professor de ensino fundamental de primeira a quarta séries,Sinônimo
7831,331205,Professor de ensino fundamental nas quatro primeiras séries,Sinônimo
7832,231105,Professor de ensino pré-escolar,Sinônimo
7833,231105,Professor de ensino pré-primário,Sinônimo
7834,233110,Professor de ensino profissionalizante no ensino de nível médio,Sinônimo
7835,234505,Professor de ensino superior na área de didática,Ocupação
7836,234520,Professor de ensino superior na área de estágio supervisionado,Sinônimo
7837,234515,Professor de ensino superior na área de metodologia da pesquisa,Sinônimo
7838,234515,Professor de ensino superior na área de metodologia da pesquisa em educação,Sinônimo
7839,234510,Professor de ensino superior na área de orientação educacional,Ocupação
7840,234515,Professor de ensino superior na área de pesquisa educacional,Ocupação
7841,234520,Professor de ensino superior na área de prática de ensino,Ocupação
7842,234520,Professor de ensino superior na área de prática de ensino e estágio supervisionado,Sinônimo
7843,331105,Professor de escolinha (maternal),Sinônimo
7844,234620,Professor de espanhol,Sinônimo
7845,239205,Professor de estimulação da língua portuguesa modalidade oral ( ensino especial),Sinônimo
7846,234420,Professor de farmácia e bioquímica,Ocupação
7847,234676,Professor de filologia,Sinônimo
7848,234676,Professor de filologia e crítica textual,Ocupação
7849,234676,Professor de filologia germânica,Sinônimo
7850,234676,Professor de filologia portuguesa,Sinônimo
7851,234676,Professor de filologia românica,Sinônimo
7852,234735,Professor de filosofia do ensino superior,Ocupação
7853,232125,Professor de filosofia no ensino médio,Ocupação
7854,234810,Professor de finanças (administração),Sinônimo
7855,234805,Professor de finanças públicas,Sinônimo
7856,234205,Professor de física (ensino superior),Ocupação
7857,232130,Professor de física no ensino médio,Ocupação
7858,234425,Professor de fisioterapia,Ocupação
7859,234430,Professor de fonoaudiologia,Ocupação
7860,234612,Professor de francês,Sinônimo
7861,224135,Professor de futebol,Sinônimo
7862,234315,Professor de geofísica,Ocupação
7863,231320,Professor de geografia do ensino fundamental,Ocupação
7864,234740,Professor de geografia do ensino superior,Ocupação
7865,231320,Professor de geografia na educação de jovens e adultos do ensino fundamental de 5ª a 8ª série   Sinônimo,
7866,232135,Professor de geografia no ensino médio,Ocupação
7867,234320,Professor de geologia,Ocupação
7868,234810,Professor de gestão (administração),Sinônimo
7869,231325,Professor de história do ensino fundamental,Ocupação
7870,234805,Professor de história do pensamento econômico,Sinônimo
7871,234805,Professor de história econômica,Sinônimo
7872,231325,Professor de história na educação de jovens e adultos do ensino fundamental de 5ª a 8ª série,Sinônimo
7873,232140,Professor de história no ensino médio,Ocupação
7874,234120,Professor de informática (no ensino superior),Sinônimo
7875,234616,Professor de inglês,Sinônimo
7876,234608,Professor de italiano,Sinônimo
7877,331105,Professor de jardim da infância,Sinônimo
7878,231110,Professor de jardim de infância (nível superior),Sinônimo
7879,234750,Professor de jornalismo,Ocupação
7880,234604,Professor de língua alemã,Ocupação
7881,232145,Professor de língua e literatura brasileira no ensino médio,Ocupação
7882,234620,Professor de língua espanhola,Ocupação
7883,231330,Professor de língua estrangeira moderna no ensino supletivo do ensino fundamental de 5ª a 8ª série   Sinônimo,
7884,231330,Professor de língua estrangeira moderna do ensino fundamental,Ocupação
7885,232150,Professor de língua estrangeira moderna no ensino médio,Ocupação
7886,234612,Professor de língua francesa,Ocupação
7887,234616,Professor de língua inglesa,Ocupação
7888,234608,Professor de língua italiana,Ocupação
7889,234624,Professor de língua portuguesa,Ocupação
7890,231335,Professor de língua portuguesa do ensino fundamental,Ocupação
7891,231335,Professor de língua portuguesa no ensino supletivo do ensino fundamental de 5ª a 8ª série,Sinônimo
7892,234668,Professor de línguas estrangeiras modernas,Ocupação
7893,234672,Professor de lingüística,Sinônimo
7894,234672,Professor de lingüística aplicada,Sinônimo
7895,234676,Professor de lingüística românica,Sinônimo
7896,234636,Professor de literatura alemã,Ocupação
7897,234628,Professor de literatura brasileira,Ocupação
7898,234640,Professor de literatura comparada,Ocupação
7899,234660,Professor de literatura de línguas estrangeiras modernas,Ocupação
7900,234644,Professor de literatura espanhola,Ocupação
7901,234648,Professor de literatura francesa,Ocupação
7902,234652,Professor de literatura inglesa,Ocupação
7903,234656,Professor de literatura italiana,Ocupação
7904,234632,Professor de literatura portuguesa,Ocupação
7905,234805,Professor de macroeconomia,Sinônimo
7906,234810,Professor de marketing,Sinônimo
7907,234110,Professor de matemática (no ensino superior),Sinônimo
7908,234105,Professor de matemática aplicada (no ensino superior),Ocupação
7909,231340,Professor de matemática do ensino fundamental,Ocupação
7910,234810,Professor de matemática financeira (administração),Sinônimo
7911,234805,Professor de matemática financeira (economia),Sinônimo
7912,234105,Professor de matemática financeira (no ensino superior),Sinônimo
7913,231340,Professor de matemática na educação de jovens e adultos do ensino fundamental de 5ª a 8ª série   Sinônimo,
7914,232155,Professor de matemática no ensino médio,Ocupação
7915,234110,Professor de matemática pura (no ensino superior),Ocupação
7916,331105,Professor de maternal,Sinônimo
7917,231110,Professor de maternal (nivel superior),Sinônimo
7918,234435,Professor de medicina,Ocupação
7919,234440,Professor de medicina veterinária,Ocupação
7920,231110,Professor de minimaternal,Sinônimo
7921,234755,Professor de museologia do ensino superior,Ocupação
7922,234915,Professor de música no ensino superior,Ocupação
7923,331105,Professor de nível médio na educação infantil,Ocupação
7924,331205,Professor de nível médio no ensino fundamental,Ocupação
7925,331305,Professor de nível médio no ensino profissionalizante,Ocupação
7926,231210,Professor de nível superior do ensino fundamental (primeira a quarta série)   Ocupação,
7927,231105,Professor de nível superior na educação infantil (quatro a seis anos),Ocupação
7928,231110,Professor de nível superior na educação infantil (zero a três anos),Ocupação
7929,234445,Professor de nutrição,Ocupação
7930,234450,Professor de odontologia,Ocupação
7931,234810,Professor de organização e métodos (administração),Sinônimo
7932,239225,Professor de orientação e mobilidade de cegos,Sinônimo
7933,239410,Professor de orientação educacional,Sinônimo
7934,234664,Professor de outras línguas e literaturas,Ocupação
7935,234905,Professor de performance no ensino superior,Sinônimo
7936,234815,Professor de perícia contábil,Sinônimo
7937,234805,Professor de pesquisa econômica,Sinônimo
7938,234515,Professor de pesquisa educacional (ensino superior),Sinônimo
7939,234125,Professor de pesquisa operacional (no ensino superior),Ocupação
7940,234810,Professor de planejamento e desenvolvimento,Sinônimo
7941,234810,Professor de planejamento empresarial,Sinônimo
7942,234624,Professor de português,Sinônimo
7943,234520,Professor de prática de ensino (ensino superior),Sinônimo
7944,331105,Professor de pré-escola,Sinônimo
7945,232160,Professor de psicologia no ensino médio,Ocupação
7946,234210,Professor de química (ensino superior),Ocupação
7947,234210,Professor de química inorgânica (ensino superior),Sinônimo
7948,232165,Professor de química no ensino médio,Ocupação
7949,234210,Professor de química orgânica (ensino superior),Sinônimo
7950,239225,Professor de reabilitação funcional de cego,Sinônimo
7951,239225,Professor de reabilitação visual,Sinônimo
7952,234680,Professor de semiótica,Ocupação
7953,234765,Professor de serviço social do ensino superior,Ocupação
7954,234770,Professor de sociologia do ensino superior,Ocupação
7955,232170,Professor de sociologia no ensino médio,Ocupação
7956,239225,Professor de sorobã,Sinônimo
7957,231205,Professor de suplência do ensino fundamental (primeira a quarta série),Sinônimo
7958,234905,Professor de teatro no ensino superior,Sinônimo
7959,234905,Professor de teatro-educação no ensino superior,Sinônimo
7960,233115,Professor de técnicas agrícolas,Ocupação
7961,233120,Professor de técnicas comerciais e secretariais,Ocupação
7962,233125,Professor de técnicas de enfermagem,Ocupação
7963,239420,Professor de técnicas e recursos audiovisuais,Ocupação
7964,233130,Professor de técnicas industriais,Ocupação
7965,233135,Professor de tecnologia e cálculo técnico,Ocupação
7966,234810,Professor de teoria da administração,Sinônimo
7967,234684,Professor de teoria da literatura,Ocupação
7968,234805,Professor de teoria econômica,Sinônimo
7969,234105,Professor de teoria matemática de sistemas (no ensino superior),Sinônimo
7970,234460,Professor de zootecnia do ensino superior,Ocupação
7971,231210,Professor dos ciclos iniciais (ensino fundamental),Sinônimo
7972,239220,Professor em educação especial de DMu (deficiências múltiplas),Sinônimo
7973,239205,Professor especializado em deficiência auditiva e surdos,Sinônimo
7974,239215,Professor especializado em excepcionais,Sinônimo
7975,331205,Professor i - ensino fundamental,Sinônimo
7976,332105,Professor indigenista bilingüe,Sinônimo
7977,233220,Professor instrutor de ensino e aprendizagem agroflorestal,Ocupação
7978,233225,Professor instrutor de ensino e aprendizagem em serviços,Ocupação
7979,332105,Professor leigo em classe multisseriada,Sinônimo
7980,332105,Professor leigo em regência de classe,Sinônimo
7981,332105,Professor leigo no ensino fundamental,Ocupação
7982,332105,Professor leigo responsável por escolas rurais,Sinônimo
7983,239210,Professor na área de deficiência física,Sinônimo
7984,332105,Professor não habilitado no ensino fundamental,Sinônimo
7985,332205,Professor prático no ensino profissionalizante,Ocupação
7986,332105,Professor sem formação para o magistério,Sinônimo
7987,234520,Professor universitário de estágio supervisionado,Sinônimo
7988,234520,Professor universitário de metodologia do ensino,Sinônimo
7989,234515,Professor universitário em metodologia de pesquisa em educação,Sinônimo
7990,234505,Professor universitário na área de didática,Sinônimo
7991,234510,Professor universitário na área de orientação educacional,Sinônimo
7992,234515,Professor universitário na área de pesquisa educacional,Sinônimo
7993,234520,Professor universitário na área de prática de ensino,Sinônimo
7994,233210,Professor-instrutor de cursos de treinamento industrial,Sinônimo
7995,2343,PROFESSORES DE ARQUITETURA E URBANISMO; ENGENHARIA; GEOFÍSICA E GEOLOGIA DO ENSINO SUPERIOR,
7996,2349,PROFESSORES DE ARTES DO ENSINO SUPERIOR,Família
7997,2344,PROFESSORES DE CIÊNCIAS BIOLÓGICAS E DA SAÚDE DO ENSINO SUPERIOR,Família
7998,2348,PROFESSORES DE CIÊNCIAS ECONÔMICAS; ADMINISTRATIVAS E CONTÁBEIS DO ENSINO SUPERIOR,Família
7999,2342,PROFESSORES DE CIÊNCIAS FÍSICAS; QUÍMICAS E AFINS DO ENSINO SUPERIOR,Família
8000,2347,PROFESSORES DE CIÊNCIAS HUMANAS DO ENSINO SUPERIOR,Família
8001,333115,Professores de cursos livres,Ocupação
8002,2392,PROFESSORES DE EDUCAÇÃO ESPECIAL,Família
8003,2341,PROFESSORES DE MATEMÁTICA; ESTATÍSTICA E INFORMÁTICA DO ENSINO SUPERIOR,Família
8004,3311,PROFESSORES DE NÍVEL MÉDIO NA EDUCAÇÃO INFANTIL,Família
8005,3312,PROFESSORES DE NÍVEL MÉDIO NO ENSINO FUNDAMENTAL,Família
8006,3313,PROFESSORES DE NÍVEL MÉDIO NO ENSINO PROFISSIONALIZANTE,Família
8007,2312,PROFESSORES DE NÍVEL SUPERIOR DO ENSINO FUNDAMENTAL (PRIMEIRA A QUARTA SÉRIES),Família
8008,2311,PROFESSORES DE NÍVEL SUPERIOR NA EDUCAÇÃO INFANTIL,Família
8009,2313,PROFESSORES DE NÍVEL SUPERIOR NO ENSINO FUNDAMENTAL DE QUINTA A OITAVA SÉRIE,Família
8010,2321,PROFESSORES DO ENSINO MÉDIO,Família
8011,2331,PROFESSORES DO ENSINO PROFISSIONAL,Família
8012,3321,PROFESSORES LEIGOS NO ENSINO FUNDAMENTAL,Família
8013,2345,PROFESSORES NA ÁREA DE FORMAÇÃO PEDAGÓGICA DO ENSINO SUPERIOR,Família
8014,2346,PROFESSORES NAS ÁREAS DE LÍNGUA E LITERATURA DO ENSINO SUPERIOR,Família
8015,3322,PROFESSORES PRÁTICOS NO ENSINO PROFISSIONALIZANTE,Família
8016,2526,PROFISSIONAIS DA ADMINISTRAÇÃO DOS SERVIÇOS DE SEGURANÇA,Família
8017,2011,PROFISSIONAIS DA BIOTECNOLOGIA,Família
8018,2241,PROFISSIONAIS DA EDUCAÇÃO FÍSICA,Família
8019,2615,PROFISSIONAIS DA ESCRITA,Família
8020,2612,PROFISSIONAIS DA INFORMAÇÃO,Família
8021,2429,PROFISSIONAIS DA INTELIGÊNCIA,Família
8022,2111,PROFISSIONAIS DA MATEMÁTICA,Família
8023,2012,PROFISSIONAIS DA METROLOGIA,Família
8024,2153,PROFISSIONAIS DA PILOTAGEM AERONÁUTICA,Família
8025,2133,PROFISSIONAIS DAS CIÊNCIAS ATMOSFÉRICAS E ESPACIAIS E DE ASTRONOMIA,Família
8026,2263,PROFISSIONAIS DAS TERAPIAS CRIATIVAS;EQUOTERÁPICAS E NATUROLÓGICAS,Família
8027,2525,PROFISSIONAIS DE ADMINISTRAÇÃO ECÔNOMICO-FINANCEIRA,Família
8028,2532,PROFISSIONAIS DE COMERCIALIZACÃO E CONSULTORIA DE SERVIÇOS BANCÁRIOS,Família
8029,3524,PROFISSIONAIS DE DIREITOS AUTORAIS E DE AVALIACÃO DE PRODUTOS DOS MEIOS DE COMUNICAÇÃO   Família,
8030,2112,PROFISSIONAIS DE ESTATÍSTICA,Família
8031,2531,PROFISSIONAIS DE PUBLICIDADE,Família
8032,2524,PROFISSIONAIS DE RECURSOS HUMANOS,Família
8033,2611,PROFISSIONAIS DO JORNALISMO,Família
8034,5198,PROFISSIONAIS DO SEXO,Família
8035,2511,PROFISSIONAIS EM PESQUISA E ANÁLISE ANTROPOLÓGICA SOCIOLÓGICA,Família
8036,2513,PROFISSIONAIS EM PESQUISA E ANÁLISE GEOGRÁFICA,Família
8037,7630,PROFISSIONAIS POLIVALENTES DA CONFECÇÃO DE ROUPAS,Família
8038,377140,Profissional de atletismo,Ocupação
8039,377115,Profissional de golfe,Sinônimo
8040,252550,Profissional de relações com investidores,Ocupação
8041,252550,Profissional de relações com o mercado,Sinônimo
8042,142325,Profissional de relações públicas,Sinônimo
8043,252550,Profissional de ri (relações com investidores),Sinônimo
8044,342505,Profissional de tráfego aéreo,Sinônimo
8045,317120,Programador de aplicativos educacionais e de entretenimento,Sinônimo
8046,317120,Programador de cd-rom,Sinônimo
8047,317110,Programador de computador,Sinônimo
8048,391125,Programador de controle de produção,Sinônimo
8049,763120,Programador de encaixe (cad),Sinônimo
8050,766145,Programador de fotocomposição,Sinônimo
8051,317105,Programador de internet,Ocupação
8052,317115,Programador de máquinas - ferramenta com comando numérico,Ocupação
8053,317120,Programador de multimídia,Ocupação
8054,317110,Programador de processamento de dados,Sinônimo
8055,763120,Programador de risco e corte,Sinônimo
8056,317110,Programador de sistemas de computador,Sinônimo
8057,317110,Programador de sistemas de informação,Ocupação
8058,342110,Programador de transporte multimodal,Sinônimo
8059,342305,Programador de transporte rodoviário,Sinônimo
8060,314110,Programador de usinagem,Sinônimo
8061,391135,Programador e controlador de materiais,Sinônimo
8062,710210,Programador ferroviário,Sinônimo
8063,766155,Programador visual gráfico,Ocupação
8064,2394,PROGRAMADORES; AVALIADORES E ORIENTADORES DE ENSINO,Família
8065,374305,Projecionista,Sinônimo
8066,214105,Projetista (arquiteto),Sinônimo
8067,374135,Projetista de áudio,Sinônimo
8068,318705,Projetista de eletricidade,Sinônimo
8069,318610,Projetista de ferramentas,Sinônimo
8070,318705,Projetista de instalações elétricas,Sinônimo
8071,318705,Projetista de instrumentos elétricos,Sinônimo
8072,318610,Projetista de matrizes,Sinônimo
8073,318610,Projetista de moldes,Sinônimo
8074,314125,Projetista de motores,Sinônimo
8075,318805,Projetista de móveis,Ocupação
8076,374135,Projetista de sistemas de áudio,Ocupação
8077,374120,Projetista de som,Ocupação
8078,313110,Projetista elétrico,Sinônimo
8079,318705,Projetista eletroeletrônico,Sinônimo
8080,318705,Projetista eletrotécnico,Sinônimo
8081,239435,Projetista instrucional,Sinônimo
8082,318505,Projetista na arquitetura,Sinônimo
8083,318510,Projetista na construção civil,Sinônimo
8084,242235,Promotor de justiça,Ocupação
8085,521115,Promotor de vendas,Ocupação
8086,354130,Promotor de vendas especializado,Ocupação
8087,519905,Propagandista,Sinônimo
8088,354150,Propagandista de produtos famacêuticos,Ocupação
8089,613405,Proprietário - na criação de abelhas - empregador,Sinônimo
8090,613420,Proprietário - na criação de bicho-da-seda - empregador,Sinônimo
8091,613310,Proprietário - na criação de coelhos,Sinônimo
8092,613130,Proprietário - na criação de eqüinos,Sinônimo
8093,613110,Proprietário - na criação de gado bovino - empregador,Sinônimo
8094,613105,Proprietário - na criação de muares,Sinônimo
8095,613215,Proprietário - na criação de suínos empregador,Sinônimo
8096,141510,Proprietário - nos serviços de alimentação - empregador,Sinônimo
8097,141505,Proprietário - nos serviços de alojamento - empregador,Sinônimo
8098,141505,Proprietário - nos serviços de hospedagem - empregador,Sinônimo
8099,141205,Proprietário de areal - empregador,Sinônimo
8100,141515,Proprietário de bar - empregador,Sinônimo
8101,141515,Proprietário de bar; lanchonete; restaurante - conta própria,Sinônimo
8102,141410,Proprietário de casa funerária (comércio varejista),Sinônimo
8103,141410,Proprietário de fliperama,Sinônimo
8104,613305,Proprietário de granja - na criação de aves,Sinônimo
8105,613215,Proprietário de granja de suínos,Sinônimo
8106,141505,Proprietário de hotel - conta própria,Sinônimo
8107,141505,Proprietário de hotel - empregador,Sinônimo
8108,141410,Proprietário de jogos eletrônicos,Sinônimo
8109,141515,Proprietário de lanchonete - empregador,Sinônimo
8110,141410,Proprietário de lavanderia,Sinônimo
8111,141410,Proprietário de lavanderia automática (comércio varejista),Sinônimo
8112,141410,Proprietário de loja (comércio varejista),Sinônimo
8113,141505,Proprietário de motel - conta própria,Sinônimo
8114,141420,Proprietário de oficina mecânica,Sinônimo
8115,141410,Proprietário de pebolim (comércio varejista),Sinônimo
8116,141205,Proprietário de pedreira - empregador,Sinônimo
8117,141520,Proprietário de pensão - conta própria,Sinônimo
8118,141520,Proprietário de pensão - empregador,Sinônimo
8119,141205,Proprietário de porto de areia - empregador,Sinônimo
8120,141205,Proprietário de saibreira - empregador,Sinônimo
8121,141205,Proprietário de salina - empregador,Sinônimo
8122,141410,Proprietário de sinuquinha (comércio varejista),Sinônimo
8123,141410,Proprietário de tinturaria (comércio varejista),Sinônimo
8124,141410,Proprietário de totó (comércio varejista),Sinônimo
8125,611005,Proprietário na agropecuária - conta própria,Sinônimo
8126,613205,Proprietário na criação de caprinos,Sinônimo
8127,141510,Proprietário no serviço de alimentação - conta própria,Sinônimo
8128,612005,Proprietário polivalente na agricultura - conta própria,Sinônimo
8129,612005,Proprietário polivalente na agricultura - empregador,Sinônimo
8130,261515,Prosador,Sinônimo
8131,316320,Prospector,Sinônimo
8132,214705,Prospector de jazidas,Sinônimo
8133,214705,Prospector de minerais,Sinônimo
8134,214705,Prospector de minérios,Sinônimo
8135,519805,Prostituta,Sinônimo
8136,223256,Protesista,Sinônimo
8137,322505,Protesista (técnico),Sinônimo
8138,223252,Protesista bucomaxilofacial,Sinônimo
8139,322410,Protético dentário,Ocupação
8140,771105,Prototipista (marceneiro),Sinônimo
8141,848420,Provador de bebidas,Sinônimo
8142,848415,Provador de cacau,Sinônimo
8143,848405,Provador de café,Sinônimo
8144,848410,Provador de chá,Sinônimo
8145,848420,Provador de vinhos,Sinônimo
8146,766145,Provista (provas analógicas e digitais),Sinônimo
8147,766145,Provista de clicheria (em cores),Sinônimo
8148,766145,Provista tipógrafo,Sinônimo
8149,251550,Psicanalista,Ocupação
8150,251555,Psicólogo acupunturista,Ocupação
8151,251510,Psicólogo clínico,Ocupação
8152,251525,Psicólogo criminal,Sinônimo
8153,251505,Psicólogo da educação,Sinônimo
8154,251510,Psicólogo da saúde,Sinônimo
8155,251515,Psicólogo desportivo,Sinônimo
8156,251515,Psicólogo do esporte,Ocupação
8157,251540,Psicólogo do trabalho,Ocupação
8158,251535,Psicólogo do trânsito,Ocupação
8159,251505,Psicólogo educacional,Ocupação
8160,251505,Psicólogo escolar,Sinônimo
8161,251525,Psicólogo forense,Sinônimo
8162,251520,Psicólogo hospitalar,Ocupação
8163,251525,Psicólogo jurídico,Ocupação
8164,251540,Psicólogo organizacional,Sinônimo
8165,251530,Psicólogo social,Ocupação
8166,2515,PSICÓLOGOS E PSICANALISTAS,Família
8167,239425,Psicopedagogo,Ocupação
8168,251510,Psicoterapeuta,Sinônimo
8169,225133,Psiquiatra,Sinônimo
8170,377145,Pugilista,Ocupação
8171,377145,Pugilista de luta livre,Sinônimo
8172,723220,Pulverizador de metal; à pistola,Sinônimo
8173,632420,Pupunheiro,Sinônimo
8174,622210,Puxador de sisal - na cultura,Sinônimo
8175,848520,Quarteador em matadouro,Sinônimo
8176,848525,Quarteiro em matadouro,Sinônimo
8177,622605,Quebrador - na cultura de cacau,Sinônimo
8178,711115,Quebrador - na extração de pedras,Sinônimo
8179,622725,Quebrador de mamona,Sinônimo
8180,632355,Quebrador de ouricuri,Sinônimo
8181,848210,Queijeiro na fabricação de laticínio,Ocupação
8182,828110,Queimador - em olaria,Sinônimo
8183,631330,Quelonicultor,Sinônimo
8184,213205,Químico,Ocupação
8185,213205,Químico (fisico-química),Sinônimo
8186,213210,Químico (produtos aromáticos),Sinônimo
8187,213205,Químico (química inorgânica),Sinônimo
8188,213205,Químico (química nuclear),Sinônimo
8189,213205,Químico (química orgânica),Sinônimo
8190,213205,Químico (tratamento de água),Sinônimo
8191,213205,Químico agrícola,Sinônimo
8192,213205,Químico ambiental,Sinônimo
8193,213205,Químico analista,Sinônimo
8194,213205,Químico bromatologista,Sinônimo
8195,213210,Químico cosmetólogo,Sinônimo
8196,213205,Químico de alimentos,Sinônimo
8197,213210,Químico de cerâmica,Sinônimo
8198,213205,Químico de controle de qualidade,Sinônimo
8199,213210,Químico de curtume,Sinônimo
8200,213205,Químico de embalagens,Sinônimo
8201,213205,Químico de laboratório,Sinônimo
8202,213205,Químico de laboratório de controle,Sinônimo
8203,213205,Químico de laboratórios de solos,Sinônimo
8204,213210,Químico de petróleo,Sinônimo
8205,213210,Químico de polímeros,Sinônimo
8206,213210,Químico de processos,Sinônimo
8207,213210,Químico de produtos naturais,Sinônimo
8208,213210,Químico galvanoplasta,Sinônimo
8209,213210,Químico industrial,Ocupação
8210,213210,Químico perfumista,Sinônimo
8211,213210,Químico têxtil,Sinônimo
8212,2132,QUÍMICOS,Família
8213,516805,Quirólogo,Sinônimo
8214,516805,Quiromante,Sinônimo
8215,226105,Quiropraxista,Ocupação
8216,141410,Quitandeiro (comércio varejista),Sinônimo
8217,263105,Rabino,Sinônimo
8218,762125,Rachador de couros e peles,Ocupação
8219,632605,Rachador de lenha para carvão,Sinônimo
8220,262505,Rádio-ator,Sinônimo
8221,225330,Radio-oncologista,Sinônimo
8222,516805,Radioestesista,Sinônimo
8223,223445,Radiofarmacêutico,Sinônimo
8224,261125,Radiojornalista,Sinônimo
8225,225320,Radiologista,Sinônimo
8226,422220,Radioperador,Sinônimo
8227,954210,Radiotécnico,Sinônimo
8228,372210,Radiotelegrafista,Ocupação
8229,225330,Radioterapeuta,Sinônimo
8230,632010,Raizeiro,Ocupação
8231,841115,Ralador de mandioca,Sinônimo
8232,612220,Ramicultor,Sinônimo
8233,613420,Rancheiro,Sinônimo
8234,622005,Rancheiro - na cultura,Sinônimo
8235,631335,Ranicultor,Sinônimo
8236,716605,Raspador,Sinônimo
8237,716520,Raspador de taco,Sinônimo
8238,848525,Raspador de tripas em matadouro,Sinônimo
8239,725020,Rasqueteador de metais,Sinônimo
8240,711120,Rastilheiro,Sinônimo
8241,951310,Rastreador de satélite,Sinônimo
8242,223256,Reabilitador oral,Sinônimo
8243,762220,Rebaixador de base (couros),Sinônimo
8244,762220,Rebaixador de couros,Ocupação
8245,724230,Rebatedor de metais,Sinônimo
8246,724215,Rebitador a martelo pneumático,Ocupação
8247,724230,Rebitador; a mão,Ocupação
8248,832135,Rebobinador na fabricação de papel e papelão,Sinônimo
8249,768205,Rebordadeira,Sinônimo
8250,421205,Recebedor de apostas (loteria),Ocupação
8251,421210,Recebedor de apostas (turfe),Ocupação
8252,424105,Recenseador,Sinônimo
8253,422105,Recepcionista atendente,Sinônimo
8254,422105,Recepcionista auxiliar de secretária,Sinônimo
8255,422105,Recepcionista bilíngüe,Sinônimo
8256,422120,Recepcionista caixa,Sinônimo
8257,422125,Recepcionista de banco,Ocupação
8258,519945,Recepcionista de casas de espetáculos,Ocupação
8259,422110,Recepcionista de consultório médico ou dentário,Ocupação
8260,422105,Recepcionista de crediário,Sinônimo
8261,422105,Recepcionista de empresa de navegação aérea,Sinônimo
8262,422110,Recepcionista de hospital,Sinônimo
8263,422120,Recepcionista de hotel,Ocupação
8264,422115,Recepcionista de seguro saúde,Ocupação
8265,422105,Recepcionista secretária,Sinônimo
8266,422105,Recepcionista telefonista,Sinônimo
8267,422105,Recepcionista vendedor de passagens aéreas,Sinônimo
8268,422105,Recepcionista; em geral,Ocupação
8269,4221,RECEPCIONISTAS,Família
8270,723110,Recozedor e normalizador de metais,Sinônimo
8271,371410,Recreacionista,Sinônimo
8272,371410,Recreador,Ocupação
8273,371405,Recreador de acantonamento,Ocupação
8274,3714,RECREADORES,Família
8275,421310,Recuperador de ativos,Sinônimo
8276,421310,Recuperador de crédito,Sinônimo
8277,821335,Recuperador de guias e cilindros,Ocupação
8278,421305,Recuperador externo,Sinônimo
8279,421310,Recuperador interno,Sinônimo
8280,261530,Redator de anais,Sinônimo
8281,261530,Redator de jornal,Sinônimo
8282,261530,Redator de manuais técnicos,Sinônimo
8283,253110,Redator de publicidade,Ocupação
8284,261530,Redator de textos científicos,Sinônimo
8285,261530,Redator de textos comerciais,Sinônimo
8286,261530,Redator de textos técnicos,Ocupação
8287,768120,Redeiro,Ocupação
8288,631420,Redeiro (pesca),Ocupação
8289,766320,Refilador gráfico,Sinônimo
8290,841472,Refinador de óleo e gordura,Ocupação
8291,831105,Refinador de pasta/celulose para fabricação de papel,Sinônimo
8292,841210,Refinador de sal,Ocupação
8293,222120,Reflorestador,Sinônimo
8294,765235,Reformador de móveis,Sinônimo
8295,763015,Reformadora de roupas,Sinônimo
8296,715720,Refratarista (caldeira e tubulações),Sinônimo
8297,715220,Refratarista (pedreiro),Sinônimo
8298,622010,Regador - na cultura,Sinônimo
8299,262615,Regente assistente,Sinônimo
8300,262615,Regente auxiliar,Sinônimo
8301,262615,Regente de banda,Sinônimo
8302,262615,Regente de coral,Sinônimo
8303,262615,Regente de orquestra,Sinônimo
8304,262615,Regente interno,Sinônimo
8305,241310,Registrador civil de pessoas jurídicas,Sinônimo
8306,241315,Registrador civil de pessoas naturais,Sinônimo
8307,241305,Registrador de contratos marítimos,Sinônimo
8308,241330,Registrador de títulos e documentos,Sinônimo
8309,241325,Registrador imobiliário,Sinônimo
8310,351730,Regulador de sinistros,Sinônimo
8311,263105,Reitor,Sinônimo
8312,142325,Relações públicas,Ocupação
8313,263105,Religiosa,Sinônimo
8314,263105,Religioso leigo,Sinônimo
8315,141410,Relojoeiro (comércio varejista),Sinônimo
8316,741120,Relojoeiro (fabricação),Ocupação
8317,741125,Relojoeiro (reparação),Ocupação
8318,631020,Remador; na pesca de peixes e camarões,Sinônimo
8319,768210,Remendeira,Sinônimo
8320,621005,Rendeiro na agropecuária - exclusive conta própria e empregador,Sinônimo
8321,731330,Reparador de aparelhos de telecomunicações em laboratório,Ocupação
8322,954205,Reparador de aparelhos eletrodomésticos (exceto imagem e som),Ocupação
8323,919310,Reparador de bicicletas,Sinônimo
8324,914410,Reparador de empilhadeiras,Sinônimo
8325,954305,Reparador de equipamentos de escritório,Ocupação
8326,300305,Reparador de equipamentos elétricos e eletrônicos,Sinônimo
8327,915405,Reparador de equipamentos fotográficos,Ocupação
8328,731320,Reparador de instalações telefônicas,Sinônimo
8329,915210,Reparador de instrumentos musicais,Ocupação
8330,732120,Reparador de linhas elétricas,Sinônimo
8331,731320,Reparador de linhas e aparelhos,Sinônimo
8332,911305,Reparador de máquinas,Sinônimo
8333,731320,Reparador de pabx,Sinônimo
8334,954210,Reparador de rádio; tv e som,Ocupação
8335,731320,Reparador de telefone,Sinônimo
8336,914420,Reparador de tratores,Sinônimo
8337,914405,Reparador de veículos automotores,Sinônimo
8338,313205,Reparador técnico,Sinônimo
8339,9542,REPARADORES DE APARELHOS ELETRODOMÉSTICOS,Família
8340,9913,REPARADORES DE CARROCERIAS DE VEÍCULOS,Família
8341,9543,REPARADORES DE EQUIPAMENTOS DE ESCRITÓRIO,Família
8342,9154,REPARADORES DE EQUIPAMENTOS FOTOGRÁFICOS,Família
8343,623125,Repassador - na pecuária,Sinônimo
8344,261135,Repórter (exclusive rádio e televisão),Ocupação
8345,261135,Repórter correspondente,Sinônimo
8346,261135,Repórter de área,Sinônimo
8347,261730,Repórter de rádio,Sinônimo
8348,261730,Repórter de rádio e televisão,Ocupação
8349,261730,Repórter de televisão,Sinônimo
8350,261135,Repórter de web,Sinônimo
8351,261135,Repórter especial,Sinônimo
8352,261820,Repórter fotográfico,Ocupação
8353,521125,Repositor - em supermercados,Sinônimo
8354,521125,Repositor de mercadorias,Ocupação
8355,354705,Representante comercial autônomo,Ocupação
8356,421305,Representante de cobrança,Sinônimo
8357,351725,Representante de controle de perdas,Sinônimo
8358,354150,Representante de produtos farmacêuticos,Sinônimo
8359,354135,Representante técnico de vendas,Sinônimo
8360,3547,REPRESENTANTES COMERCIAIS AUTÔNOMOS,Família
8361,766115,Reprodutor de clichê impressão (reprodução plástica),Sinônimo
8362,766145,Reprodutor de desenhos sobre pedras litográficas,Sinônimo
8363,515135,Resgatista,Sinônimo
8364,515135,Resgatista socorrista,Sinônimo
8365,622210,Resideiro de sisal,Sinônimo
8366,201210,Responsável técnico da calibração metrológica,Sinônimo
8367,201215,Responsável técnico de ensaios metrológicos,Sinônimo
8368,214115,Restaurador de edificações,Sinônimo
8369,915205,Restaurador de instrumentos musicais (exceto cordas arcadas),Ocupação
8370,768710,Restaurador de livros e documentos,Sinônimo
8371,262415,Restaurador de obras de arte,Sinônimo
8372,9152,RESTAURADORES DE INSTRUMENTOS MUSICAIS,Família
8373,848525,Retalhador de carne,Ocupação
8374,141410,Retalhista (comércio varejista),Sinônimo
8375,721425,Retificador cnc,Sinônimo
8376,721220,Retificador (retificadora cilíndrica externa e interna),Sinônimo
8377,721220,Retificador (retificadora de árvore de manivelas),Sinônimo
8378,721220,Retificador (retificadora plana),Sinônimo
8379,721220,Retificador de fieiras,Sinônimo
8380,914405,Retificador de motores a álcool,Sinônimo
8381,914405,Retificador de motores a diesel,Sinônimo
8382,914405,Retificador de motores a gasolina,Sinônimo
8383,914405,Retificador de motores de automóveis,Sinônimo
8384,914405,Retificador de motores de carros,Sinônimo
8385,914405,Retificador de motores de explosão,Sinônimo
8386,914405,Retificador de motores de veículos,Sinônimo
8387,721220,Retificador; em geral,Sinônimo
8388,623120,Retireiro,Sinônimo
8389,623205,Retireiro (caprinos),Sinônimo
8390,623115,Retireiro - na pecuária,Sinônimo
8391,623115,Retireiro inseminador,Sinônimo
8392,766150,Retocador convencional,Sinônimo
8393,764305,Retocador de calçados,Sinônimo
8394,766145,Retocador de chapas de impressão (fotogravura),Sinônimo
8395,766415,Retoquista (revelação fotográfica),Sinônimo
8396,261815,Retratista,Sinônimo
8397,225136,Reumatologista,Sinônimo
8398,766415,Revelador de filmes fotográficos; em cores,Ocupação
8399,766410,Revelador de filmes fotográficos; em preto e branco,Ocupação
8400,263105,Reverendo,Sinônimo
8401,716615,Revestidor de interiores (papel e material plástico),Sinônimo
8402,716615,Revestidor de interiores (papel; material plástico e emborrachados),Ocupação
8403,775110,Revestidor de móveis de madeira,Sinônimo
8404,716110,Revestidor de superfícies de concreto,Ocupação
8405,7161,REVESTIDORES DE CONCRETO,Família
8406,766145,Revisor - na indústria gráfica,Sinônimo
8407,413110,Revisor contábil,Sinônimo
8408,731150,Revisor de aparelhos eletrônicos,Sinônimo
8409,731320,Revisor de aparelhos telefônicos,Sinônimo
8410,391215,Revisor de equipamentos (controle de qualidade),Sinônimo
8411,761810,Revisor de fios (produção têxtil),Ocupação
8412,731180,Revisor de linha de montagem (aparelhos eletrônicos),Sinônimo
8413,763315,Revisor de produção de peças para bordar,Sinônimo
8414,764305,Revisor de qualidade de calçados,Sinônimo
8415,761805,Revisor de silk-screen,Sinônimo
8416,761815,Revisor de tecidos acabados,Ocupação
8417,761820,Revisor de tecidos crus,Ocupação
8418,261140,Revisor de texto,Ocupação
8419,766145,Revisor gráfico,Sinônimo
8420,263105,Rimban (reitor de templo provincial),Sinônimo
8421,752410,Riscador de copos,Sinônimo
8422,724225,Riscador de estruturas de aço,Sinônimo
8423,724225,Riscador de estruturas metálicas,Ocupação
8424,764120,Riscador de palmilhas,Sinônimo
8425,763120,Riscador de roupas,Ocupação
8426,763120,Riscador de tecidos,Sinônimo
8427,612105,Rizicultor,Sinônimo
8428,622105,Rizicultor - conta própria,Sinônimo
8429,622105,Rizicultor - empregador,Sinônimo
8430,612105,Rizipiscicultor,Sinônimo
8431,374110,Roadie (assistente de palco),Sinônimo
8432,781110,Robotista (soldagem),Sinônimo
8433,622020,Roçador - na cultura,Sinônimo
8434,621005,Roceiro - na agropecuária - exclusive conta própria e empregador,Sinônimo
8435,611005,Roceiro na agropecuária - conta própria,Sinônimo
8436,519920,Rodoboy,Sinônimo
8437,261515,Romancista,Sinônimo
8438,632110,Romaneador,Sinônimo
8439,517330,Ronda - organizações particulares de segurança,Sinônimo
8440,622020,Ronda de formiga (combate às formigas),Sinônimo
8441,517330,Rondante - organizações particulares de segurança,Sinônimo
8442,517335,Rondante de guarda portuária,Sinônimo
8443,263105,Roshi,Sinônimo
8444,261125,Roteirista de jornal,Sinônimo
8445,766145,Rotogravador,Sinônimo
8446,784115,Rotulador,Sinônimo
8447,513325,Roupeiro de cinema,Sinônimo
8448,513305,Roupeiro de teatro,Sinônimo
8449,513310,Roupeiro de televisão,Sinônimo
8450,516805,Rumenal,Sinônimo
8451,828110,Sabugueiro,Sinônimo
8452,263105,Sacerdote,Sinônimo
8453,263105,Sacerdotisa,Sinônimo
8454,514115,Sacristão,Ocupação
8455,622020,Safrista,Sinônimo
8456,513505,Saladeiro,Sinônimo
8457,848115,Salameiro na conservação de alimentos,Sinônimo
8458,513505,Salgadeiro,Sinônimo
8459,848110,Salgador - em charqueada,Sinônimo
8460,848110,Salgador de alimentos,Ocupação
8461,848110,Salgador de pescados,Sinônimo
8462,848110,Salgador de tripas,Sinônimo
8463,141205,Salineiro (empregador),Sinônimo
8464,711410,Salineiro (sal marinho),Sinônimo
8465,141205,Salineiro - empregador,Sinônimo
8466,141205,Salineiro - na extração - empregador,Sinônimo
8467,848110,Salmorador na conservação de alimentos,Sinônimo
8468,848115,Salsicheiro (fabricação de lingüiça; salsicha e produtos similares),Ocupação
8469,848115,Salsicheiros na conservação de alimentos,Sinônimo
8470,376215,Saltimbanco,Sinônimo
8471,517115,Salva-surf,Sinônimo
8472,517115,Salva-vidas,Ocupação
8473,376105,Sambista,Sinônimo
8474,848505,Sangrador (magarefe),Sinônimo
8475,768320,Sapateiro (calçados sob medida),Ocupação
8476,141410,Sapateiro (comércio varejista),Sinônimo
8477,768320,Sapateiro (confecção de calçados),Sinônimo
8478,768320,Sapateiro (sapatos de balé),Sinônimo
8479,768320,Sapateiro de confecção sob medida,Sinônimo
8480,768320,Sapateiro montador,Sinônimo
8481,322505,Sapateiro ortopédico,Sinônimo
8482,031110,Sargento bombeiro militar,Ocupação
8483,021110,Sargento da policia militar,Ocupação
8484,031110,Sargento do corpo de bombeiros militar,Sinônimo
8485,722325,Secador de areia,Sinônimo
8486,622105,Secador de arroz,Sinônimo
8487,761110,Secador de lã,Sinônimo
8488,772115,Secador de madeira,Ocupação
8489,841735,Secador de malte,Sinônimo
8490,351505,Secretária (técnico em secretariado - português),Sinônimo
8491,252315,Secretária trilíngüe,Ocupação
8492,252305,Secretária(o) executiva(o),Ocupação
8493,2523,SECRETÁRIAS(OS) EXECUTIVAS(OS) E AFINS,Família
8494,252310,Secretário bilíngüe,Ocupação
8495,252310,Secretário bilíngüe de gabinete,Sinônimo
8496,252310,Secretário bilíngüe de presidência,Sinônimo
8497,252305,Secretário de diretoria,Sinônimo
8498,252305,Secretário de gabinete,Sinônimo
8499,252305,Secretário de presidência,Sinônimo
8500,252305,Secretário pleno,Sinônimo
8501,252310,Secretário pleno bilíngüe,Sinônimo
8502,252315,Secretário pleno trilíngüe,Sinônimo
8503,252310,Secretário senior bilíngüe,Sinônimo
8504,252315,Secretário sênior trilíngüe,Sinônimo
8505,252315,Secretário trilíngüe de diretoria,Sinônimo
8506,252315,Secretário trilíngüe de gabinete,Sinônimo
8507,252315,Secretário trilíngüe de presidência,Sinônimo
8508,111405,Secretário (diplomacia),Sinônimo
8509,351505,Secretário (técnico de nível médio),Sinônimo
8510,111220,Secretário - executivo,Ocupação
8511,252320,Secretário de escola(tecnólogo),Sinônimo
8512,111405,Secretário de estado (serviço público federal),Sinônimo
8513,252320,Secretário escolar(tecnólogo),Sinônimo
8514,111410,Secretário estadual e distrital (serviço público estadual e distrital),Sinônimo
8515,111415,Secretário municipal (serviço público municipal),Sinônimo
8516,252305,Secretário sênior,Sinônimo
8517,351505,Secretário-assistente administrativo (técnico),Sinônimo
8518,114305,Secretário-executivo de entidade religiosa,Sinônimo
8519,354505,Securitário,Sinônimo
8520,215140,Segundo oficial de náutica,Sinônimo
8521,215115,Segundo oficial de náutica (comandante),Sinônimo
8522,215125,Segundo oficial de náutica (imediato),Sinônimo
8523,020310,Segundo tenente de polícia militar,Ocupação
8524,010310,Segundo-sargento,Sinônimo
8525,010305,Segundo-sargento da aeronáutica,Sinônimo
8526,010315,Segundo-sargento da marinha,Sinônimo
8527,030305,Segundo-tenente bombeiro militar,Sinônimo
8528,010205,Segundo-tenente da aeronáutica,Sinônimo
8529,010215,Segundo-tenente da marinha,Sinônimo
8530,030305,Segundo-tenente do corpo de bombeiros,Sinônimo
8531,010210,Segundo-tenente do exército,Sinônimo
8532,517310,Segurança comunitário,Sinônimo
8533,517310,Segurança de evento,Sinônimo
8534,517310,Segurança pessoal,Sinônimo
8535,784115,Seladeira,Sinônimo
8536,848405,Selecionador de café,Sinônimo
8537,764305,Selecionador de calçados,Sinônimo
8538,632410,Selecionador de castanha de caju,Sinônimo
8539,415210,Selecionador de correspondências (correios e telégrafos),Sinônimo
8540,519210,Selecionador de material reciclável,Ocupação
8541,623325,Selecionador de pintos por sexo,Sinônimo
8542,821445,Selecionador de sucatas,Sinônimo
8543,622020,Selecionador e embalador de colheitas agrícolas,Sinônimo
8544,768325,Seleiro,Ocupação
8545,768325,Seleiro (equipamentos para equitação),Sinônimo
8546,141205,Seleiro - na fabricação - empregador,Sinônimo
8547,768325,Seleiro na fabricação,Sinônimo
8548,622020,Semeador,Sinônimo
8549,612120,Sementeiro,Sinônimo
8550,622020,Sementeiro - na cultura,Sinônimo
8551,263105,Seminarista,Sinônimo
8552,111105,Senador,Ocupação
8553,415210,Separador de cargas postais (correios e telégrafos),Sinônimo
8554,848525,Separador de carnes em matadouro,Sinônimo
8555,415210,Separador de correspondências (correios e telégrafos),Sinônimo
8556,519210,Separador de material reciclável,Sinônimo
8557,519210,Separador de sucata,Sinônimo
8558,722415,Separador de trefilados,Sinônimo
8559,516610,Sepultador,Ocupação
8560,623420,Sericicultor - exclusive conta própria e empregador,Sinônimo
8561,613420,Sericultor,Ocupação
8562,613420,Sericultor - conta própria,Sinônimo
8563,623420,Sericultor - exclusive conta própria e empregador,Sinônimo
8564,768625,Serigrafista,Sinônimo
8565,766205,Serigrafista (gráfico),Sinônimo
8566,752205,Serigrafista em vidros,Sinônimo
8567,632205,Seringueiro,Ocupação
8568,623405,Serpentarista,Sinônimo
8569,841710,Serpenteador,Sinônimo
8570,773340,Serrador (usinagem da madeira),Sinônimo
8571,773120,Serrador - em serrarias,Sinônimo
8572,632120,Serrador de árvores - na extração de madeira,Sinônimo
8573,773115,Serrador de bordas no desdobramento de madeira,Ocupação
8574,848525,Serrador de chifres,Sinônimo
8575,632120,Serrador de lenha,Sinônimo
8576,773120,Serrador de madeira,Ocupação
8577,773125,Serrador de madeira (serra circular múltipla),Ocupação
8578,773130,Serrador de madeira (serra de fita múltipla),Ocupação
8579,712205,Serrador de mármore,Sinônimo
8580,848525,Serrador de mocotó,Sinônimo
8581,848525,Serrador de parte dianteira,Sinônimo
8582,848525,Serrador de parte traseira,Sinônimo
8583,711230,Serrador de pedra (extração),Sinônimo
8584,712205,Serrador de pedras (beneficiamento),Sinônimo
8585,848525,Serrador de peito,Sinônimo
8586,848525,Serrador de ponta-de-agulha,Sinônimo
8587,848525,Serrador de porcos,Sinônimo
8588,773120,Serrador de toras,Sinônimo
8589,724440,Serralheiro,Ocupação
8590,724440,Serralheiro de alumínio,Sinônimo
8591,724440,Serralheiro de ferro,Sinônimo
8592,724440,Serralheiro de manutenção,Sinônimo
8593,724440,Serralheiro de metal,Sinônimo
8594,724440,Serralheiro de produção,Sinônimo
8595,724440,Serralheiro industrial,Sinônimo
8596,724440,Serralheiro modelista,Sinônimo
8597,724440,Serralheiro montador,Sinônimo
8598,724440,Serralheiro preparador,Sinônimo
8599,717020,Servente (construção civil),Sinônimo
8600,513435,Servente de lanche,Sinônimo
8601,514320,Servente de limpeza,Sinônimo
8602,848525,Servente de limpeza e desossa em açougue,Sinônimo
8603,717020,Servente de obras,Ocupação
8604,717020,Servente de pedreiro,Sinônimo
8605,992225,Servente de pedreiro na conservação de vias permanentes (exceto trilhos),Sinônimo
8606,632125,Servente de reflorestamento,Sinônimo
8607,992225,Servente de serviços gerais na conservação de vias permanentes (exceto trilhos)   Sinônimo,
8608,3514,SERVENTUÁRIOS DA JUSTIÇA E AFINS,Família
8609,623325,Sexador,Ocupação
8610,623325,Sexador de pintos,Sinônimo
8611,263105,Sheikh,Sinônimo
8612,414110,Sileiro,Sinônimo
8613,782145,Sinaleiro (orientação de guindastes e equipamentos similares),Sinônimo
8614,782145,Sinaleiro (ponte-rolante),Ocupação
8615,782145,Sinaleiro de campo nas operações de máquinas e equipamentos de elevações,Sinônimo
8616,510110,Síndico (edifícios),Sinônimo
8617,632205,Sirgueiro,Sinônimo
8618,631005,Sirieiro,Sinônimo
8619,612225,Sisaleiro,Sinônimo
8620,613105,Sitiante - na criação de asininos e muares,Sinônimo
8621,613205,Sitiante - na criação de caprinos,Sinônimo
8622,613130,Sitiante - na criação de eqüinos,Sinônimo
8623,613215,Sitiante - na criação de suínos,Sinônimo
8624,611005,Sitiante na agropecuária - conta própria,Sinônimo
8625,613210,Sitiante na criação de ovinos - empregador,Sinônimo
8626,612005,Sitiante polivalente,Sinônimo
8627,263110,Sóchó,Sinônimo
8628,263105,Sóchó (superior de missão),Sinônimo
8629,613420,Sócio - proprietário - na criação de bicho-da-seda - empregador,Sinônimo
8630,141410,Sócio proprietário (comércio varejista),Sinônimo
8631,613105,Sócio proprietário - na criação de asininos,Sinônimo
8632,613105,Sócio proprietário - na criação de muares,Sinônimo
8633,141510,Sócio proprietário - no serviço de alimentação - conta própria,Sinônimo
8634,141510,Sócio proprietário - no serviço de alimentação - empregador,Sinônimo
8635,141515,Sócio proprietário de bar - empregador,Sinônimo
8636,141515,Sócio proprietário de bar; lanchonete - conta própria,Sinônimo
8637,141515,Sócio proprietário de lanchonete - empregador,Sinônimo
8638,141520,Sócio proprietário de pensão,Sinônimo
8639,141520,Sócio proprietário de pensão - conta própria,Sinônimo
8640,141510,Sócio proprietário de restaurante - conta própria,Sinônimo
8641,141510,Sócio proprietário de restaurante - empregador,Sinônimo
8642,613010,Sócio- proprietário - na criação de pequenos animais - empregador,Sinônimo
8643,613405,Sócio-proprietário - na criação de abelhas - empregador,Sinônimo
8644,613215,Sócio-proprietário - na criação de suínos empregador,Sinônimo
8645,141505,Sócio-proprietário - nos serviços de alojamento - empregador,Sinônimo
8646,141505,Sócio-proprietário - nos serviços de hospedagem - empregador,Sinônimo
8647,141205,Sócio-proprietário de areal - empregador,Sinônimo
8648,141505,Sócio-proprietário de hotel - conta-própria,Sinônimo
8649,141505,Sócio-proprietário de hotel - empregador,Sinônimo
8650,141505,Sócio-proprietário de motel - conta própria,Sinônimo
8651,141505,Sócio-proprietário de motel - empregador,Sinônimo
8652,141205,Sócio-proprietário de pedreira - empregador,Sinônimo
8653,141205,Sócio-proprietário de porto de areia - empregador,Sinônimo
8654,141205,Sócio-proprietário de saibreira - empregador,Sinônimo
8655,141205,Sócio-proprietário de salina - empregador,Sinônimo
8656,611005,Sócio-proprietário na agropecuária - conta própria,Sinônimo
8657,612005,Sócio-proprietário polivalente na agricultura - conta própria,Sinônimo
8658,612005,Sócio-proprietário polivalente na agricultura - empregador,Sinônimo
8659,515325,Sócioeducador,Ocupação
8660,251120,Sociólogo,Ocupação
8661,515135,Socorrista (exceto médicos e enfermeiros),Ocupação
8662,612740,Sojicultor,Sinônimo
8663,263105,Sokan,Sinônimo
8664,031210,Soldado bombeiro militar,Ocupação
8665,010305,Soldado da aeronáutica,Sinônimo
8666,021210,Soldado da polícia militar,Ocupação
8667,010310,Soldado do exército,Sinônimo
8668,010315,Soldado fuzileiro naval,Sinônimo
8669,724315,Soldador,Ocupação
8670,724320,Soldador a oxigás,Ocupação
8671,724320,Soldador a oxigênio,Sinônimo
8672,724325,Soldador a arco elétrico,Sinônimo
8673,991120,Soldador aluminotérmico em conservação de trilhos,Ocupação
8674,724315,Soldador autógeno,Sinônimo
8675,724325,Soldador com maçarico e arco elétrico,Sinônimo
8676,751125,Soldador de jóias,Sinônimo
8677,724315,Soldador de oficina mecânica,Sinônimo
8678,724305,Soldador de solda à forte,Sinônimo
8679,724315,Soldador de solda branca,Sinônimo
8680,724315,Soldador de solda elétrica e oxiacetileno,Sinônimo
8681,991305,Soldador de veículos,Sinônimo
8682,724325,Soldador elétrico,Ocupação
8683,724305,Soldador manual,Sinônimo
8684,724315,Soldador mecânico,Sinônimo
8685,510135,Sommalier,Sinônimo
8686,513410,Sommelier,Sinônimo
8687,711315,Sondador (poços de petróleo e gás),Ocupação
8688,711105,Sondador - na mineração,Sinônimo
8689,711320,Sondador de geofísica,Sinônimo
8690,711320,Sondador de poços (exceto de petróleo e gás),Ocupação
8691,711310,Sondador de poços tubulares e sistemas rotativos,Sinônimo
8692,373105,Sonoplasta (continuidade),Sinônimo
8693,373120,Sonoplasta (gravação),Sinônimo
8694,821255,Soprador de convertedor,Ocupação
8695,823240,Soprador de vidro (a máquina),Sinônimo
8696,752115,Soprador de vidro (material de laboratório),Sinônimo
8697,7521,SOPRADORES; MOLDADORES E MODELADORES DE VIDROS E AFINS,Família
8698,632210,Sorveiro,Sinônimo
8699,848325,Sorveteiro,Sinônimo
8700,524305,Sorveteiro (comércio ambulante),Sinônimo
8701,141410,Sorveteiro (comércio varejista),Sinônimo
8702,782810,Sota,Sinônimo
8703,374120,Sound designer,Sinônimo
8704,215210,Sub-chefe de máquinas da marinha mercante,Sinônimo
8705,510130,Subchefe de bar,Sinônimo
8706,271105,Subchefe de cozinha,Sinônimo
8707,720130,Subchefe de galvanização,Sinônimo
8708,141415,Subchefe de loja (operações comerciais),Sinônimo
8709,252210,Subcontador,Sinônimo
8710,131305,Subdiretor de ensino privado,Sinônimo
8711,710220,Subencarregado central de concreto,Sinônimo
8712,410105,Subencarregado de escritório,Sinônimo
8713,710215,Subencarregado de terraplenagem,Sinônimo
8714,141505,Subgerente de hotel,Sinônimo
8715,141415,Subgerente de loja (operações comerciais),Sinônimo
8716,141420,Subgerente de oficina (assistência técnica),Sinônimo
8717,141510,Subgerente de restaurante,Sinônimo
8718,141605,Subgerente nos transportes,Sinônimo
8719,622715,Subidor de coqueiro,Sinônimo
8720,010315,Suboficial da marinha,Sinônimo
8721,242240,Subprocurador de justiça militar,Ocupação
8722,242245,Subprocurador-geral da república,Ocupação
8723,242250,Subprocurador-geral do trabalho,Ocupação
8724,351705,Subscritor assistente de seguros,Sinônimo
8725,111405,Subsecretário de estado (serviço público federal),Sinônimo
8726,031105,Subtenente bombeiro militar,Ocupação
8727,021105,Subtenente da policia militar,Ocupação
8728,031105,Subtenente do corpo de bombeiros militar,Sinônimo
8729,010310,Subtenente do exército,Sinônimo
8730,0211,SUBTENENTES E SARGENTOS DA POLICIA MILITAR,Família
8731,0311,SUBTENENTES E SARGENTOS DO CORPO DE BOMBEIROS MILITAR,Família
8732,632210,Sucubeiro,Sinônimo
8733,613215,Suinocultor - criador de leitão,Sinônimo
8734,613215,Suinocultor - empregador,Sinônimo
8735,623215,Suinocultor - exclusive conta própria,Sinônimo
8736,613215,Suinocultor cabanheiro,Sinônimo
8737,613215,Suinocultor crecheiro,Sinônimo
8738,123105,Superintendente administrativo,Sinônimo
8739,123110,Superintendente administrativo e financeiro,Sinônimo
8740,123305,Superintendente comercial,Sinônimo
8741,122305,Superintendente de contratos de operações de obras pública e civil,Sinônimo
8742,263105,Superintendente de culto religioso,Sinônimo
8743,123705,Superintendente de desenvolvimento de produtos e processos,Sinônimo
8744,123115,Superintendente de finanças,Sinônimo
8745,123310,Superintendente de marketing,Sinônimo
8746,122205,Superintendente de operações industriais,Sinônimo
8747,131105,Superintendente de relações institucionais,Sinônimo
8748,131115,Superintendente de seção de estudos e programação,Sinônimo
8749,131115,Superintendente de seção de estudos especiais,Sinônimo
8750,131105,Superintendente de serviços culturais,Sinônimo
8751,710220,Superintendente de usina central de concreto,Sinônimo
8752,123115,Superintendente financeiro,Sinônimo
8753,215220,Superintendente técnico no transporte aquaviário,Ocupação
8754,263105,Superior de culto religioso,Sinônimo
8755,263105,Superior geral,Sinônimo
8756,263105,Superiora de culto religioso,Sinônimo
8757,760405,Supervisor (indústria de calçados e artefatos de couro),Ocupação
8758,720210,Supervisor (indústria de automotores e de material de transporte),Sinônimo
8759,410105,Supervisor administrativo,Ocupação
8760,410105,Supervisor administrativo de escritório,Sinônimo
8761,410105,Supervisor administrativo de pessoal,Sinônimo
8762,410105,Supervisor administrativo interno,Sinônimo
8763,520110,Supervisor comercial,Sinônimo
8764,342540,Supervisor da administração de aeroportos,Ocupação
8765,630105,Supervisor da aqüicultura,Ocupação
8766,630110,Supervisor da área florestal,Ocupação
8767,760505,Supervisor da confecção de artefatos de tecidos; couros e afins,Ocupação
8768,840110,Supervisor da indústria de bebidas,Ocupação
8769,840115,Supervisor da indústria de fumo,Ocupação
8770,910205,Supervisor da manutenção e reparação de veículos leves,Ocupação
8771,910210,Supervisor da manutenção e reparação de veículos pesados,Ocupação
8772,740105,Supervisor da mecânica de precisão,Ocupação
8773,760605,Supervisor das artes gráficas (indústria editorial e gráfica),Ocupação
8774,760405,Supervisor de acabamento de confecção de calçados,Sinônimo
8775,848510,Supervisor de açougue,Sinônimo
8776,410105,Supervisor de administração,Sinônimo
8777,410105,Supervisor de administração e arquivo técnico,Sinônimo
8778,410205,Supervisor de almoxarifado,Ocupação
8779,760405,Supervisor de alta freqüência de confecção de calçados,Sinônimo
8780,820115,Supervisor de alto-forno,Sinônimo
8781,510115,Supervisor de andar,Ocupação
8782,710105,Supervisor de apoio operacional na mineração,Ocupação
8783,860115,Supervisor de área de operação elétrica,Sinônimo
8784,420115,Supervisor de arrecadação (apostas e jogos),Sinônimo
8785,420105,Supervisor de atendimento (caixas e bilheteiros),Sinônimo
8786,420135,Supervisor de atendimento ao cliente,Sinônimo
8787,410220,Supervisor de ativo fixo,Sinônimo
8788,510130,Supervisor de bar,Sinônimo
8789,510105,Supervisor de bilheteira de transportes,Sinônimo
8790,510305,Supervisor de bombeiros,Ocupação
8791,710115,Supervisor de britagem (mineração),Sinônimo
8792,420105,Supervisor de caixas e bilheteiros (exceto caixa de banco),Ocupação
8793,820110,Supervisor de calcinação,Sinônimo
8794,410210,Supervisor de câmbio,Ocupação
8795,770110,Supervisor de carpintaria,Sinônimo
8796,770110,Supervisor de carpinteiro de manutenção,Sinônimo
8797,710125,Supervisor de carregamento de minérios,Sinônimo
8798,420135,Supervisor de central de atendimento,Sinônimo
8799,342410,Supervisor de centro de controle (ferrovia e metrô),Sinônimo
8800,420110,Supervisor de cobrança,Ocupação
8801,410225,Supervisor de cobrança de serviço financeiro; de câmbio e controle,Sinônimo
8802,420120,Supervisor de coleta,Sinônimo
8803,420115,Supervisor de coletadores de apostas e de jogos,Ocupação
8804,354210,Supervisor de compras,Ocupação
8805,710205,Supervisor de conservação de obras,Sinônimo
8806,710205,Supervisor de construção civil,Sinônimo
8807,720220,Supervisor de construção de fornos,Sinônimo
8808,710205,Supervisor de construção e conservação,Sinônimo
8809,720205,Supervisor de construção naval,Sinônimo
8810,710205,Supervisor de construções e manutenção,Sinônimo
8811,252210,Supervisor de contabilidade,Sinônimo
8812,410215,Supervisor de contas a pagar,Ocupação
8813,710210,Supervisor de controle de linhas ferroviárias,Sinônimo
8814,261210,Supervisor de controle de processos documentais,Sinônimo
8815,720160,Supervisor de controle de tratamento térmico,Ocupação
8816,261210,Supervisor de controle documental,Sinônimo
8817,410220,Supervisor de controle patrimonial,Ocupação
8818,820110,Supervisor de convertedor,Sinônimo
8819,760405,Supervisor de corte de confecção de calçados,Sinônimo
8820,760310,Supervisor de costura do vestuário,Sinônimo
8821,271105,Supervisor de cozinha,Sinônimo
8822,410225,Supervisor de crédito,Sinônimo
8823,410225,Supervisor de crédito e cobrança,Ocupação
8824,760205,Supervisor de curtimento,Ocupação
8825,820110,Supervisor de dessulfuração,Sinônimo
8826,412120,Supervisor de digitação,Sinônimo
8827,412120,Supervisor de digitação e operação,Ocupação
8828,810305,Supervisor de embalagem (produção farmacêutica),Sinônimo
8829,780105,Supervisor de embalagem e etiquetagem,Ocupação
8830,342545,Supervisor de empresa aérea em aeroportos,Ocupação
8831,780105,Supervisor de ensacamento,Sinônimo
8832,239430,Supervisor de ensino,Ocupação
8833,420120,Supervisor de entrevistadores e recenseadores,Ocupação
8834,780105,Supervisor de envasamento,Sinônimo
8835,710115,Supervisor de escavação e transporte (mineração),Sinônimo
8836,342405,Supervisor de estação (metrô e ferrovia),Sinônimo
8837,510105,Supervisor de estação ferroviária e rodoviária,Sinônimo
8838,620105,Supervisor de exploração agrícola,Ocupação
8839,620110,Supervisor de exploração agropecuária,Ocupação
8840,620115,Supervisor de exploração pecuária,Ocupação
8841,710110,Supervisor de extração de sal,Ocupação
8842,810305,Supervisor de fabricação (produção farmacêutica),Sinônimo
8843,740105,Supervisor de fabricação de instrumentos de precisão,Sinônimo
8844,740110,Supervisor de fabricação de instrumentos musicais,Ocupação
8845,820210,Supervisor de fabricação de produtos de vidro,Ocupação
8846,830105,Supervisor de fibras e utilidades,Sinônimo
8847,820110,Supervisor de forno-panela,Sinônimo
8848,820125,Supervisor de forno-poço,Sinônimo
8849,510120,Supervisor de hospedagem,Sinônimo
8850,760405,Supervisor de injeção de confecção de calçados,Sinônimo
8851,750105,Supervisor de joalheria,Ocupação
8852,766405,Supervisor de laboratório fotográfico,Sinônimo
8853,820125,Supervisor de laminador de bloco e tarugos,Sinônimo
8854,820125,Supervisor de laminador desbastador,Sinônimo
8855,510205,Supervisor de lavanderia,Ocupação
8856,710120,Supervisor de lavra (mineração),Sinônimo
8857,820110,Supervisor de lingotamento,Sinônimo
8858,820125,Supervisor de linhas de acabamento,Sinônimo
8859,910110,Supervisor de manutenção de aparelhos térmicos; de climatização e de refrigeração,Ocupação
8860,910115,Supervisor de manutenção de bombas; motores; compressores e equipamentos de transmissão   Ocupação,
8861,313115,Supervisor de manutenção de máquinas e equipamentos,Sinônimo
8862,910120,Supervisor de manutenção de máquinas gráficas,Ocupação
8863,910125,Supervisor de manutenção de máquinas industriais têxteis,Ocupação
8864,910130,Supervisor de manutenção de máquinas operatrizes e de usinagem,Ocupação
8865,910210,Supervisor de manutenção de veículos de carga,Sinônimo
8866,910205,Supervisor de manutenção de veículos de passeio,Sinônimo
8867,910910,Supervisor de manutenção de vias férreas,Ocupação
8868,950105,Supervisor de manutenção elétrica de alta tensão industrial,Ocupação
8869,950305,Supervisor de manutenção eletromecânica,Ocupação
8870,950110,Supervisor de manutenção eletromecânica industrial; comercial e predial,Ocupação
8871,910910,Supervisor de manutenção em lubrificação de vias permanentes,Sinônimo
8872,950305,Supervisor de manutenção industrial,Sinônimo
8873,910105,Supervisor de manutenção mecânica de sistemas operacionais,Sinônimo
8874,860115,Supervisor de manutenção na geração ;transmissão e distribuição de energia elétrica,Sinônimo
8875,710215,Supervisor de máquina de terraplenagem,Sinônimo
8876,830105,Supervisor de máquinas para fabricar papel,Sinônimo
8877,410205,Supervisor de materiais em almoxarifado,Sinônimo
8878,760405,Supervisor de matrizaria de confecção de calçados,Sinônimo
8879,711130,Supervisor de mina,Sinônimo
8880,760405,Supervisor de modelagem de confecção de calçados,Sinônimo
8881,313115,Supervisor de montagem,Sinônimo
8882,760405,Supervisor de montagem de confecção de calçados,Sinônimo
8883,730105,Supervisor de montagem e instalação eletroeletrônica,Ocupação
8884,510105,Supervisor de movimento de trens,Sinônimo
8885,810105,Supervisor de operação (indústria petroquímica e carboquímica),Sinônimo
8886,860110,Supervisor de operação de fluidos (distribuição; captação; tratamento de água; gases; vapor)   Ocupação,
8887,860115,Supervisor de operação elétrica (geração; transmissão e distribuição de energia elétrica),Ocupação
8888,373220,Supervisor de operações de sistemas de televisão e produtoras de vídeo,Sinônimo
8889,391205,Supervisor de operações na área de controle de produção,Sinônimo
8890,342610,Supervisor de operações portuárias,Ocupação
8891,354810,Supervisor de operações turísticas,Sinônimo
8892,410230,Supervisor de orçamento,Ocupação
8893,830105,Supervisor de papel e acabamento,Sinônimo
8894,830105,Supervisor de pátio de madeira,Sinônimo
8895,710115,Supervisor de perfuração e desmonte,Ocupação
8896,760405,Supervisor de pesponto de confecção de calçados,Sinônimo
8897,720135,Supervisor de pintura (tratamento de superfícies),Sinônimo
8898,760405,Supervisor de pré-frezado de confecção de calçados,Sinônimo
8899,810305,Supervisor de processamento (produção farmacêutica),Sinônimo
8900,830105,Supervisor de processo de fibras; químicos e madeira,Sinônimo
8901,760505,Supervisor de produção (artefatos de couro),Sinônimo
8902,730105,Supervisor de produção (indústria de material elétrico e eletrônico),Sinônimo
8903,810305,Supervisor de produção (produção farmacêutica),Sinônimo
8904,840105,Supervisor de produção da indústria alimentícia,Ocupação
8905,830105,Supervisor de produção de celulose,Sinônimo
8906,810305,Supervisor de produção de líquidos (produção farmacêutica),Sinônimo
8907,830105,Supervisor de produção de papel,Sinônimo
8908,810305,Supervisor de produção de semi-sólidos (produção farmacêutica),Sinônimo
8909,810305,Supervisor de produção de sólidos (produção farmacêutica),Sinônimo
8910,710120,Supervisor de produção e lavra (mineração),Sinônimo
8911,820205,Supervisor de produção na fabricação de produtos de cerâmica; porcelanatos e afins   Sinônimo,
8912,820210,Supervisor de produção na fabricação de produtos de vidro,Sinônimo
8913,710120,Supervisor de produção na mineração,Ocupação
8914,810110,Supervisor de produção química,Sinônimo
8915,510120,Supervisor de recepção de hotel,Sinônimo
8916,420125,Supervisor de recepcionistas,Ocupação
8917,830105,Supervisor de recuperação de produtos químicos,Sinônimo
8918,910905,Supervisor de reparos linhas férreas,Ocupação
8919,410105,Supervisor de seção de serviços gerais,Sinônimo
8920,351605,Supervisor de segurança do trabalho,Sinônimo
8921,510310,Supervisor de segurança patrimonial,Sinônimo
8922,770105,Supervisor de serraria,Sinônimo
8923,420135,Supervisor de teleatendimento,Sinônimo
8924,420130,Supervisor de telefonistas,Ocupação
8925,420135,Supervisor de telemarketing e atendimento,Ocupação
8926,420135,Supervisor de televendas,Sinônimo
8927,410235,Supervisor de tesouraria,Ocupação
8928,420115,Supervisor de tesouraria de apostas e jogos,Sinônimo
8929,342305,Supervisor de tráfego rodoviário,Sinônimo
8930,710125,Supervisor de transporte na mineração,Ocupação
8931,510105,Supervisor de transportes,Ocupação
8932,510105,Supervisor de trens,Sinônimo
8933,710120,Supervisor de turno (mineração),Sinônimo
8934,710220,Supervisor de usina de concreto,Ocupação
8935,520110,Supervisor de vendas comercial,Ocupação
8936,520105,Supervisor de vendas de serviços,Ocupação
8937,520110,Supervisor de vendas no atacado,Sinônimo
8938,520110,Supervisor de vendas no varejo,Sinônimo
8939,510310,Supervisor de vigilantes,Ocupação
8940,780105,Supervisor do setor de embalagem,Sinônimo
8941,239430,Supervisor educacional,Sinônimo
8942,630110,Supervisor florestal,Sinônimo
8943,342405,Supervisor geral de operação (metrô),Sinônimo
8944,510205,Supervisor operacional de lavanderia,Sinônimo
8945,239430,Supervisor pedagógico,Sinônimo
8946,860110,Supervisor técnico de aplicação e distribuição de gás,Sinônimo
8947,860115,Supervisor técnico de manutenção elétrica (distribuição de energia),Sinônimo
8948,860110,Supervisor técnico de operação de água e esgoto,Sinônimo
8949,860115,Supervisor técnico de operação de sistema de geração; transmissão e distribuição de energia elétrica   Sinônimo,
8950,373220,Supervisor técnico operacional de sistemas de televisão e produtoras de vídeo,Ocupação
8951,4101,SUPERVISORES ADMINISTRATIVOS,Família
8952,7605,SUPERVISORES DA CONFECÇÃO DE ARTEFATOS DE TECIDOS; COUROS E AFINS,Família
8953,7102,SUPERVISORES DA CONSTRUÇÃO CIVIL,Família
8954,7101,SUPERVISORES DA EXTRAÇÃO MINERAL,Família
8955,8401,SUPERVISORES DA FABRICAÇÃO DE ALIMENTOS; BEBIDAS E FUMO,Família
8956,8301,SUPERVISORES DA FABRICAÇÃO DE CELULOSE E PAPEL,Família
8957,7202,SUPERVISORES DA FABRICAÇÃO E MONTAGEM METALMECÂNICA,Família
8958,7601,SUPERVISORES DA INDÚSTRIA TÊXTIL,Família
8959,7401,SUPERVISORES DA MECÂNICA DE PRECISÃO E INSTRUMENTOS MUSICAIS,Família
8960,8601,SUPERVISORES DA PRODUÇÃO DE UTILIDADES,Família
8961,7606,SUPERVISORES DAS ARTES GRÁFICAS,Família
8962,4201,SUPERVISORES DE ATENDIMENTO AO PÚBLICO E DE PESQUISA,Família
8963,7501,SUPERVISORES DE JOALHERIA E AFINS,Família
8964,5102,SUPERVISORES DE LAVANDERIA,Família
8965,910105,Supervisores de manutenção de máquinas e equipamentos comerciais e residenciais,Sinônimo
8966,9501,SUPERVISORES DE MANUTENÇÃO ELETROELETRÔNICA INDUSTRIAL; COMERCIAL E PREDIAL,Família
8967,9502,SUPERVISORES DE MANUTENÇÃO ELETROELETRÔNICA VEICULAR,Família
8968,9503,SUPERVISORES DE MANUTENÇÃO ELETROMECÂNICA,Família
8969,7301,SUPERVISORES DE MONTAGENS E INSTALAÇÕES ELETROELETRÔNICAS,Família
8970,8103,SUPERVISORES DE PRODUÇÃO EM INDÚSTRIAS DE PRODUTOS FARMACÊUTICOS; COSMÉTICOS E AFINS,Família
8971,8102,SUPERVISORES DE PRODUÇÃO EM INDÚSTRIAS DE TRANSFORMAÇÃO DE PLÁSTICOS E BORRACHAS,Família
8972,8101,SUPERVISORES DE PRODUÇÃO EM INDÚSTRIAS QUÍMICAS; PETROQUÍMICAS E AFINS,Família
8973,8201,SUPERVISORES DE PRODUÇÃO EM INDÚSTRIAS SIDERÚRGICAS,Família
8974,4102,SUPERVISORES DE SERVIÇOS FINANCEIROS; DE CÂMBIO E DE CONTROLE,Família
8975,7801,SUPERVISORES DE TRABALHADORES DE EMBALAGEM E ETIQUETAGEM,Família
8976,7201,SUPERVISORES DE USINAGEM; CONFORMAÇÃO E TRATAMENTO DE METAIS,Família
8977,5201,SUPERVISORES DE VENDAS E DE PRESTAÇÃO DE SERVIÇOS,Família
8978,7502,SUPERVISORES DE VIDRARIA; CERÂMICA E AFINS,Família
8979,5103,SUPERVISORES DOS SERVIÇOS DE PROTEÇÃO; SEGURANÇA E OUTROS,Família
8980,5101,SUPERVISORES DOS SERVIÇOS DE TRANSPORTE; TURISMO; HOTELARIA E ADMINISTRAÇÃO DE EDIFÍCIOS Família,
8981,7701,SUPERVISORES EM INDÚSTRIA DE MADEIRA; MOBILIÁRIO E DA CARPINTARIA VEICULAR,Família
8982,9101,SUPERVISORES EM SERVIÇOS DE REPARAÇÃO E MANUTENÇÃO DE MÁQUINAS E EQUIPAMENTOS INDUSTRIAIS;,
8983,9102,SUPERVISORES EM SERVIÇOS DE REPARAÇÃO E MANUTENÇÃO VEICULAR,Família
8984,6301,SUPERVISORES NA ÁREA FLORESTAL E AQÜICULTURA,Família
8985,7604,SUPERVISORES NA CONFECÇÃO DE CALÇADOS,Família
8986,7603,SUPERVISORES NA CONFECÇÃO DO VESTUÁRIO,Família
8987,6201,SUPERVISORES NA EXPLORAÇÃO AGROPECUÁRIA,Família
8988,8202,SUPERVISORES NA FABRICAÇÃO DE MATERIAIS PARA CONSTRUÇÃO (VIDROS E CERÂMICAS),Família
8989,7602,SUPERVISORES NA INDÚSTRIA DO CURTIMENTO,Família
8990,752235,Surfassagista,Ocupação
8991,513615,Sushiman,Ocupação
8992,263105,Swami,Sinônimo
8993,263110,Swami (missionário),Sinônimo
8994,2413,TABELIÃES E REGISTRADORES,Família
8995,241305,Tabelião de contratos marítimos,Sinônimo
8996,241335,Tabelião de notas,Ocupação
8997,241340,Tabelião de protesto de letras e títulos,Sinônimo
8998,241340,Tabelião de protestos,Ocupação
8999,351415,Tabelião substituto,Sinônimo
9000,511115,Taifeiro (exceto militares),Ocupação
9001,010305,Taifeiro da aeronáutica,Sinônimo
9002,010310,Taifeiro do exército,Sinônimo
9003,010305,Taifeiro-mor da aeronáutica,Sinônimo
9004,010310,Taifeiro-mor do exército,Sinônimo
9005,141205,Talabarteiro - empregador (selas),Sinônimo
9006,848525,Talhador de carne,Sinônimo
9007,763110,Talhador de roupas,Sinônimo
9008,848510,Talhador em açougue,Sinônimo
9009,848505,Talhador em matadouro,Sinônimo
9010,771120,Tanoeiro,Ocupação
9011,768110,Tapeceiro a mão (tapetes),Sinônimo
9012,765240,Tapeceiro de autos,Ocupação
9013,765230,Tapeceiro de aviões,Sinônimo
9014,765235,Tapeceiro de móveis,Sinônimo
9015,765240,Tapeceiro de veículos,Sinônimo
9016,991310,Tapeceiro de veículos,Sinônimo
9017,716535,Taqueiro,Ocupação
9018,351510,Taquígrafo,Ocupação
9019,351510,Taquígrafo em línguas estrangeiras,Sinônimo
9020,351510,Taquígrafo parlamentar,Sinônimo
9021,351510,Taquígrafo revisor,Sinônimo
9022,622020,Tarefeiro - na cultura,Sinônimo
9023,622615,Tarefeiro na cultura de erva-mate,Sinônimo
9024,516805,Tarólogo,Sinônimo
9025,631020,Tarrafeador na pesca de peixes e camarões,Sinônimo
9026,263105,Tata kisaba,Sinônimo
9027,263105,Tata nkisi,Sinônimo
9028,263105,Tateto ndenge,Sinônimo
9029,141515,Taverneiro,Sinônimo
9030,782315,Taxeiro,Sinônimo
9031,328110,Taxidermista,Ocupação
9032,782315,Taxista,Sinônimo
9033,768105,Tecedor - exclusive de tapetes,Sinônimo
9034,761303,Tecedor de redes,Sinônimo
9035,768120,Tecedor de redes - inclusive de punho; mamucaba; varanda,Sinônimo
9036,768110,Tecedor de tapetes,Sinônimo
9037,761303,Tecelão (redes),Ocupação
9038,761306,Tecelão (rendas e bordados),Ocupação
9039,761309,Tecelão (tear automático),Ocupação
9040,761312,Tecelão (tear jacquard),Ocupação
9041,768105,Tecelão (tear manual),Ocupação
9042,761315,Tecelão (tear mecânico de maquineta),Ocupação
9043,761318,Tecelão (tear mecânico de xadrez),Ocupação
9044,761321,Tecelão (tear mecânico liso),Ocupação
9045,768105,Tecelão - exclusive de tapetes,Sinônimo
9046,768110,Tecelão de alfombras; a mão,Sinônimo
9047,761306,Tecelão de bordados,Sinônimo
9048,761360,Tecelão de fitas,Sinônimo
9049,761330,Tecelão de malhas (máquina circular),Ocupação
9050,761333,Tecelão de malhas (máquina retilínea),Ocupação
9051,761327,Tecelão de malhas; a máquina,Ocupação
9052,768115,Tecelão de malhas; a mão,Sinônimo
9053,761339,Tecelão de meias (máquina circular),Ocupação
9054,761342,Tecelão de meias (máquina retilínea),Ocupação
9055,761336,Tecelão de meias; a máquina,Ocupação
9056,768120,Tecelão de redes - inclusive de punho; mamucaba; varanda,Sinônimo
9057,761306,Tecelão de rendas,Sinônimo
9058,768110,Tecelão de tapeçaria em tear manual,Sinônimo
9059,768110,Tecelão de tapetes; a mão,Ocupação
9060,761345,Tecelão de tapetes; a máquina,Ocupação
9061,761360,Tecelão de tear de fita,Sinônimo
9062,513325,Técnica de cinema,Sinônimo
9063,314310,Técnico aeronáutico,Sinônimo
9064,321105,Técnico agrícola,Ocupação
9065,321105,Técnico agrícola executor de operações aéreas agrícolas,Sinônimo
9066,321110,Técnico agropecuário,Ocupação
9067,321210,Técnico ambiental,Sinônimo
9068,391210,Técnico analista de controle de produtos manufaturados,Sinônimo
9069,391210,Técnico analista de controle estatístico de qualidade,Sinônimo
9070,391135,Técnico analista de materiais,Sinônimo
9071,391210,Técnico analista de padrões de qualidade,Sinônimo
9072,391125,Técnico analista de pcp,Sinônimo
9073,391210,Técnico analista de pesquisa de controle de qualidade,Sinônimo
9074,391105,Técnico analista de processos de produção,Sinônimo
9075,391125,Técnico analista de produção,Sinônimo
9076,391125,Técnico analista de programação,Sinônimo
9077,391210,Técnico analista de qualidade,Sinônimo
9078,391210,Técnico analista de recebimento de peças compradas,Sinônimo
9079,314305,Técnico automotivo,Sinônimo
9080,311305,Técnico ceramista,Sinônimo
9081,322105,Técnico corporal em medicina tradicional chinesa,Sinônimo
9082,254110,Técnico da receita federal,Ocupação
9083,862160,Técnico de abastecimento de combustível de aeronave,Sinônimo
9084,311515,Técnico de abastecimento; captação e distribuição de água,Sinônimo
9085,314705,Técnico de acabamento em siderurgia,Ocupação
9086,314710,Técnico de aciaria em siderurgia,Ocupação
9087,325205,Técnico de alimentos,Ocupação
9088,314710,Técnico de alto-forno em siderurgia,Sinônimo
9089,301115,Técnico de análise de óleos e graxas,Sinônimo
9090,311105,Técnico de análise química,Sinônimo
9091,312105,Técnico de analista de custos (construção civil),Sinônimo
9092,322505,Técnico de aparelhos ortopédicos,Sinônimo
9093,317110,Técnico de aplicação (computação),Sinônimo
9094,301205,Técnico de apoio à bioengenharia,Ocupação
9095,395105,Técnico de apoio em pesquisa e desenvolvimento (exceto agropecuário e florestal),Ocupação
9096,395110,Técnico de apoio em pesquisa e desenvolvimento agropecuário florestal,Ocupação
9097,395105,Técnico de apoio em pesquisa e desenvolvimento de processos,Sinônimo
9098,395105,Técnico de apoio em pesquisa e desenvolvimento de produtos,Sinônimo
9099,395105,Técnico de apoio em pesquisa e desenvolvimento de tecnologias energéticas,Sinônimo
9100,395105,Técnico de apoio em pesquisa e desenvolvimento em telecomunicações,Sinônimo
9101,371210,Técnico de arquivo (museologia),Sinônimo
9102,371310,Técnico de artes gráficas,Sinônimo
9103,373105,Técnico de áudio (rádio),Sinônimo
9104,311515,Técnico de avaliação de capacidade de estação de tratamento e distribuição de água e esgoto   Sinônimo,
9105,313215,Técnico de balanças (eletrônicas),Sinônimo
9106,325205,Técnico de bebidas,Sinônimo
9107,371110,Técnico de biblioteca,Sinônimo
9108,320105,Técnico de biotério,Sinônimo
9109,954305,Técnico de calculadora eletrônica,Sinônimo
9110,321310,Técnico de camarão,Sinônimo
9111,373205,Técnico de captação de som em produção para televisão e produtora de vídeo,Sinônimo
9112,325205,Técnico de carnes e derivados,Sinônimo
9113,311110,Técnico de celulose e papel,Ocupação
9114,311515,Técnico de central térmica,Sinônimo
9115,311105,Técnico de ciências químicas,Sinônimo
9116,313110,Técnico de comandos e controle,Sinônimo
9117,313305,Técnico de comunicação de dados,Ocupação
9118,313315,Técnico de comutação telefônica,Sinônimo
9119,312105,Técnico de construção civil,Sinônimo
9120,351105,Técnico de contabilidade,Ocupação
9121,252210,Técnico de controladoria,Sinônimo
9122,314710,Técnico de controle de lingoteira,Sinônimo
9123,311505,Técnico de controle de meio ambiente,Ocupação
9124,313205,Técnico de controle de processo de manutenção eletrônica,Sinônimo
9125,391205,Técnico de controle de qualidade,Sinônimo
9126,325205,Técnico de controle de qualidade de alimentos,Sinônimo
9127,391220,Técnico de controle interno na produção,Sinônimo
9128,314710,Técnico de convertedor de aciaria em siderurgia,Sinônimo
9129,954305,Técnico de copiadora,Sinônimo
9130,311105,Técnico de desenvolvimento de análise química,Sinônimo
9131,224125,Técnico de desporto individual e coletivo (exceto futebol),Ocupação
9132,261210,Técnico de documentação,Sinônimo
9133,371110,Técnico de documentação e informação,Sinônimo
9134,312105,Técnico de edificações,Sinônimo
9135,312105,Técnico de edificações; estradas e saneamento,Sinônimo
9136,313130,Técnico de eletricidade,Sinônimo
9137,322205,Técnico de enfermagem,Ocupação
9138,322245,Técnico de enfermagem da estratégia de saúde da família,Ocupação
9139,322210,Técnico de enfermagem de terapia intensiva,Ocupação
9140,322215,Técnico de enfermagem do trabalho,Ocupação
9141,322220,Técnico de enfermagem em saúde mental,Sinônimo
9142,322215,Técnico de enfermagem em saúde ocupacional,Sinônimo
9143,322215,Técnico de enfermagem ocupacional,Sinônimo
9144,322220,Técnico de enfermagem psiquiátrica,Ocupação
9145,313105,Técnico de ensaios elétricos,Sinônimo
9146,314610,Técnico de ensaios mecânicos (caldeiraria),Sinônimo
9147,313130,Técnico de equipamentos elétricos,Sinônimo
9148,312205,Técnico de estradas,Ocupação
9149,311615,Técnico de fiação,Sinônimo
9150,325205,Técnico de frutas e hortaliças,Sinônimo
9151,314715,Técnico de fundição em siderurgia,Ocupação
9152,391210,Técnico de garantia da qualidade,Ocupação
9153,710115,Técnico de geologia,Sinônimo
9154,311505,Técnico de gestão do meio ambiente,Sinônimo
9155,325205,Técnico de grãos e cereais,Sinônimo
9156,373120,Técnico de gravação (rádio),Sinônimo
9157,374105,Técnico de gravação de áudio,Sinônimo
9158,351815,Técnico de identificação (papiloscopista),Sinônimo
9159,322605,Técnico de imobilização ortopédica,Ocupação
9160,954305,Técnico de impressora (matricial),Sinônimo
9161,311205,Técnico de indústria petroquímica,Sinônimo
9162,313215,Técnico de indústria eletrônica,Sinônimo
9163,311105,Técnico de indústria química,Sinônimo
9164,314605,Técnico de inspeção da indústria metalúrgica,Sinônimo
9165,312205,Técnico de inspeção e especificação de materiais e equipamentos de construção de estradas   Sinônimo,
9166,312210,Técnico de inspeção e especificação de materiais e equipamentos de obras de saneamento,Sinônimo
9167,311105,Técnico de laboratório - exclusive análises clínicas,Sinônimo
9168,311105,Técnico de laboratório de água e esgotos,Sinônimo
9169,324205,Técnico de laboratório de análises clínicas,Sinônimo
9170,301115,Técnico de laboratório de análises físico-químicas (petróleo),Sinônimo
9171,313215,Técnico de laboratório de eletrônica de automação,Sinônimo
9172,224130,Técnico de laboratório e fiscalização desportiva,Ocupação
9173,324205,Técnico de laboratório em patologia clínica,Sinônimo
9174,301105,Técnico de laboratório industrial,Ocupação
9175,324205,Técnico de laboratório médico,Sinônimo
9176,314720,Técnico de laminação em siderurgia,Ocupação
9177,325205,Técnico de laticínios,Sinônimo
9178,314710,Técnico de lingotamento,Sinônimo
9179,314705,Técnico de linhas de acabamento em siderurgia,Sinônimo
9180,313315,Técnico de manipulação de tráfego telefônico,Sinônimo
9181,314310,Técnico de manutenção aeronáutica,Sinônimo
9182,314310,Técnico de manutenção de aeronaves,Sinônimo
9183,313205,Técnico de manutenção de computador,Sinônimo
9184,313315,Técnico de manutenção de equipamento de comutação telefônica,Sinônimo
9185,313320,Técnico de manutenção de equipamento de transmissão,Sinônimo
9186,312105,Técnico de manutenção de obras,Sinônimo
9187,314310,Técnico de manutenção de sistemas de aeronaves,Sinônimo
9188,314405,Técnico de manutenção de sistemas e instrumentos,Ocupação
9189,313120,Técnico de manutenção elétrica,Ocupação
9190,313125,Técnico de manutenção elétrica de máquina,Ocupação
9191,313205,Técnico de manutenção eletrônica,Ocupação
9192,313210,Técnico de manutenção eletrônica (circuitos de máquinas com comando numérico)   Ocupação,
9193,313120,Técnico de manutenção industrial,Sinônimo
9194,954305,Técnico de máquina autenticadora,Sinônimo
9195,954305,Técnico de máquina de escrever eletrônica,Sinônimo
9196,919205,Técnico de máquinas (a explosão),Sinônimo
9197,954305,Técnico de máquinas eletrônicas,Sinônimo
9198,325205,Técnico de massas alimentícias,Sinônimo
9199,391135,Técnico de matéria-prima e material,Ocupação
9200,316110,Técnico de metalografia e petrografia,Sinônimo
9201,311510,Técnico de meteorologia,Ocupação
9202,316305,Técnico de mineração,Ocupação
9203,316305,Técnico de mineração (águas subterrâneas),Sinônimo
9204,316305,Técnico de mineração (minerais sólidos),Sinônimo
9205,316310,Técnico de mineração (óleo e petróleo),Ocupação
9206,316110,Técnico de mineração (pesquisa geológica),Sinônimo
9207,316305,Técnico de mineração (tóriom zircônio e outros minerais raros),Sinônimo
9208,374130,Técnico de mixagem,Sinônimo
9209,374110,Técnico de montagem,Sinônimo
9210,314610,Técnico de montagem (caldeiraria),Sinônimo
9211,312105,Técnico de obras,Sinônimo
9212,312105,Técnico de obras civis,Ocupação
9213,322505,Técnico de oficina ortopédica,Sinônimo
9214,813130,Técnico de operação (química; petroquímica e afins),Ocupação
9215,342110,Técnico de operação de transporte,Sinônimo
9216,313105,Técnico de operação eletrotécnica,Sinônimo
9217,811005,Técnico de operação em processos químicos e petroquímicos,Sinônimo
9218,316325,Técnico de operação em refino de petróleo e gás,Sinônimo
9219,342115,Técnico de operações de serviços de máquinas e veículos,Sinônimo
9220,353205,Técnico de operações e serviços bancários - câmbio,Ocupação
9221,353210,Técnico de operações e serviços bancários - crédito imobiliário,Ocupação
9222,353215,Técnico de operações e serviços bancários - crédito rural,Ocupação
9223,353220,Técnico de operações e serviços bancários - leasing,Ocupação
9224,353225,Técnico de operações e serviços bancários - renda fixa e variável,Ocupação
9225,239410,Técnico de orientação profissional,Sinônimo
9226,322505,Técnico de ortopedia,Ocupação
9227,391220,Técnico de painel de controle,Ocupação
9228,374215,Técnico de palco,Sinônimo
9229,325205,Técnico de panificação,Sinônimo
9230,316305,Técnico de perfuração (minas),Sinônimo
9231,325205,Técnico de pescado e derivados,Sinônimo
9232,316110,Técnico de pesquisa mineral,Sinônimo
9233,314615,Técnico de planejamento da indústria metalúrgica (estruturas metálicas),Sinônimo
9234,314620,Técnico de planejamento da indústria metalúrgica (soldagem),Sinônimo
9235,312105,Técnico de planejamento de obras,Sinônimo
9236,391125,Técnico de planejamento de produção,Ocupação
9237,391130,Técnico de planejamento e programação da manutenção,Ocupação
9238,316325,Técnico de processamento em refino de petróleo e gás,Sinônimo
9239,311205,Técnico de processamento industrial (petroquímica),Sinônimo
9240,391125,Técnico de processo de fabricação,Sinônimo
9241,311205,Técnico de processo petroquímico,Sinônimo
9242,811005,Técnico de processo petroquímico (operador de equipamentos),Sinônimo
9243,311405,Técnico de processos (borracha),Sinônimo
9244,311410,Técnico de processos (plástico),Sinônimo
9245,391125,Técnico de produção,Sinônimo
9246,311205,Técnico de produção (gás combustível),Sinônimo
9247,311205,Técnico de produção (petroquímica),Sinônimo
9248,325205,Técnico de produção de alimentos,Sinônimo
9249,313205,Técnico de produção eletrônica,Sinônimo
9250,316325,Técnico de produção em refino de petróleo,Ocupação
9251,321210,Técnico de produção florestal,Sinônimo
9252,316310,Técnico de produção na extração de petróleo,Sinônimo
9253,391125,Técnico de programação de produção,Sinônimo
9254,391125,Técnico de programação e controle da produção e expedição,Sinônimo
9255,391130,Técnico de programação e controle de serviço de manutenção,Sinônimo
9256,313110,Técnico de projeto (eletrotécnico),Sinônimo
9257,312205,Técnico de projetos e obras de infra-estrutura de estradas,Sinônimo
9258,313130,Técnico de projetos elétricos,Sinônimo
9259,314110,Técnico de projetos mecânicos,Sinônimo
9260,322505,Técnico de prótese e órtese,Sinônimo
9261,322505,Técnico de prótese ortopédica,Sinônimo
9262,954210,Técnico de rádio (reparo),Sinônimo
9263,313215,Técnico de rádio e televisão,Sinônimo
9264,324115,Técnico de radioterapia,Sinônimo
9265,316305,Técnico de recursos minerais,Sinônimo
9266,313310,Técnico de rede (telecomunicações),Ocupação
9267,312210,Técnico de redes de água e esgoto,Sinônimo
9268,314725,Técnico de redução na siderurgia (primeira fusão),Ocupação
9269,321210,Técnico de reflorestamento,Sinônimo
9270,314115,Técnico de refrigeração (fabricação),Sinônimo
9271,725705,Técnico de refrigeração (instalação),Sinônimo
9272,351735,Técnico de resseguros,Ocupação
9273,312210,Técnico de saneamento,Ocupação
9274,311505,Técnico de saneamento e controle ambiental,Sinônimo
9275,351740,Técnico de seguros,Ocupação
9276,351710,Técnico de sinistros,Sinônimo
9277,313215,Técnico de sistema automação industrial,Sinônimo
9278,311105,Técnico de sistema de tratamento de água,Sinônimo
9279,311205,Técnico de sistemas industriais (petroquímica),Sinônimo
9280,351910,Técnico de suporte à inteligência (grupo apoio),Sinônimo
9281,374215,Técnico de teatro,Sinônimo
9282,313315,Técnico de telecomunicações (telefonia),Ocupação
9283,313315,Técnico de telefonia,Sinônimo
9284,313305,Técnico de teleprocessamento,Sinônimo
9285,954210,Técnico de televisão,Sinônimo
9286,391105,Técnico de tempos e métodos,Sinônimo
9287,313320,Técnico de transmissão (telecomunicações),Ocupação
9288,312205,Técnico de transporte ferroviário,Sinônimo
9289,314620,Técnico de tratamento térmico (metalurgia),Sinônimo
9290,254415,Técnico de tributos estadual,Ocupação
9291,254420,Técnico de tributos municipal,Ocupação
9292,314610,Técnico de tubulação (caldeiraria),Sinônimo
9293,311515,Técnico de utilidade (produção e distribuição de vapor; gases; óleos; combustíveis; energia)   Ocupação,
9294,354135,Técnico de vendas,Ocupação
9295,313130,Técnico eletricista,Ocupação
9296,313215,Técnico eletrônico,Ocupação
9297,313210,Técnico eletrônico de manutenção industrial,Sinônimo
9298,313205,Técnico eletrônico de processo,Sinônimo
9299,313215,Técnico eletrônico em geral,Sinônimo
9300,325205,Técnico em açúcar e álcool,Sinônimo
9301,322105,Técnico em acupuntura,Ocupação
9302,351305,Técnico em administração,Ocupação
9303,351310,Técnico em administração de comércio exterior,Ocupação
9304,321105,Técnico em agricultura,Sinônimo
9305,312305,Técnico em agrimensura,Ocupação
9306,321110,Técnico em agropecuária,Sinônimo
9307,391125,Técnico em análise de controle de produção,Sinônimo
9308,324205,Técnico em análises clínicas,Sinônimo
9309,322605,Técnico em aparelho gessado,Sinônimo
9310,325010,Técnico em aromas,Sinônimo
9311,354140,Técnico em atendimento e vendas,Ocupação
9312,300105,Técnico em automação industrial,Sinônimo
9313,314305,Técnico em automobilística,Ocupação
9314,323105,Técnico em avicultura,Sinônimo
9315,324220,Técnico em banco de sangue,Sinônimo
9316,371110,Técnico em biblioteconomia,Ocupação
9317,325305,Técnico em biotecnologia,Ocupação
9318,320105,Técnico em bioterismo,Ocupação
9319,311405,Técnico em borracha,Ocupação
9320,314610,Técnico em caldeiraria,Ocupação
9321,313405,Técnico em calibração,Ocupação
9322,312105,Técnico em canteiro de obras de construção civil,Sinônimo
9323,324105,Técnico em captações bioelétricas do cérebro,Sinônimo
9324,321310,Técnico em carcinicultura,Ocupação
9325,311305,Técnico em cerâmica,Sinônimo
9326,324215,Técnico em citopatologia,Sinônimo
9327,319110,Técnico em confecções do vestuário,Ocupação
9328,312210,Técnico em construção civil (obras de saneamento),Sinônimo
9329,312205,Técnico em construção civil de obras de infra-estrutura de estradas,Sinônimo
9330,320105,Técnico em criação de animais de laboratório,Sinônimo
9331,311115,Técnico em curtimento,Ocupação
9332,760205,Técnico em curtimento (supervisor de primeira linha),Sinônimo
9333,312105,Técnico em desenho de construção civil,Sinônimo
9334,314205,Técnico em desenvolvimento de processos (fabricação de ferramentas),Sinônimo
9335,314210,Técnico em desenvolvimento de processos (manutenção de ferramentas),Sinônimo
9336,314205,Técnico em desenvolvimento de produtos (ferramentas mecânicas),Sinônimo
9337,352420,Técnico em direitos autorais,Ocupação
9338,371110,Técnico em documentação,Sinônimo
9339,324110,Técnico em eletrocardiografia,Sinônimo
9340,324110,Técnico em eletrocardiograma,Sinônimo
9341,324105,Técnico em eletroencefalografia,Sinônimo
9342,324105,Técnico em eletroencefalograma,Sinônimo
9343,300305,Técnico em eletromecânica,Ocupação
9344,515135,Técnico em enfermagem socorrista,Sinônimo
9345,313505,Técnico em equipamentos ópticos,Sinônimo
9346,424125,Técnico em estatística (escriturário),Sinônimo
9347,322130,Técnico em estética,Sinônimo
9348,314615,Técnico em estruturas metálicas,Ocupação
9349,316310,Técnico em exploração de petróleo,Sinônimo
9350,325115,Técnico em farmácia,Ocupação
9351,3251,TÉCNICO EM FARMÁCIA E EM MANIPULAÇÃO FARMACÊUTICA,Família
9352,313125,Técnico em ferramentas elétricas,Sinônimo
9353,313505,Técnico em fibras ópticas,Sinônimo
9354,313505,Técnico em fotônica,Ocupação
9355,312310,Técnico em geodésia e cartografia,Ocupação
9356,316105,Técnico em geofísica,Ocupação
9357,316110,Técnico em geologia,Ocupação
9358,316115,Técnico em geoquímica,Ocupação
9359,316120,Técnico em geotecnia,Ocupação
9360,322605,Técnico em gesso hospitalar,Sinônimo
9361,322605,Técnico em gesso ortopédico,Sinônimo
9362,374105,Técnico em gravação de áudio,Ocupação
9363,322210,Técnico em hemodiálise,Sinônimo
9364,324115,Técnico em hemodinâmica,Sinônimo
9365,324220,Técnico em hemoterapia,Ocupação
9366,322205,Técnico em hemotransfusão,Sinônimo
9367,312315,Técnico em hidrografia,Ocupação
9368,312210,Técnico em hidrometria (obras de saneamento),Sinônimo
9369,351610,Técnico em higiene ocupacional,Ocupação
9370,322605,Técnico em imobilizações do aparelho locomotor,Sinônimo
9371,322605,Técnico em imobilizações gessadas,Sinônimo
9372,325310,Técnico em imunobiológicos,Ocupação
9373,311405,Técnico em injeção (borracha),Sinônimo
9374,311410,Técnico em injeção (plástico),Sinônimo
9375,374110,Técnico em instalação de equipamentos de áudio,Ocupação
9376,313505,Técnico em instalação de sistemas ópticos,Sinônimo
9377,313410,Técnico em instrumentação,Ocupação
9378,915210,Técnico em instrumentos de sopro,Sinônimo
9379,351910,Técnico em inteligência (grupo informações),Sinônimo
9380,311405,Técnico em laboratório (borracha),Sinônimo
9381,311410,Técnico em laboratório (plástico),Sinônimo
9382,325110,Técnico em laboratório de farmácia,Ocupação
9383,312105,Técnico em laboratório e campo de construção civil,Sinônimo
9384,313505,Técnico em laboratório óptico,Sinônimo
9385,313505,Técnico em laser,Sinônimo
9386,321205,Técnico em madeira,Ocupação
9387,319205,Técnico em madeira e mobiliário,Sinônimo
9388,321315,Técnico em malococultura,Sinônimo
9389,324115,Técnico em mamografia,Sinônimo
9390,725605,Técnico em manutenção aeronáutica,Sinônimo
9391,914105,Técnico em manutenção de aeronaves,Sinônimo
9392,915115,Técnico em manutenção de balanças,Ocupação
9393,313220,Técnico em manutenção de equipamentos de informática,Ocupação
9394,915305,Técnico em manutenção de equipamentos e instrumentos médico-hospitalares   Ocupação,
9395,915105,Técnico em manutenção de instrumentos de medição e precisão,Ocupação
9396,314410,Técnico em manutenção de máquinas,Ocupação
9397,914110,Técnico em manutenção de sistema hidráulico de aeronaves,Sinônimo
9398,300105,Técnico em manutenção mecatrônica,Sinônimo
9399,374115,Técnico em masterização de áudio,Ocupação
9400,313505,Técnico em materiais ópticos,Sinônimo
9401,311305,Técnico em materiais; produtos cerâmicos e vidros,Ocupação
9402,314105,Técnico em mecânica de precisão,Ocupação
9403,300105,Técnico em mecatrônica - automação da manufatura,Ocupação
9404,300110,Técnico em mecatrônica - robótica,Ocupação
9405,324115,Técnico em medicina nuclear,Sinônimo
9406,313505,Técnico em medidas ópticas,Sinônimo
9407,351605,Técnico em meio ambiente; segurança e saúde,Sinônimo
9408,314620,Técnico em metalurgia (soldagem),Sinônimo
9409,314205,Técnico em métodos e processos (fabricação de ferramentas),Sinônimo
9410,324110,Técnico em métodos eletrográficos em cardiologia,Sinônimo
9411,324105,Técnico em métodos eletrográficos em encefalografia,Ocupação
9412,324110,Técnico em métodos gráficos em cardiologia,Ocupação
9413,324110,Técnico em métodos não invasivos em cardiologia,Sinônimo
9414,321315,Técnico em mexilhões,Sinônimo
9415,321315,Técnico em mitilicultura,Ocupação
9416,374130,Técnico em mixagem de áudio,Ocupação
9417,321315,Técnico em moluscos,Sinônimo
9418,725605,Técnico em montagem aeronáutica,Sinônimo
9419,319205,Técnico em móveis (fabricação),Sinônimo
9420,371210,Técnico em museologia,Ocupação
9421,325210,Técnico em nutrição,Sinônimo
9422,325210,Técnico em nutrição e dietética,Ocupação
9423,373210,Técnico em operação de equipamento de exibição de televisão,Ocupação
9424,373205,Técnico em operação de equipamentos de produção para televisão e produtoras de vídeo   Ocupação,
9425,373215,Técnico em operação de equipamentos de transmissão/recepção de televisão,Ocupação
9426,322305,Técnico em óptica e optometria,Ocupação
9427,321315,Técnico em ostras,Sinônimo
9428,321110,Técnico em ovinocaprinocultura,Sinônimo
9429,324205,Técnico em patologia clínica,Ocupação
9430,323105,Técnico em pecuária,Ocupação
9431,316320,Técnico em pesquisa mineral,Ocupação
9432,311205,Técnico em petroquímica,Ocupação
9433,321305,Técnico em piscicultura,Ocupação
9434,316330,Técnico em planejamento de lavra de minas,Ocupação
9435,312205,Técnico em planejamento de obras de infra-estrutura de estradas,Sinônimo
9436,312210,Técnico em planejamento de obras de infra-estrutura de saneamento,Sinônimo
9437,311410,Técnico em plástico,Ocupação
9438,322110,Técnico em podologia,Sinônimo
9439,313505,Técnico em polimento de superfície óptica,Sinônimo
9440,316325,Técnico em processamento mineral,Sinônimo
9441,316315,Técnico em processamento mineral (exceto petróleo),Ocupação
9442,317110,Técnico em programação de computador,Sinônimo
9443,371305,Técnico em programação visual,Ocupação
9444,374135,Técnico em projeto de aúdio,Sinônimo
9445,322115,Técnico em quiropraxia,Ocupação
9446,324115,Técnico em radiologia,Sinônimo
9447,324115,Técnico em radiologia e imagenologia,Ocupação
9448,324115,Técnico em radiologia médica,Sinônimo
9449,324115,Técnico em radiologia odontológica,Sinônimo
9450,321320,Técnico em ranicultura,Ocupação
9451,311205,Técnico em refinação de petróleo,Sinônimo
9452,915405,Técnico em reparação de equipamentos fotográficos,Sinônimo
9453,915405,Técnico em reparação de máquinas fotográficas,Sinônimo
9454,324115,Técnico em ressonância magnética,Sinônimo
9455,322405,Técnico em saúde bucal,Ocupação
9456,322425,Técnico em saúde bucal da estratégia de saúde da família,Ocupação
9457,351505,Técnico em secretariado,Ocupação
9458,351505,Técnico em secretariado (português),Sinônimo
9459,351605,Técnico em segurança do trabalho,Ocupação
9460,351605,Técnico em segurança industrial,Sinônimo
9461,314620,Técnico em soldagem,Ocupação
9462,312210,Técnico em sondagem (obras de saneamento),Sinônimo
9463,374125,Técnico em sonorização,Ocupação
9464,261210,Técnico em suporte de documentação,Sinônimo
9465,915210,Técnico em teclado musical,Sinônimo
9466,324115,Técnico em tomografia,Sinônimo
9467,311520,Técnico em tratamento de efluentes,Ocupação
9468,354805,Técnico em turismo,Ocupação
9469,322210,Técnico em uti,Sinônimo
9470,321105,Técnico em vitivinicultura,Sinônimo
9471,323105,Técnico em zootecnia,Sinônimo
9472,322605,Técnico engessador,Sinônimo
9473,316315,Técnico especializado em produção mineral,Sinônimo
9474,321210,Técnico florestal,Ocupação
9475,322605,Técnico gessista,Sinônimo
9476,371310,Técnico gráfico,Ocupação
9477,311510,Técnico hidrometrista,Sinônimo
9478,313205,Técnico instrumentista,Sinônimo
9479,915105,Técnico instrumentista (manutenção de instrumentos de medição e precisão),Sinônimo
9480,321205,Técnico madeireiro,Sinônimo
9481,314110,Técnico mecânico,Ocupação
9482,314310,Técnico mecânico (aeronaves),Ocupação
9483,314115,Técnico mecânico (calefação; ventilação e refrigeração),Ocupação
9484,314315,Técnico mecânico (embarcações),Ocupação
9485,314110,Técnico mecânico (energia nuclear),Sinônimo
9486,314110,Técnico mecânico (equipamentos médicos e odontológicos),Sinônimo
9487,314120,Técnico mecânico (máquinas),Ocupação
9488,314125,Técnico mecânico (motores),Ocupação
9489,725605,Técnico mecânico aeronáutico,Sinônimo
9490,314110,Técnico mecânico de processos,Sinônimo
9491,314115,Técnico mecânico em ar condicionado,Sinônimo
9492,314110,Técnico mecânico em automação,Sinônimo
9493,314110,Técnico mecânico montador,Sinônimo
9494,314205,Técnico mecânico na fabricação de ferramentas,Ocupação
9495,314210,Técnico mecânico na manutenção de ferramentas,Ocupação
9496,314105,Técnico mecânico na montagem de máquinas; sistemas e instrumentos,Sinônimo
9497,314315,Técnico mecânico naval,Sinônimo
9498,314310,Técnico montador de aeronaves,Sinônimo
9499,319205,Técnico moveleiro,Sinônimo
9500,316310,Técnico na extração de petróleo e gás natural,Sinônimo
9501,314315,Técnico naval,Sinônimo
9502,391230,Técnico operacional de serviços de correios,Ocupação
9503,322305,Técnico optometrista,Sinônimo
9504,312105,Técnico orçamentista de obras na construção civil,Sinônimo
9505,322505,Técnico ortopédico,Sinônimo
9506,311205,Técnico petroquímico,Sinônimo
9507,311105,Técnico químico,Ocupação
9508,311410,Técnico químico (plástico),Sinônimo
9509,311105,Técnico químico - exclusive análises químicas,Sinônimo
9510,301115,Técnico químico de petróleo,Ocupação
9511,311405,Técnico químico em borracha,Sinônimo
9512,311115,Técnico químico em couro,Sinônimo
9513,311115,Técnico químico em curtimento,Sinônimo
9514,311105,Técnico químico industrial,Sinônimo
9515,321210,Técnico silvicultor,Sinônimo
9516,311605,Técnico têxtil,Ocupação
9517,311610,Técnico têxtil (beneficiamento),Sinônimo
9518,311610,Técnico têxtil (tratamentos químicos),Ocupação
9519,311615,Técnico têxtil de fiação,Ocupação
9520,311625,Técnico têxtil de tecelagem,Ocupação
9521,3211,TÉCNICOS AGRÍCOLAS,Família
9522,3519,TÉCNICOS DA INTELIGÊNCIA,Família
9523,3012,TÉCNICOS DE APOIO À BIOENGENHARIA,Família
9524,3253,TÉCNICOS DE APOIO À BIOTECNOLOGIA,Família
9525,3951,TÉCNICOS DE APOIO EM PESQUISA E DESENVOLVIMENTO,Família
9526,3912,TÉCNICOS DE CONTROLE DA PRODUÇÃO,Família
9527,3171,TÉCNICOS DE DESENVOLVIMENTO DE SISTEMAS E APLICAÇÕES,Família
9528,3226,TÉCNICOS DE IMOBILIZAÇÕES ORTOPÉDICAS,Família
9529,3011,TÉCNICOS DE LABORATÓRIO INDUSTRIAL,Família
9530,3242,TÉCNICOS DE LABORATÓRIOS DE SAÚDE E BANCOS DE SANGUE,Família
9531,3224,TÉCNICOS DE ODONTOLOGIA,Família
9532,3731,TÉCNICOS DE OPERAÇÃO DE EMISSORAS DE RÁDIO,Família
9533,3911,TÉCNICOS DE PLANEJAMENTO E CONTROLE DE PRODUÇÃO,Família
9534,3112,TÉCNICOS DE PRODUÇÃO DE INDÚSTRIAS QUÍMICAS; PETROQUÍMICAS; REFINO DE PETRÓLEO; GÁS E AFINSFamília,
9535,3517,TÉCNICOS DE SEGUROS E AFINS,Família
9536,3192,TÉCNICOS DO MOBILIÁRIO E AFINS,Família
9537,3191,TÉCNICOS DO VESTUÁRIO,Família
9538,3222,TÉCNICOS E AUXILIARES DE ENFERMAGEM,Família
9539,3513,TÉCNICOS EM ADMINISTRAÇÃO,Família
9540,3213,TÉCNICOS EM AQÜICULTURA,Família
9541,3713,TÉCNICOS EM ARTES GRÁFICAS,Família
9542,3741,TÉCNICOS EM ÁUDIO,Família
9543,3711,TÉCNICOS EM BIBLIOTECONOMIA,Família
9544,3201,TÉCNICOS EM BIOLOGIA,Família
9545,3742,TÉCNICOS EM CENOGRAFIA,Família
9546,3121,TÉCNICOS EM CONSTRUÇÃO CIVIL (EDIFICAÇÕES),Família
9547,3122,TÉCNICOS EM CONSTRUÇÃO CIVIL (OBRAS DE INFRAESTRUTURA),Família
9548,3511,TÉCNICOS EM CONTABILIDADE,Família
9549,3115,TÉCNICOS EM CONTROLE AMBIENTAL; UTILIDADES E TRATAMENTO DE EFLUENTES,Família
9550,3131,TÉCNICOS EM ELETRICIDADE E ELETROTÉCNICA,Família
9551,3003,TÉCNICOS EM ELETROMECÂNICA,Família
9552,3132,TÉCNICOS EM ELETRÔNICA,Família
9553,3114,TÉCNICOS EM FABRICAÇÃO DE PRODUTOS PLÁSTICOS E DE BORRACHA,Família
9554,3135,TÉCNICOS EM FOTÔNICA,Família
9555,3161,TÉCNICOS EM GEOLOGIA,Família
9556,3123,TÉCNICOS EM GEOMÁTICA,Família
9557,9153,TÉCNICOS EM MANUTENÇÃO E REPARAÇÃO DE EQUIPAMENTOS BIOMÉDICOS,Família
9558,9151,TÉCNICOS EM MANUTENÇÃO E REPARAÇÃO DE INSTRUMENTOS DE MEDIÇÃO E PRECISÃO   Família,
9559,3113,TÉCNICOS EM MATERIAIS; PRODUTOS CERÂMICOS E VIDROS,Família
9560,3143,TÉCNICOS EM MECÂNICA VEICULAR,Família
9561,3001,TÉCNICOS EM MECATRÔNICA,Família
9562,3146,TÉCNICOS EM METALURGIA (ESTRUTURAS METÁLICAS),Família
9563,3163,TÉCNICOS EM MINERAÇÃO,Família
9564,3744,TÉCNICOS EM MONTAGEM; EDIÇÃO E FINALIZAÇÃO DE FILME E VÍDEO,Família
9565,3712,TÉCNICOS EM MUSEOLOGIA E AFINS,Família
9566,3281,TÉCNICOS EM NECRÓPSIA E TAXIDERMISTAS,Família
9567,3743,TÉCNICOS EM OPERAÇÃO DE APARELHOS DE PROJEÇÃO,Família
9568,3732,TÉCNICOS EM OPERAÇÃO DE SISTEMAS DE TELEVISÃO E DE PRODUTORAS DE VÍDEO,Família
9569,3172,TÉCNICOS EM OPERAÇÃO E MONITORAÇÃO DE COMPUTADORES,Família
9570,3223,TÉCNICOS EM ÓPTICA E OPTOMETRIA,Família
9571,3231,TÉCNICOS EM PECUÁRIA,Família
9572,3252,TÉCNICOS EM PRODUÇÃO; CONSERVAÇÃO E DE QUALIDADE DE ALIMENTOS,Família
9573,3225,TÉCNICOS EM PRÓTESES ORTOPÉDICAS,Família
9574,3515,TÉCNICOS EM SECRETARIADO; TAQUÍGRAFOS E ESTENOTIPISTAS,Família
9575,3516,TÉCNICOS EM SEGURANÇA DO TRABALHO,Família
9576,3548,TÉCNICOS EM SERVIÇOS DE TURISMO E ORGANIZAÇÃO DE EVENTOS,Família
9577,3147,TÉCNICOS EM SIDERURGIA,Família
9578,3133,TÉCNICOS EM TELECOMUNICAÇÕES,Família
9579,3425,TÉCNICOS EM TRANSPORTES AÉREOS,Família
9580,3424,TÉCNICOS EM TRANSPORTES METROFERROVIÁRIOS,Família
9581,3426,TÉCNICOS EM TRANSPORTES POR VIAS NAVEGÁVEIS E OPERAÇÕES PORTUÁRIAS,Família
9582,3423,TÉCNICOS EM TRANSPORTES RODOVIÁRIOS,Família
9583,3212,TÉCNICOS FLORESTAIS,Família
9584,3413,TÉCNICOS MARÍTIMOS E FLUVIÁRIOS DE MÁQUINAS,Família
9585,3412,TÉCNICOS MARÍTIMOS; FLUVIÁRIOS E PESCADORES DE CONVÉS,Família
9586,3142,TÉCNICOS MECÂNICOS (FERRAMENTAS),Família
9587,3141,TÉCNICOS MECÂNICOS NA FABRICAÇÃO E MONTAGEM DE MÁQUINAS; SISTEMAS E INSTRUMENTOS   Família,
9588,3144,TÉCNICOS MECÂNICOS NA MANUTENÇÃO DE MÁQUINAS; SISTEMAS E INSTRUMENTOS,Família
9589,3111,TÉCNICOS QUÍMICOS,Família
9590,3116,TÉCNICOS TÊXTEIS,Família
9591,222105,Tecnólogo de engenharia rural,Sinônimo
9592,354820,Tecnólogo de evento,Sinônimo
9593,222215,Tecnólogo em agroindústria,Sinônimo
9594,222215,Tecnólogo em alimentos,Ocupação
9595,202120,Tecnólogo em automação,Sinônimo
9596,202120,Tecnólogo em automação industrial,Ocupação
9597,212305,Tecnólogo em banco de dados,Sinônimo
9598,214280,Tecnólogo em construção civil,Ocupação
9599,214280,Tecnólogo em construção civil-modalidade edifícios,Sinônimo
9600,214280,Tecnólogo em construção civil-modalidade hidráulica,Sinônimo
9601,214280,Tecnólogo em construção civil-modalidade movimento de terra e pavimentação   Sinônimo,
9602,214280,Tecnólogo em construção de edifícios,Sinônimo
9603,214280,Tecnólogo em controle de obras,Sinônimo
9604,322130,Tecnólogo em cosmetologia e estética,Sinônimo
9605,322130,Tecnólogo em cosmetologia e estética facial e corporal,Sinônimo
9606,262420,Tecnólogo em design de jóias,Sinônimo
9607,262425,Tecnólogo em design de moda,Sinônimo
9608,262420,Tecnólogo em design de móveis,Sinônimo
9609,262420,Tecnólogo em design de produtos,Sinônimo
9610,262410,Tecnólogo em design gráfico,Sinônimo
9611,214280,Tecnólogo em edificações,Sinônimo
9612,214360,Tecnólogo em eletricidade,Ocupação
9613,214365,Tecnólogo em eletrônica,Ocupação
9614,325005,Tecnólogo em enologia,Sinônimo
9615,322130,Tecnólogo em estética,Sinônimo
9616,322130,Tecnólogo em estética corporal; facial e capilar,Sinônimo
9617,322130,Tecnólogo em estética e cosmética,Sinônimo
9618,214280,Tecnólogo em estradas,Sinônimo
9619,214435,Tecnólogo em fabricação mecânica,Ocupação
9620,142120,Tecnólogo em gestão administrativo- financeira,Ocupação
9621,214010,Tecnólogo em gestão ambiental,Sinônimo
9622,142535,Tecnólogo em gestão da tecnologia da informação,Ocupação
9623,142120,Tecnólogo em gestão de cooperativas,Sinônimo
9624,252605,Tecnólogo em gestão de segurança empresarial,Sinônimo
9625,252605,Tecnólogo em gestão de segurança privada,Sinônimo
9626,142535,Tecnólogo em gestão de sistema de informação,Sinônimo
9627,141525,Tecnólogo em gestão de turismo,Sinônimo
9628,214930,Tecnólogo em gestão dos processos produtivos do vestuário,Sinônimo
9629,142115,Tecnólogo em gestão financeira,Sinônimo
9630,131215,Tecnólogo em gestão hospitalar,Ocupação
9631,142120,Tecnólogo em gestão pública,Sinônimo
9632,141505,Tecnólogo em hotelaria,Sinônimo
9633,222215,Tecnólogo em laticínios,Sinônimo
9634,342125,Tecnólogo em logística de transporte,Ocupação
9635,214435,Tecnólogo em mecânica,Sinônimo
9636,202115,Tecnólogo em mecatrônica,Ocupação
9637,202115,Tecnólogo em mecatrônica industrial,Sinônimo
9638,214010,Tecnólogo em meio ambiente,Ocupação
9639,214615,Tecnólogo em metalurgia,Ocupação
9640,324125,Tecnólogo em oftalmologia,Sinônimo
9641,214745,Tecnólogo em petróleo e gás,Ocupação
9642,222215,Tecnólogo em processamento de carnes,Sinônimo
9643,212405,Tecnólogo em processamento de dados,Sinônimo
9644,214435,Tecnólogo em processo de produção,Sinônimo
9645,214010,Tecnólogo em processos ambientais,Sinônimo
9646,214615,Tecnólogo em processos metalúrgicos,Sinônimo
9647,213215,Tecnólogo em processos químicos,Ocupação
9648,213215,Tecnólogo em processos químicos industriais,Sinônimo
9649,262135,Tecnólogo em produção audiovisual,Ocupação
9650,262135,Tecnólogo em produção audiovisual( cinema e vídeo),Sinônimo
9651,262135,Tecnólogo em produção audiovisual( rádio e tv),Sinônimo
9652,214535,Tecnólogo em produção de açúcar e álcool,Sinônimo
9653,262130,Tecnólogo em produção de música eletrônica,Sinônimo
9654,214930,Tecnólogo em produção de vestuário,Sinônimo
9655,262130,Tecnólogo em produção fonográfica,Ocupação
9656,214930,Tecnólogo em produção gráfica,Sinônimo
9657,214930,Tecnólogo em produção industrial,Ocupação
9658,214930,Tecnólogo em produção joalheira,Sinônimo
9659,214930,Tecnólogo em produção moveleira,Sinônimo
9660,262135,Tecnólogo em produção multimídia,Sinônimo
9661,262130,Tecnólogo em produção musical,Sinônimo
9662,214535,Tecnólogo em produção sulcroalcooleira,Ocupação
9663,324120,Tecnólogo em radiologia,Ocupação
9664,212310,Tecnólogo em redes de computadores,Sinônimo
9665,214370,Tecnólogo em redes de telecomunicações,Sinônimo
9666,214750,Tecnólogo em rochas ornamentais,Ocupação
9667,214010,Tecnólogo em saneamento ambiental,Sinônimo
9668,142710,Tecnólogo em saúde,Sinônimo
9669,252305,Tecnólogo em secretariado,Sinônimo
9670,212320,Tecnólogo em segurança da informação,Sinônimo
9671,214935,Tecnólogo em segurança do trabalho,Ocupação
9672,142710,Tecnólogo em sistemas biomédicos,Ocupação
9673,214370,Tecnólogo em sistemas de telecomunicações,Sinônimo
9674,212405,Tecnólogo em sistemas para internet,Sinônimo
9675,314625,Tecnólogo em soldagem,Ocupação
9676,214370,Tecnólogo em telecomunicações,Ocupação
9677,214370,Tecnólogo em telemática,Sinônimo
9678,325005,Tecnólogo em viticultura e enologia,Sinônimo
9679,214930,Tecnólogo gráfico,Sinônimo
9680,214615,Tecnólogo metalurgista,Sinônimo
9681,324125,Tecnólogo oftálmico,Ocupação
9682,3241,TECNÓLOGOS E TÉCNICOS EM MÉTODOS DE DIAGNÓSTICOS E TERAPÊUTICA   Família,
9683,3221,TECNÓLOGOS E TÉCNICOS EM TERAPIAS COMPLEMENTARES E ESTÉTICAS,Família
9684,262505,Teleator,Sinônimo
9685,262505,Teleatriz,Sinônimo
9686,422205,Telefonista,Ocupação
9687,422205,Telefonista bilíngüe,Sinônimo
9688,422215,Telefonista-líder,Sinônimo
9689,422215,Telefonista-monitor,Sinônimo
9690,422210,Teleoperador,Ocupação
9691,422305,Teleoperador ativo (telemarketing),Sinônimo
9692,422320,Teleoperador de apoio (telemarketing),Sinônimo
9693,422310,Teleoperador de marketing (híbrido),Sinônimo
9694,422320,Teleoperador de suporte técnico (telemarketing),Sinônimo
9695,716205,Telhador (telhas de argila e materiais similares),Ocupação
9696,716210,Telhador (telhas de cimento-amianto),Ocupação
9697,716215,Telhador (telhas metálicas),Ocupação
9698,716220,Telhador (telhas plásticas),Ocupação
9699,7162,TELHADORES (REVESTIMENTOS RÍGIDOS),Família
9700,828105,Telheiro,Sinônimo
9701,723125,Temperador de metais e de compósitos,Ocupação
9702,823255,Temperador de vidro,Ocupação
9703,030305,Tenente do corpo de bombeiros militar,Ocupação
9704,010105,Tenente-brigadeiro,Sinônimo
9705,030115,Tenente-coronel bombeiro militar,Ocupação
9706,010205,Tenente-coronel da aeronáutica,Sinônimo
9707,020110,Tenente-coronel da polícia militar,Ocupação
9708,030115,Tenente-coronel do corpo de bombeiros militar,Sinônimo
9709,010210,Tenente-coronel do exército,Sinônimo
9710,0203,TENENTES DA POLÍCIA MILITAR,Família
9711,0303,TENENTES DO CORPO DE BOMBEIROS MILITAR,Família
9712,377125,Tenista profissional,Sinônimo
9713,263115,Teóloga,Sinônimo
9714,263115,Teólogo,Ocupação
9715,251510,Terapeuta,Sinônimo
9716,322125,Terapeuta alternativo,Sinônimo
9717,322125,Terapeuta holístico,Ocupação
9718,322125,Terapeuta naturalista,Sinônimo
9719,223905,Terapeuta ocupacional,Ocupação
9720,010305,Terceiro-sargento da aeronáutica,Sinônimo
9721,010315,Terceiro-sargento da marinha,Sinônimo
9722,010310,Terceiro-sargento do exército,Sinônimo
9723,261415,Terminógrafo,Sinônimo
9724,261415,Terminólogo,Sinônimo
9725,622610,Terreirista de café,Sinônimo
9726,622610,Terrereiro de café,Sinônimo
9727,353230,Tesoureiro,Sinônimo
9728,353230,Tesoureiro de banco,Ocupação
9729,263105,Testemunha qualificada do matrimônio,Sinônimo
9730,828110,Tijoleiro,Sinônimo
9731,771120,Tineiro,Sinônimo
9732,311725,Tingidor de couros e peles,Ocupação
9733,311710,Tingidor de fios,Sinônimo
9734,516330,Tingidor de roupas,Ocupação
9735,311710,Tingidor de tecidos,Sinônimo
9736,141410,Tintureiro lavagem de roupas (comércio varejista),Sinônimo
9737,5163,TINTUREIROS; LAVADEIROS E AFINS; A MÁQUINA,Família
9738,768605,Tipógrafo,Ocupação
9739,768605,Tipógrafo chapista,Sinônimo
9740,622605,Tirador - na cultura de cacau,Sinônimo
9741,632205,Tirador de látex,Sinônimo
9742,613115,Tirador de leite - produtor,Sinônimo
9743,722310,Tirador de machos - na fundição,Sinônimo
9744,632335,Tirador de óleo de copaíba,Sinônimo
9745,632520,Tirador de poaia,Sinônimo
9746,632215,Tirador de resinas,Sinônimo
9747,225127,Tisiologista,Sinônimo
9748,376250,Titeriteiro,Ocupação
9749,623110,Tocador de gado - na pecuária,Sinônimo
9750,225250,Tocoginecologista,Sinônimo
9751,612320,Tomatecultor,Sinônimo
9752,622110,Tombador de cana-de-açúcar,Sinônimo
9753,771120,Toneleiro,Sinônimo
9754,376245,Tony de soirée,Sinônimo
9755,312320,Topógrafo,Ocupação
9756,632205,Toqueiro - seringueiro,Sinônimo
9757,712225,Torneiro (lavra de pedra),Ocupação
9758,721215,Torneiro ajustador,Sinônimo
9759,752315,Torneiro ceramista,Sinônimo
9760,721430,Torneiro cnc,Sinônimo
9761,721215,Torneiro ferramenteiro,Sinônimo
9762,721215,Torneiro mecânico,Sinônimo
9763,773355,Torneiro na usinagem convencional de madeira,Ocupação
9764,721210,Torneiro repuxador,Sinônimo
9765,841625,Torrador de cacau,Ocupação
9766,841610,Torrador de café,Ocupação
9767,841630,Torrador de chá,Sinônimo
9768,622625,Torrador de guaraná,Sinônimo
9769,711330,Torrista (petróleo),Ocupação
9770,623210,Tosador,Sinônimo
9771,519320,Tosador de animais domésticos,Ocupação
9772,623210,Tosquiador,Sinônimo
9773,848110,Toucinheiro na conservação de alimentos,Sinônimo
9774,263105,Toy hunji,Sinônimo
9775,263105,Toy vodunnon,Sinônimo
9776,823320,Trabalhador na fabricação de artefatos de cimento amianto,Sinônimo
9777,823265,Trabalhador na fabricação de pedras abrasivas,Sinônimo
9778,631325,Trabalhador - na criação de peixe - exclusive empregador,Sinônimo
9779,631325,Trabalhador - na criação de peixes - exclusive conta própria,Sinônimo
9780,623115,Trabalhador - na pecuária - exclusive conta própria e empregador,Sinônimo
9781,622020,Trabalhador agrícola polivalente,Sinônimo
9782,621005,Trabalhador agropecuário em geral,Ocupação
9783,621005,Trabalhador braçal - na agropecuária - conta própria,Sinônimo
9784,621005,Trabalhador braçal - na agropecuária - exclusive conta própria,Sinônimo
9785,621005,Trabalhador braçal - na agropecuária - exclusive empregador,Sinônimo
9786,623305,Trabalhador da avicultura de corte,Ocupação
9787,623310,Trabalhador da avicultura de postura,Ocupação
9788,623205,Trabalhador da caprinocultura,Ocupação
9789,621005,Trabalhador da coleta de sementes,Sinônimo
9790,631320,Trabalhador da criação de ostras,Sinônimo
9791,622505,Trabalhador da cultura de abacate,Sinônimo
9792,622510,Trabalhador da cultura de abacaxi,Sinônimo
9793,622505,Trabalhador da cultura de acerola,Sinônimo
9794,622205,Trabalhador da cultura de algodão,Ocupação
9795,622505,Trabalhador da cultura de amora,Sinônimo
9796,622105,Trabalhador da cultura de arroz,Ocupação
9797,622505,Trabalhador da cultura de atemóia,Sinônimo
9798,622505,Trabalhador da cultura de banana,Sinônimo
9799,622605,Trabalhador da cultura de cacau,Ocupação
9800,622610,Trabalhador da cultura de café,Ocupação
9801,622505,Trabalhador da cultura de cajá,Sinônimo
9802,622505,Trabalhador da cultura de caju,Sinônimo
9803,622110,Trabalhador da cultura de cana-de-açúcar,Ocupação
9804,622505,Trabalhador da cultura de caqui,Sinônimo
9805,622505,Trabalhador da cultura de carambola,Sinônimo
9806,622505,Trabalhador da cultura de cítricos,Sinônimo
9807,622505,Trabalhador da cultura de cupuaçu,Sinônimo
9808,622615,Trabalhador da cultura de erva-mate,Ocupação
9809,622805,Trabalhador da cultura de especiarias,Ocupação
9810,622305,Trabalhador da cultura de feijão; lentilha e ervilha,Sinônimo
9811,622515,Trabalhador da cultura de framboesa,Sinônimo
9812,622505,Trabalhador da cultura de fruta-pão,Sinônimo
9813,622620,Trabalhador da cultura de fumo,Ocupação
9814,622505,Trabalhador da cultura de goiaba,Sinônimo
9815,622505,Trabalhador da cultura de graviola,Sinônimo
9816,622625,Trabalhador da cultura de guaraná,Ocupação
9817,622505,Trabalhador da cultura de jaca,Sinônimo
9818,622505,Trabalhador da cultura de jenipapo,Sinônimo
9819,622505,Trabalhador da cultura de laranja e outros cítricos,Sinônimo
9820,632340,Trabalhador da cultura de malva,Sinônimo
9821,622505,Trabalhador da cultura de manga,Sinônimo
9822,622515,Trabalhador da cultura de maracujá,Sinônimo
9823,622510,Trabalhador da cultura de melancia,Sinônimo
9824,622510,Trabalhador da cultura de melão,Sinônimo
9825,622115,Trabalhador da cultura de milho e sorgo,Ocupação
9826,622510,Trabalhador da cultura de morango,Sinônimo
9827,622505,Trabalhador da cultura de nectarina,Sinônimo
9828,622505,Trabalhador da cultura de pêra,Sinônimo
9829,622505,Trabalhador da cultura de pêssego,Sinônimo
9830,622505,Trabalhador da cultura de pinha,Sinônimo
9831,622505,Trabalhador da cultura de pitanga,Sinônimo
9832,622810,Trabalhador da cultura de plantas aromáticas e medicinais,Ocupação
9833,622425,Trabalhador da cultura de plantas ornamentais,Sinônimo
9834,622210,Trabalhador da cultura de sisal,Ocupação
9835,622505,Trabalhador da cultura de tamarindo,Sinônimo
9836,622120,Trabalhador da cultura de trigo; aveia; cevada e triticale,Ocupação
9837,622505,Trabalhador da cultura de umbu,Sinônimo
9838,622515,Trabalhador da cultura de uva,Sinônimo
9839,622215,Trabalhador da cultura do rami,Ocupação
9840,632215,Trabalhador da cultura oiticica,Sinônimo
9841,623320,Trabalhador da cunicultura,Ocupação
9842,823320,Trabalhador da elaboração de pré-fabricados (cimento amianto),Ocupação
9843,823325,Trabalhador da elaboração de pré-fabricados (concreto armado),Ocupação
9844,632510,Trabalhador da exploração de abútua,Sinônimo
9845,632405,Trabalhador da exploração de açaí,Ocupação
9846,632505,Trabalhador da exploração de amapá,Sinônimo
9847,632505,Trabalhador da exploração de ameixeira,Sinônimo
9848,632505,Trabalhador da exploração de amesca,Sinônimo
9849,632305,Trabalhador da exploração de andiroba,Ocupação
9850,632515,Trabalhador da exploração de angico,Sinônimo
9851,632505,Trabalhador da exploração de aroeira,Sinônimo
9852,632505,Trabalhador da exploração de árvores e arbustos produtores de substâncias aromát.; Medic. E tóxicas   Ocupação,
9853,632310,Trabalhador da exploração de babaçu,Ocupação
9854,632315,Trabalhador da exploração de bacaba,Ocupação
9855,632505,Trabalhador da exploração de bacupari,Sinônimo
9856,632505,Trabalhador da exploração de bacuri,Sinônimo
9857,632515,Trabalhador da exploração de barbatimão,Sinônimo
9858,632215,Trabalhador da exploração de breu,Sinônimo
9859,632320,Trabalhador da exploração de buriti,Ocupação
9860,632355,Trabalhador da exploração de butiá,Sinônimo
9861,632505,Trabalhador da exploração de canela,Sinônimo
9862,632505,Trabalhador da exploração de capituí,Sinônimo
9863,632505,Trabalhador da exploração de carapanaúba,Sinônimo
9864,632325,Trabalhador da exploração de carnaúba,Ocupação
9865,632410,Trabalhador da exploração de castanha,Ocupação
9866,632505,Trabalhador da exploração de catuaba,Sinônimo
9867,632505,Trabalhador da exploração de caxinguba,Sinônimo
9868,632505,Trabalhador da exploração de cedro,Sinônimo
9869,632505,Trabalhador da exploração de cerejeira,Sinônimo
9870,632510,Trabalhador da exploração de cipó-cravo,Sinônimo
9871,632510,Trabalhador da exploração de cipó-de-alho,Sinônimo
9872,632510,Trabalhador da exploração de cipó-escada,Sinônimo
9873,632510,Trabalhador da exploração de cipó-macaco,Sinônimo
9874,632510,Trabalhador da exploração de cipó-seda,Sinônimo
9875,632510,Trabalhador da exploração de cipó-sume,Sinônimo
9876,632510,Trabalhador da exploração de cipó-tuína,Sinônimo
9877,632510,Trabalhador da exploração de cipós produtores de substâncias aromáticas; medicinais e tóxicas   Ocupação,
9878,632330,Trabalhador da exploração de coco-da-praia,Ocupação
9879,632335,Trabalhador da exploração de copaíba,Ocupação
9880,632210,Trabalhador da exploração de coquirana,Sinônimo
9881,632505,Trabalhador da exploração de craveira da terra,Sinônimo
9882,632510,Trabalhador da exploração de croapé,Sinônimo
9883,632505,Trabalhador da exploração de cumaru,Sinônimo
9884,632210,Trabalhador da exploração de espécies produtoras de gomas não elásticas,Ocupação
9885,632505,Trabalhador da exploração de favela,Sinônimo
9886,632505,Trabalhador da exploração de graviola,Sinônimo
9887,632505,Trabalhador da exploração de inharé,Sinônimo
9888,632505,Trabalhador da exploração de ipê da flor amarela,Sinônimo
9889,632505,Trabalhador da exploração de ipê da flor roxa,Sinônimo
9890,632520,Trabalhador da exploração de ipecacuanha,Sinônimo
9891,632505,Trabalhador da exploração de jaborandi,Sinônimo
9892,632505,Trabalhador da exploração de jacareúba,Sinônimo
9893,632505,Trabalhador da exploração de janaguba,Sinônimo
9894,632505,Trabalhador da exploração de jatobá,Sinônimo
9895,632505,Trabalhador da exploração de jenipapo,Sinônimo
9896,632215,Trabalhador da exploração de jotaicica,Sinônimo
9897,632505,Trabalhador da exploração de jucá,Sinônimo
9898,632355,Trabalhador da exploração de licuri,Sinônimo
9899,632505,Trabalhador da exploração de macaca poranga,Sinônimo
9900,632515,Trabalhador da exploração de madeiras tanantes,Ocupação
9901,632340,Trabalhador da exploração de malva (pãina),Ocupação
9902,632505,Trabalhador da exploração de mangabeira,Sinônimo
9903,632505,Trabalhador da exploração de marapoama,Sinônimo
9904,632505,Trabalhador da exploração de moreira,Sinônimo
9905,632515,Trabalhador da exploração de murici-da-casca-vermelha,Sinônimo
9906,632345,Trabalhador da exploração de murumuru,Ocupação
9907,632505,Trabalhador da exploração de mururé,Sinônimo
9908,632350,Trabalhador da exploração de oiticica,Ocupação
9909,632355,Trabalhador da exploração de ouricuri,Ocupação
9910,632340,Trabalhador da exploração de pãina,Sinônimo
9911,632515,Trabalhador da exploração de pau-para-tudo,Sinônimo
9912,632505,Trabalhador da exploração de pau-rosa,Sinônimo
9913,632360,Trabalhador da exploração de pequi,Ocupação
9914,632365,Trabalhador da exploração de piaçava,Ocupação
9915,632415,Trabalhador da exploração de pinhão,Ocupação
9916,632505,Trabalhador da exploração de piquiá,Sinônimo
9917,632505,Trabalhador da exploração de preciosa,Sinônimo
9918,632420,Trabalhador da exploração de pupunha,Ocupação
9919,632505,Trabalhador da exploração de quina,Sinônimo
9920,632520,Trabalhador da exploração de raízes produtoras de substâncias aromáticas; medicinais e tóxicas   Ocupação,
9921,632215,Trabalhador da exploração de resinas,Ocupação
9922,632505,Trabalhador da exploração de sacaca,Sinônimo
9923,632505,Trabalhador da exploração de sangue de grado,Sinônimo
9924,632505,Trabalhador da exploração de santa maria,Sinônimo
9925,632505,Trabalhador da exploração de sucuba,Sinônimo
9926,632215,Trabalhador da exploração de sucuruba,Sinônimo
9927,632505,Trabalhador da exploração de tatajuba,Sinônimo
9928,632520,Trabalhador da exploração de timbó,Sinônimo
9929,632370,Trabalhador da exploração de tucum,Ocupação
9930,711130,Trabalhador da extração de pedras abrasivas,Sinônimo
9931,632525,Trabalhador da extração de substâncias aromáticas,Sinônimo
9932,632525,Trabalhador da extração de substâncias aromáticas; medicinais e tóxicas; em geral,Ocupação
9933,632525,Trabalhador da extração de substâncias medicinais,Sinônimo
9934,632525,Trabalhador da extração de substâncias tóxicas,Sinônimo
9935,848525,Trabalhador da extração de tripas e demais vísceras,Sinônimo
9936,841505,Trabalhador da fabricação de laticínio,Sinônimo
9937,823265,Trabalhador da fabricação de lixa,Sinônimo
9938,812110,Trabalhador da fabricação de munição e explosivos,Ocupação
9939,823330,Trabalhador da fabricação de pedras artificiais,Ocupação
9940,811125,Trabalhador da fabricação de resinas e vernizes,Ocupação
9941,514325,Trabalhador da manutenção de edificações,Ocupação
9942,622615,Trabalhador da matecultura,Sinônimo
9943,623210,Trabalhador da ovinocultura,Ocupação
9944,623105,Trabalhador da pecuária (asininos e muares),Ocupação
9945,623115,Trabalhador da pecuária (bovinos leite),Ocupação
9946,623120,Trabalhador da pecuária (bubalinos),Ocupação
9947,623125,Trabalhador da pecuária (eqüinos),Ocupação
9948,621005,Trabalhador da produção de sementes agrícolas,Sinônimo
9949,623215,Trabalhador da suinocultura,Ocupação
9950,751125,Trabalhador de confecções de bijouterias e jóias de fantasia,Sinônimo
9951,621005,Trabalhador de enxada - na agropecuária,Sinônimo
9952,632125,Trabalhador de extração florestal; em geral,Ocupação
9953,768325,Trabalhador de fabricação de arreios,Sinônimo
9954,768315,Trabalhador de fabricação de bolas de couro,Sinônimo
9955,811810,Trabalhador de fabricação de comprimidos e drágeas,Sinônimo
9956,841476,Trabalhador de fabricação de margarina,Ocupação
9957,848325,Trabalhador de fabricação de sorvete,Ocupação
9958,811130,Trabalhador de fabricação de tintas,Ocupação
9959,841720,Trabalhador de fabricação de vinhos,Ocupação
9960,622505,Trabalhador de fruticultura em geral,Sinônimo
9961,841484,Trabalhador de limpeza de pescado - na industrialização,Sinônimo
9962,991105,Trabalhador de linha férrea,Sinônimo
9963,514325,Trabalhador de manutenção de edifícios,Sinônimo
9964,623210,Trabalhador de manutenção e preparação de tosqueadeiras,Sinônimo
9965,715140,Trabalhador de pavimentação (rodovias),Sinônimo
9966,623015,Trabalhador de pecuária polivalente,Ocupação
9967,841484,Trabalhador de preparação de pescados (limpeza),Ocupação
9968,514225,Trabalhador de serviços de limpeza e conservação de áreas públicas,Ocupação
9969,768110,Trabalhador de tapetes de nós; a mão,Sinônimo
9970,841505,Trabalhador de tratamento do leite e fabricação de laticínios e afins,Ocupação
9971,841720,Trabalhador de vinhos achampanhados,Sinônimo
9972,765405,Trabalhador do acabamento de artefatos de tecidos e couros,Ocupação
9973,848605,Trabalhador do beneficiamento de fumo,Ocupação
9974,622010,Trabalhador do plantio e trato de árvores ornamentais,Sinônimo
9975,519805,Trabalhador do sexo,Sinônimo
9976,623405,Trabalhador em criatórios de animais produtores de veneno,Ocupação
9977,623410,Trabalhador na apicultura,Ocupação
9978,631005,Trabalhador na captura de crustáceos,Sinônimo
9979,712210,Trabalhador na colocação de inscrições em pedras,Sinônimo
9980,768305,Trabalhador na confecção de peças de couro,Sinônimo
9981,514325,Trabalhador na conservação de edifícios,Sinônimo
9982,631315,Trabalhador na criação de mexilhões,Sinônimo
9983,631335,Trabalhador na criação de rãs,Sinônimo
9984,622210,Trabalhador na cultura de agave,Sinônimo
9985,622705,Trabalhador na cultura de amendoim,Ocupação
9986,622315,Trabalhador na cultura de batata-doce,Sinônimo
9987,622315,Trabalhador na cultura de batata-inglesa,Sinônimo
9988,622315,Trabalhador na cultura de beterraba,Sinônimo
9989,622710,Trabalhador na cultura de canola,Ocupação
9990,622315,Trabalhador na cultura de cebola,Sinônimo
9991,622715,Trabalhador na cultura de coco-da-baía,Ocupação
9992,622720,Trabalhador na cultura de dendê,Ocupação
9993,622320,Trabalhador na cultura de hortaliças,Sinônimo
9994,622725,Trabalhador na cultura de mamona,Ocupação
9995,622805,Trabalhador na cultura de pimenta-do-reino,Sinônimo
9996,622505,Trabalhador na cultura de romã,Sinônimo
9997,622730,Trabalhador na cultura de soja,Ocupação
9998,622305,Trabalhador na cultura de tomate,Sinônimo
9999,622735,Trabalhador na cultura do girassol,Ocupação
10000,622740,Trabalhador na cultura do linho,Ocupação
10001,823325,Trabalhador na fabricação de artefatos de cimento,Sinônimo
10002,823265,Trabalhador na fabricação de esmeris,Sinônimo
10003,823265,Trabalhador na fabricação de produtos abrasivos,Ocupação
10004,823265,Trabalhador na fabricação de rebolos,Sinônimo
10005,622420,Trabalhador na floricultura (cultivo de mudas),Sinônimo
10006,622405,Trabalhador na floricultura (flores e folhagens de corte),Sinônimo
10007,622410,Trabalhador na floricultura (flores em vaso),Sinônimo
10008,622415,Trabalhador na floricultura (forrações),Sinônimo
10009,622425,Trabalhador na floricultura (plantas ornamentais),Sinônimo
10010,621005,Trabalhador na formação de pastagem,Sinônimo
10011,631310,Trabalhador na jacarecultura,Sinônimo
10012,711405,Trabalhador na lavra de ouro,Sinônimo
10013,623415,Trabalhador na minhocultura,Ocupação
10014,622305,Trabalhador na olericultura (frutos e sementes),Ocupação
10015,622310,Trabalhador na olericultura (legumes),Ocupação
10016,622315,Trabalhador na olericultura (raízes; bulbos e tubérculos),Ocupação
10017,622320,Trabalhador na olericultura (talos; folhas e flores),Ocupação
10018,643005,Trabalhador na operação de sistema de irrigação localizada (microaspersão e gotejamento)   Ocupação,
10019,643010,Trabalhador na operação de sistema de irrigação por aspersão (pivô central),Ocupação
10020,643020,Trabalhador na operação de sistemas de irrigação e aspersão (alto propelido)   Ocupação,
10021,643020,Trabalhador na operação de sistemas de irrigação e aspersão (canhão),Sinônimo
10022,643025,Trabalhador na operação de sistemas de irrigação por superfície e drenagem,Ocupação
10023,631005,Trabalhador na pesca de crustáceo,Sinônimo
10024,631325,Trabalhador na piscicultura,Sinônimo
10025,622015,Trabalhador na produção de mudas e sementes,Ocupação
10026,623420,Trabalhador na sericicultura,Ocupação
10027,622505,Trabalhador no cultivo de árvores frutíferas,Ocupação
10028,622510,Trabalhador no cultivo de espécies frutíferas rasteiras,Ocupação
10029,622405,Trabalhador no cultivo de flores e folhagens de corte,Ocupação
10030,622410,Trabalhador no cultivo de flores em vaso,Ocupação
10031,622415,Trabalhador no cultivo de forrações,Ocupação
10032,622420,Trabalhador no cultivo de mudas,Ocupação
10033,622425,Trabalhador no cultivo de plantas ornamentais,Ocupação
10034,622515,Trabalhador no cultivo de quiui (kiwi),Sinônimo
10035,622515,Trabalhador no cultivo de trepadeiras frutíferas,Ocupação
10036,622515,Trabalhador no cultivo de uva de mesa,Sinônimo
10037,622515,Trabalhador no cultivo de uva de vinho e suco,Sinônimo
10038,764005,Trabalhador polivalente da confecção de calçados,Ocupação
10039,762005,Trabalhador polivalente do curtimento de couros e peles,Ocupação
10040,783230,Trabalhador portuário de bloco,Sinônimo
10041,623110,Trabalhador rural,Sinônimo
10042,623120,Trabalhador rural (bubalinos),Sinônimo
10043,621005,Trabalhador rural - na agropecuária - exclusive conta própria,Sinônimo
10044,621005,Trabalhador rural - na agropecuária - exclusive empregador,Sinônimo
10045,622020,Trabalhador volante da agricultura,Ocupação
10046,6228,TRABALHADORES AGRÍCOLAS DA CULTURA DE ESPECIARIAS E DE PLANTAS AROMÁTICAS E MEDICINAIS,Família
10047,6221,TRABALHADORES AGRÍCOLAS NA CULTURA DE GRAMÍNEAS,Família
10048,6222,TRABALHADORES AGRÍCOLAS NA CULTURA DE PLANTAS FIBROSAS,Família
10049,6227,TRABALHADORES AGRÍCOLAS NA CULTURA DE PLANTAS OLEAGINOSAS,Família
10050,6225,TRABALHADORES AGRÍCOLAS NA FRUTICULTURA,Família
10051,6223,TRABALHADORES AGRÍCOLAS NA OLERICULTURA,Família
10052,6226,TRABALHADORES AGRÍCOLAS NAS CULTURAS DE PLANTAS ESTIMULANTES,Família
10053,6224,TRABALHADORES AGRÍCOLAS NO CULTIVO DE FLORES E PLANTAS ORNAMENTAIS,Família
10054,6210,TRABALHADORES AGROPECUÁRIOS EM GERAL,Família
10055,7827,TRABALHADORES AQUAVIÁRIOS,Família
10056,7683,TRABALHADORES ARTESANAIS DA CONFECÇÃO DE CALÇADOS E ARTEFATOS DE COUROS E PELES,Família
10057,7682,TRABALHADORES ARTESANAIS DA CONFECÇÃO DE PEÇAS E TECIDOS,Família
10058,8332,TRABALHADORES ARTESANAIS DE PRODUTOS DE PAPEL E PAPELÃO,Família
10059,8481,TRABALHADORES ARTESANAIS NA CONSERVAÇÃO DE ALIMENTOS,Família
10060,8486,TRABALHADORES ARTESANAIS NA INDÚSTRIA DO FUMO,Família
10061,8482,TRABALHADORES ARTESANAIS NA PASTEURIZAÇÃO DO LEITE E NA FABRICAÇÃO DE LATICÍNIOS E AFINS   Família,
10062,5166,TRABALHADORES AUXILIARES DOS SERVIÇOS FUNERÁRIOS,Família
10063,5135,TRABALHADORES AUXILIARES NOS SERVIÇOS DE ALIMENTAÇÃO,Família
10064,7611,TRABALHADORES DA CLASSIFICAÇÃO DE FIBRAS TÊXTEIS E LAVAGEM DE LÃ,Família
10065,5192,TRABALHADORES DA COLETA E SELEÇÃO DE MATERIAL RECICLÁVEL,Família
10066,7652,TRABALHADORES DA CONFECÇÃO DE ARTEFATOS DE TECIDOS; COUROS E SINTÉTICOS,Família
10067,7113,TRABALHADORES DA EXTRAÇÃO DE MINERAIS LÍQUIDOS E GASOSOS,Família
10068,7111,TRABALHADORES DA EXTRAÇÃO DE MINERAIS SÓLIDOS,Família
10069,8281,TRABALHADORES DA FABRICAÇÃO DE CERÂMICA ESTRUTURAL PARA CONSTRUÇÃO,Família
10070,7662,TRABALHADORES DA IMPRESSÃO GRÁFICA,Família
10071,8411,TRABALHADORES DA INDÚSTRIA DE BENEFICIAMENTO DE GRÃOS; CEREAIS E AFINS,Família
10072,6430,TRABALHADORES DA IRRIGAÇÃO E DRENAGEM,Família
10073,6410,TRABALHADORES DA MECANIZAÇÃO AGRÍCOLA,Família
10074,6420,TRABALHADORES DA MECANIZAÇÃO FLORESTAL,Família
10075,7233,TRABALHADORES DA PINTURA DE EQUIPAMENTOS; VEÍCULOS; ESTRUTURAS METÁLICAS E DE COMPÓSITOS,
10076,7661,TRABALHADORES DA PRÉ-IMPRESSÃO GRÁFICA,Família
10077,7641,TRABALHADORES DA PREPARAÇÃO DA CONFECÇÃO DE CALÇADOS,Família
10078,7631,TRABALHADORES DA PREPARAÇÃO DA CONFECÇÃO DE ROUPAS,Família
10079,7651,TRABALHADORES DA PREPARAÇÃO DE ARTEFATOS DE TECIDOS; COUROS E TAPEÇARIA,Família
10080,7621,TRABALHADORES DA PREPARAÇÃO DO CURTIMENTO DE COUROS E PELES,Família
10081,7522,TRABALHADORES DA TRANSFORMAÇÃO DE VIDROS PLANOS,Família
10082,7643,TRABALHADORES DE ACABAMENTO DE CALÇADOS,Família
10083,7614,TRABALHADORES DE ACABAMENTO; TINGIMENTO E ESTAMPARIA DAS INDÚSTRIAS TÊXTEIS,Família
10084,6220,TRABALHADORES DE APOIO À AGRICULTURA,Família
10085,6314,TRABALHADORES DE APOIO À PESCA,Família
10086,7751,TRABALHADORES DE ARTE E DO ACABAMENTO EM MADEIRA DO MOBILIÁRIO,Família
10087,5153,TRABALHADORES DE ATENÇÃO; DEFESA E PROTEÇÃO A PESSOAS EM SITUAÇÃO DE RISCO E ADOLESCENTES,
10088,7121,TRABALHADORES DE BENEFICIAMENTO DE MINÉRIOS,Família
10089,7122,TRABALHADORES DE BENEFICIAMENTO DE PEDRAS ORNAMENTAIS,Família
10090,7244,TRABALHADORES DE CALDEIRARIA E SERRALHERIA,Família
10091,7832,TRABALHADORES DE CARGAS E DESCARGAS DE MERCADORIAS,Família
10092,715140,Trabalhadores de conservação de rodovias,Sinônimo
10093,7841,TRABALHADORES DE EMBALAGEM E DE ETIQUETAGEM,Família
10094,7152,TRABALHADORES DE ESTRUTURAS DE ALVENARIA,Família
10095,7221,TRABALHADORES DE FORJAMENTO DE METAIS,Família
10096,7222,TRABALHADORES DE FUNDIÇÃO DE METAIS PUROS E DE LIGAS METÁLICAS,Família
10097,7156,TRABALHADORES DE INSTALAÇÕES ELÉTRICAS,Família
10098,7664,TRABALHADORES DE LABORATÓRIO FOTOGRÁFICO E RADIOLÓGICO,Família
10099,7831,TRABALHADORES DE MANOBRAS DE TRANSPORTES SOBRE TRILHOS,Família
10100,9192,TRABALHADORES DE MANUTENÇÃO DE ROÇADEIRAS; MOTOSERRAS E SIMILARES,Família
10101,7223,TRABALHADORES DE MOLDAGEM DE METAIS E DE LIGAS METÁLICAS,Família
10102,7155,TRABALHADORES DE MONTAGEM DE ESTRUTURAS DE MADEIRA; METAL E COMPÓSITOS EM OBRAS CIVIS Família,
10103,5111,TRABALHADORES DE SEGURANÇA E ATENDIMENTO AOS USUÁRIOS NOS TRANSPORTES,Família
10104,5193,TRABALHADORES DE SERVIÇOS VETERINÁRIOS; DE HIGIENE E ESTÉTICA DE ANIMAIS DOMÉSTICOS    Família,
10105,7243,TRABALHADORES DE SOLDAGEM E CORTE DE LIGAS METÁLICAS,Família
10106,7681,TRABALHADORES DE TECELAGEM MANUAL; TRICÔ; CROCHÊ; RENDAS E AFINS,Família
10107,7242,TRABALHADORES DE TRAÇAGEM E MONTAGEM DE ESTRUTURAS METÁLICAS E DE COMPÓSITOS,Família
10108,7232,TRABALHADORES DE TRATAMENTO DE SUPERFÍCIES DE METAIS E DE COMPÓSITOS (TERMOQUÍMICOS)   Família,
10109,7721,TRABALHADORES DE TRATAMENTO E PREPARAÇÃO DA MADEIRA,Família
10110,7231,TRABALHADORES DE TRATAMENTO TÉRMICO DE METAIS,Família
10111,7224,TRABALHADORES DE TREFILAÇÃO E ESTIRAMENTO DE METAIS PUROS E LIGAS METÁLICAS,Família
10112,7654,TRABALHADORES DO ACABAMENTO DE ARTEFATOS DE TECIDOS E COUROS,Família
10113,7623,TRABALHADORES DO ACABAMENTO DE COUROS E PELES,Família
10114,7663,TRABALHADORES DO ACABAMENTO GRÁFICO,Família
10115,7622,TRABALHADORES DO CURTIMENTO DE COUROS E PELES,Família
10116,5121,TRABALHADORES DOS SERVIÇOS DOMÉSTICOS EM GERAL,Família
10117,5165,TRABALHADORES DOS SERVIÇOS FUNERÁRIOS,Família
10118,9921,TRABALHADORES ELEMENTARES DE SERVIÇOS DE MANUTENÇÃO VEICULAR,Família
10119,5151,TRABALHADORES EM SERVIÇOS DE PROMOÇÃO E APOIO À SAÚDE,Família
10120,6233,TRABALHADORES NA AVICULTURA E CUNICULTURA,Família
10121,6234,TRABALHADORES NA CRIAÇÃO DE INSETOS E ANIMAIS ÚTEIS,Família
10122,8484,TRABALHADORES NA DEGUSTAÇÃO E CLASSIFICAÇÃO DE GRÃOS E AFINS,Família
10123,8417,TRABALHADORES NA FABRICAÇÃO DE CACHAÇA; CERVEJA; VINHOS E OUTRAS BEBIDAS,Família
10124,8414,TRABALHADORES NA FABRICAÇÃO E CONSERVAÇÃO DE ALIMENTOS,Família
10125,8413,TRABALHADORES NA FABRICAÇÃO E REFINO DE AÇÚCAR,Família
10126,8416,TRABALHADORES NA INDUSTRIALIZAÇÃO DE CAFÉ; CACAU; MATE E DE PRODUTOS AFINS,Família
10127,7154,TRABALHADORES NA OPERAÇÃO DE MÁQUINAS DE CONCRETO USINADO,Família
10128,7151,TRABALHADORES NA OPERAÇÃO DE MÁQUINAS DE TERRAPLENAGEM E FUNDAÇÕES,Família
10129,8415,TRABALHADORES NA PASTEURIZAÇÃO DO LEITE E NA FABRICAÇÃO DE LATICÍNIOS E AFINS,Família
10130,6231,TRABALHADORES NA PECUÁRIA DE ANIMAIS DE GRANDE PORTE,Família
10131,6232,TRABALHADORES NA PECUÁRIA DE ANIMAIS DE MÉDIO PORTE,Família
10132,5134,TRABALHADORES NO ATENDIMENTO EM ESTABELECIMENTOS DE SERVIÇOS DE ALIMENTAÇÃO; BEBIDAS E Família,
10133,8412,TRABALHADORES NO BENEFICIAMENTO DO SAL,Família
10134,5143,TRABALHADORES NOS SERVIÇOS DE MANUTENÇÃO DE EDIFICAÇÕES,Família
10135,5141,TRABALHADORES NOS SERVIÇOS DE ADMINISTRAÇÃO DE EDIFÍCIOS,Família
10136,4152,TRABALHADORES NOS SERVIÇOS DE CLASSIFICAÇÃO E ENTREGAS DE CORRESPONDÊNCIAS; ENCOMENDAS,
10137,5142,TRABALHADORES NOS SERVIÇOS DE COLETA DE RESÍDUOS; DE LIMPEZA E CONSERVAÇÃO DE ÁREAS PÚBLICAS,
10138,5161,TRABALHADORES NOS SERVIÇOS DE EMBELEZAMENTO E HIGIENE,Família
10139,9922,TRABALHADORES OPERACIONAIS DE CONSERVAÇÃO DE VIAS PERMANENTES (EXCETO TRILHOS),Família
10140,7650,TRABALHADORES POLIVALENTES DA CONFECÇÃO DE ARTEFATOS DE TECIDOS E COUROS,Família
10141,7640,TRABALHADORES POLIVALENTES DA CONFECÇÃO DE CALÇADOS,Família
10142,7610,TRABALHADORES POLIVALENTES DAS INDÚSTRIAS TÊXTEIS,Família
10143,7620,TRABALHADORES POLIVALENTES DO CURTIMENTO DE COUROS E PELES,Família
10144,7817,TRABALHADORES SUBAQUÁTICOS,Família
10145,724410,Traçador de caldeiraria,Sinônimo
10146,724225,Traçador de estruturas metálicas,Sinônimo
10147,712230,Traçador de pedras,Ocupação
10148,752210,Traçador de vidros,Sinônimo
10149,261420,Tradutor,Ocupação
10150,261425,Tradutor de libras,Sinônimo
10151,261420,Tradutor de textos eletrônicos,Sinônimo
10152,261420,Tradutor de textos escritos,Sinônimo
10153,261420,Tradutor público juramentado,Sinônimo
10154,261410,Tradutor simultâneo,Sinônimo
10155,261425,Tradutor-intérprete de libras,Sinônimo
10156,768125,Trançador - na fabricação de chapéus de palha,Sinônimo
10157,724610,Trançador de cabos de aço,Ocupação
10158,768325,Trançador de couro,Sinônimo
10159,7246,TRANÇADORES E LACEIROS DE CABOS DE AÇO,Família
10160,752120,Transformador de tubos de vidro,Ocupação
10161,342105,Transitário de cargas,Sinônimo
10162,632125,Transportador de árvores,Sinônimo
10163,632125,Transportador de madeiras,Sinônimo
10164,376255,Trapezista,Ocupação
10165,623105,Tratador (asininos e muares),Sinônimo
10166,623125,Tratador (eqüinos),Sinônimo
10167,623020,Tratador - na pecuária,Sinônimo
10168,623020,Tratador de animais,Ocupação
10169,623020,Tratador de animais (jardim zoológico),Sinônimo
10170,623020,Tratador de animais - na pecuária,Sinônimo
10171,371110,Tratador de documentos (biblioteconomia),Sinônimo
10172,6230,TRATADORES POLIVALENTES DE ANIMAIS,Família
10173,641015,Tratorista operador de roçadeira,Sinônimo
10174,715145,Tratorista - exclusive na agropecuária,Sinônimo
10175,641015,Tratorista agrícola,Ocupação
10176,642015,Tratorista florestal,Sinônimo
10177,641015,Tratorista operador de semeadeira,Sinônimo
10178,225270,Traumatologista,Sinônimo
10179,751130,Trefilador (joalheria e ourivesaria),Ocupação
10180,722415,Trefilador à máquina,Sinônimo
10181,722415,Trefilador de barras de metal; à máquina,Sinônimo
10182,811775,Trefilador de borracha,Ocupação
10183,751130,Trefilador de metais preciosos; a máquina,Sinônimo
10184,722415,Trefilador de metais; à máquina,Ocupação
10185,623105,Treinador (asininos e muares),Sinônimo
10186,623125,Treinador (eqüinos),Sinônimo
10187,224125,Treinador assistente de modalidade esportiva,Sinônimo
10188,224125,Treinador auxiliar de modalidade esportiva,Sinônimo
10189,376225,Treinador de animais (circense),Sinônimo
10190,623005,Treinador de animais domésticos,Sinônimo
10191,224125,Treinador esportivo,Sinônimo
10192,224135,Treinador profissional de futebol,Ocupação
10193,761205,Triador de lã,Sinônimo
10194,519210,Triador de material reciclável,Sinônimo
10195,768115,Tricotador; à mão,Sinônimo
10196,768115,Tricoteiro; à mão,Ocupação
10197,762110,Trinchador,Sinônimo
10198,848525,Tripeiro em matadouro,Sinônimo
10199,612115,Triticultor,Sinônimo
10200,622120,Triticultor - conta própria,Sinônimo
10201,622120,Triticultor - empregador,Sinônimo
10202,511215,Trocador,Sinônimo
10203,782810,Tropeiro,Ocupação
10204,622605,Tropeiro - na cultura de cacau,Sinônimo
10205,261525,Trovador,Sinônimo
10206,914305,Truqueiro (ferrovias),Sinônimo
10207,841310,Turbineiro na refinação de açúcar,Sinônimo
10208,122520,Turismólogo,Ocupação
10209,113005,Tuxaua,Sinônimo
10210,263105,Upasaka,Sinônimo
10211,263105,Upasika,Sinônimo
10212,214130,Urbanista,Ocupação
10213,225285,Urologista,Sinônimo
10214,623020,Vacinador,Sinônimo
10215,519945,Vagalume,Sinônimo
10216,622020,Valeiro - na cultura,Sinônimo
10217,715120,Valeteiro - exclusive na agropecuária,Sinônimo
10218,762345,Vaqueador de couros e peles,Ocupação
10219,623110,Vaqueiro,Sinônimo
10220,623110,Vaqueiro (bovinos corte),Sinônimo
10221,623120,Vaqueiro (bubalinos),Sinônimo
10222,623110,Vaqueiro - na agropecuária - exclusive conta própria e empregador,Sinônimo
10223,623115,Vaqueiro inseminador,Sinônimo
10224,623110,Vaqueiro inseminador (bovinos corte),Sinônimo
10225,768120,Varandeira,Sinônimo
10226,514215,Varredor de rua,Ocupação
10227,992225,Varredor na conservação de vias permanentes (exceto trilhos),Sinônimo
10228,776430,Vassoureiro,Ocupação
10229,722230,Vazador de metais,Sinônimo
10230,823250,Vazador de vidro fundido,Sinônimo
10231,823250,Vazador de vidro fundido em moldes,Sinônimo
10232,262505,Vedete,Sinônimo
10233,524215,Vendedor permissionário,Ocupação
10234,521110,Vendedor - no comércio de mercadorias,Sinônimo
10235,524305,Vendedor ambulante,Ocupação
10236,421210,Vendedor de apostas de turfe,Sinônimo
10237,524305,Vendedor de cachorro quente,Sinônimo
10238,521110,Vendedor de comércio varejista,Ocupação
10239,524105,Vendedor de consórcio,Sinônimo
10240,354120,Vendedor de informações comerciais,Sinônimo
10241,524210,Vendedor de jornais e revistas,Sinônimo
10242,524105,Vendedor de livros,Sinônimo
10243,524310,Vendedor de pipocas ambulante,Sinônimo
10244,524105,Vendedor de plano de saúde,Sinônimo
10245,524105,Vendedor de serviços,Sinônimo
10246,521105,Vendedor em comércio atacadista,Ocupação
10247,524105,Vendedor em domicílio,Ocupação
10248,521110,Vendedor interno,Sinônimo
10249,524105,Vendedor orçamentista,Sinônimo
10250,524105,Vendedor por catálogos,Sinônimo
10251,524105,Vendedor porta a porta,Sinônimo
10252,354145,Vendedor pracista,Ocupação
10253,5243,VENDEDORES AMBULANTES,Família
10254,5242,VENDEDORES EM BANCAS; QUIOSQUES E BARRACAS,Família
10255,5241,VENDEDORES EM DOMICÍLIO,Família
10256,141410,Vendeiro (comércio varejista),Sinônimo
10257,376215,Ventríloquo,Sinônimo
10258,111120,Vereador,Ocupação
10259,223305,Veterinário,Sinônimo
10260,2233,VETERINÁRIOS E ZOOTECNISTAS,Família
10261,717025,Vibradorista,Ocupação
10262,010115,Vice-almirante,Sinônimo
10263,131310,Vice-diretor de centro de educação infantil público,Sinônimo
10264,131310,Vice-diretor de centro de ensino especial público,Sinônimo
10265,131310,Vice-diretor de centro de ensino fundamental público,Sinônimo
10266,131310,Vice-diretor de centro de ensino médio público,Sinônimo
10267,131310,Vice-diretor de centro de ensino médio; profissionalizante público,Sinônimo
10268,131310,Vice-diretor de centro de ensino supletivo público,Sinônimo
10269,131310,Vice-diretor de centro interescolar de línguas público,Sinônimo
10270,131310,Vice-diretor de escola de classe pública,Sinônimo
10271,131310,Vice-diretor de escola pública,Sinônimo
10272,131310,Vice-diretor de grupo escolar público,Sinônimo
10273,111240,Vice-governador de estado,Ocupação
10274,111245,Vice-governador do distrito federal,Ocupação
10275,111255,Vice-prefeito,Ocupação
10276,123305,Vice-presidente comercial,Sinônimo
10277,111210,Vice-presidente da república,Ocupação
10278,123310,Vice-presidente de marketing,Sinônimo
10279,123305,Vice-presidente de vendas,Sinônimo
10280,516805,Vidente,Sinônimo
10281,716305,Vidraceiro,Ocupação
10282,141410,Vidraceiro (comércio varejista),Sinônimo
10283,716310,Vidraceiro (edificações),Ocupação
10284,716305,Vidraceiro (painéis de vidro),Sinônimo
10285,716315,Vidraceiro (vitrais),Ocupação
10286,716305,Vidraceiro colocador de vidros,Sinônimo
10287,716310,Vidraceiro de clarabóias,Sinônimo
10288,141410,Vidraceiro de quadros e molduras (comércio varejista),Sinônimo
10289,7163,VIDRACEIROS (REVESTIMENTOS RÍGIDOS),Família
10290,752420,Vidrador-esmaltador em cerâmica,Sinônimo
10291,823215,Vidreiro,Sinônimo
10292,7524,VIDREIROS E CERAMISTAS (ARTE E DECORAÇÃO),Família
10293,263105,Vigário,Sinônimo
10294,517420,Vigia,Ocupação
10295,517320,Vigia florestal,Ocupação
10296,517420,Vigia noturno,Sinônimo
10297,517325,Vigia portuário,Ocupação
10298,517330,Vigilante,Ocupação
10299,517330,Vigilante bancário,Sinônimo
10300,517305,Vigilante de aeroporto,Sinônimo
10301,515120,Vigilante de saúde,Sinônimo
10302,5173,VIGILANTES E GUARDAS DE SEGURANÇA,Família
10303,776405,Vimeiro,Sinônimo
10304,841740,Vinagreiro,Ocupação
10305,841720,Vinhateiro,Sinônimo
10306,612515,Vinicultor,Sinônimo
10307,764115,Virador de calçados,Sinônimo
10308,724510,Virador de chapas,Sinônimo
10309,848525,Virador em matadouro,Sinônimo
10310,515105,Visitador de saúde,Sinônimo
10311,515105,Visitador de saúde em domicílio,Sinônimo
10312,515120,Visitador sanitário,Ocupação
10313,515120,Visitador sanitário domiciliar,Sinônimo
10314,951320,Vistoriador de alarmes,Sinônimo
10315,351725,Vistoriador de risco de auto,Sinônimo
10316,351730,Vistoriador de sinistros,Sinônimo
10317,215150,Vistoriador naval,Ocupação
10318,375115,Visual merchandiser,Ocupação
10319,612515,Viticultor,Sinônimo
10320,752420,Vitrificador,Sinônimo
10321,375110,Vitrinista,Sinônimo
10322,632015,Viveirista (mudas),Sinônimo
10323,622015,Viveirista agrícola,Sinônimo
10324,612420,Viveirista de flores e plantas ornamentais,Sinônimo
10325,632015,Viveirista florestal,Ocupação
10326,261415,Vocabularista,Sinônimo
10327,263105,Voduno ( ministro de culto religioso),Sinônimo
10328,263105,Vodunsi (ministro de culto religioso),Sinônimo
10329,263105,Vodunsi poncilê (ministro de culto religioso),Sinônimo
10330,622020,Volante na agricultura,Sinônimo
10331,841745,Xaropeiro,Ocupação
10332,841745,Xaropeiro - na indústria de bebidas,Sinônimo
10333,263105,Xeramõe (ministro de culto religioso),Sinônimo
10334,263105,Xondaria (ministro de culto religioso),Sinônimo
10335,263105,Xondáro (ministro de culto religioso),Sinônimo
10336,263105,Ywyrájá (ministro de culto religioso),Sinônimo
10337,377110,Zagueiro - jogador de futebol,Sinônimo
10338,514120,Zelador,Sinônimo
10339,514120,Zelador de edifício,Ocupação
10340,263110,Zenji (missionário),Sinônimo
10341,723235,Zincador,Sinônimo
10342,203010,Zoologista,Sinônimo
10343,203010,Zoólogo,Sinônimo
10344,223310,Zootecnista,Ocupação
